<?xml version='1.0' encoding='utf-8' standalone='yes' ?>
<map>
    <string name="client_static_keypair_pwd_enc">[2,&quot;9XrsXXBNmi6pEGSsKYYsr4V5Vsh2kzsNoGSeLPoYGnAr2KuC7wOM5\/aF68zGQErtBWO5Kjb0b1DnLO7S+YA\/Jg&quot;,&quot;xNKQrb4c0Dd50g2Shl5LmA&quot;,&quot;ymFWaA&quot;,&quot;Ptk\/vSjzPA5kgJtTR80JNg&quot;]</string>
    <long name="client_static_keypair_enc_success" value="8" />
    <boolean name="can_user_android_key_store" value="true" />
    <string name="client_static_keypair_enc">[0,&quot;P4dQFX55QocBCXhW5yoaoBjYY2wtfKj0Hw34zjjsW1cwAdSnsEaijhAhzZb2QyF47sa3i84PwQOyViyhbC8DbenPzD4S0SauiDqjc76MlKo&quot;,&quot;xHcAafVtgXZHfzzy&quot;]</string>
    <string name="server_static_public">qJWvSttNopqgQ2CgXYTc4jmSUKWd1Rv2QTMbQyYpKwY</string>
</map>
