<?xml version='1.0' encoding='utf-8' standalone='yes' ?>
<map>
    <long name="client_static_keypair_enc_success" value="93" />
    <string name="client_static_keypair_enc">[0,&quot;dQReosTsjrEV3faCfcKlbpAsgEKbo74zFdVnKRlIWPB\/XPe486olkWDO1VFHyV\/eaP7yAtN+CrTGAIUeYgC34Njt3liqicLWV+2\/VL9GDt4&quot;,&quot;4LXj8gIhcbgotSuW&quot;]</string>
    <string name="server_static_public">qJWvSttNopqgQ2CgXYTc4jmSUKWd1Rv2QTMbQyYpKwY</string>
    <boolean name="can_user_android_key_store" value="true" />
    <string name="client_static_keypair_pwd_enc">[2,&quot;Magk3I4v1kxMwdHZfHOzHRNixyI2iIoRXqEtwsxQ1XeaPunMmKIv5n71EEfpppRJ5ooWZqHijDByVRuxyirDVQ&quot;,&quot;5HDnfPEBSIgWv9aXZboIrQ&quot;,&quot;xbrvLA&quot;,&quot;Msrv6k48YAHBEUYy8a8ltg&quot;]</string>
</map>
