<?xml version='1.0' encoding='utf-8' standalone='yes' ?>
<map>
    <string name="client_static_keypair_pwd_enc">[2,&quot;Ln5M3o9yF1QRGlr9OZRpBrapSmld5Rm6bRVjFbJMdZdceYBeyXwvizztxLksMQHj1fl0NzMAEUmy\/FitRMRK+w&quot;,&quot;em+Y3SumPnSGPi1VFmIK3w&quot;,&quot;YJiu\/A&quot;,&quot;oHwSaWoI6\/hFTkclWl0rJg&quot;]</string>
    <long name="client_static_keypair_enc_success" value="99" />
    <boolean name="can_user_android_key_store" value="true" />
    <string name="client_static_keypair_enc">[0,&quot;s6fl9ks+wRSmXjAKtvThbD5aK\/72nsOaEn3UiGY0vz6h4viukI5YX6MlZzN3p0nmNSJfXv8K30QJFBHYi2\/SXD\/gdpxvmFNs9gy+\/6QvX2s&quot;,&quot;F\/Ov\/QhnuO++WDA9&quot;]</string>
    <string name="server_static_public">qJWvSttNopqgQ2CgXYTc4jmSUKWd1Rv2QTMbQyYpKwY</string>
</map>
