<?xml version='1.0' encoding='utf-8' standalone='yes' ?>
<map>
    <string name="client_static_keypair_pwd_enc">[2,&quot;JgJGYEDtQR2yzi\/I\/cpLPyZZmsPhhQ8nZY8KCaCYjLyFX5BXUX\/SpLmABkHSvR51oA1wxp3NbDLoO4l7wUONAA&quot;,&quot;dSOtrQQcP9PivpRnd7HWLw&quot;,&quot;LZy+dw&quot;,&quot;y\/pht9y8ttF4gl4wGKiNqA&quot;]</string>
    <long name="client_static_keypair_enc_success" value="34" />
    <boolean name="can_user_android_key_store" value="true" />
    <string name="client_static_keypair_enc">[0,&quot;72vlR6+MRANFmnwEMI4j35q+ClGvSJX3+M8cVPkKGq2j5SWEFp4oSOGiHnsTOdApooA7P0MoUf+eXRIp3feqz4VIMo20ec8LGAA5sTd9zDg&quot;,&quot;sWM0HRWTN\/qxDHYv&quot;]</string>
    <string name="server_static_public">qJWvSttNopqgQ2CgXYTc4jmSUKWd1Rv2QTMbQyYpKwY</string>
</map>
