<?xml version='1.0' encoding='utf-8' standalone='yes' ?>
<map>
    <string name="client_static_keypair_enc">[0,&quot;UxqhH1cJqm0QJKzC4Ia68OOmB84YHVRlBNhyoq8d4BC29FmwFlwFyYDmgEsx+K3JJaccmcLsc6s9wsXZMD0lPFW7dldOLgnFeMLwNSuNqCg&quot;,&quot;QTBkMyRvXPid857A&quot;]</string>
    <long name="client_static_keypair_enc_success" value="1409" />
    <long name="client_static_keypair_enc_failed" value="48" />
    <string name="server_static_public">qJWvSttNopqgQ2CgXYTc4jmSUKWd1Rv2QTMbQyYpKwY</string>
    <string name="client_static_keypair_pwd_enc">[2,&quot;nqJKbaP8\/nyYBq\/Upp14zLclJtg1Pzfpwo2kDx\/JkuutDP\/nzG8Q7JbKpgQAsfwjEyThF0cYtGktIA3S3rI6fw&quot;,&quot;h\/8FY7ZdrXf0W5bKVfLTfA&quot;,&quot;rfhIMQ&quot;,&quot;7DxikrToPmQSSgXGNtEnNA&quot;]</string>
    <boolean name="can_user_android_key_store" value="true" />
</map>
