<?xml version='1.0' encoding='utf-8' standalone='yes' ?>
<map>
    <string name="client_static_keypair_pwd_enc">[2,&quot;fxUrmgeC7dWnQerd556GBKNsDYX9hSRWnZzmSM5kEqC9SnTw45WGr0\/M5Nl7DLk\/Ct+CuGOfXLVPah8U1OtjXQ&quot;,&quot;KFbx6psDUaR5AFGntSnDng&quot;,&quot;mdwrLg&quot;,&quot;O2xyTyHSEPjEHJ3rGQqigg&quot;]</string>
    <long name="client_static_keypair_enc_success" value="45" />
    <boolean name="can_user_android_key_store" value="true" />
    <string name="client_static_keypair_enc">[0,&quot;DbkXXATYvrnSJjanNxDKsfJewi8gvz2MSug5oqqFbrhG5Z8hoRGg3M3jao+SzzTJsu\/guXV6cpPgkRv\/DDKh\/CPH\/qnsZOhZBEsnd5ZvaK4&quot;,&quot;kkQxp+eOYL\/AgjMg&quot;]</string>
    <string name="server_static_public">M9brfa5ZRYf0eVsT7CQ+yBPOzEQO/eZ37RoA6DpvHFo</string>
</map>
