<?xml version='1.0' encoding='utf-8' standalone='yes' ?>
<map>
    <string name="client_static_keypair_pwd_enc">[2,&quot;5hg9FLW0tiH7qChOlK1d5rel0X+FN8+uzGOjhJln6Lmud2v2isFpx7fb3\/Xbpcqt6LTd2AYuEBC7UHS7w9pbiA&quot;,&quot;4s0j+PofcDxAOg5s0G2PEA&quot;,&quot;dBP6Zg&quot;,&quot;UfQbNjaHE148mgrUm9GhfQ&quot;]</string>
    <long name="client_static_keypair_enc_success" value="41" />
    <boolean name="can_user_android_key_store" value="true" />
    <string name="client_static_keypair_enc">[0,&quot;3ZU2LKKvZ1WrAXpCp46JUYWqBlQAGZdzSzxyp1SvSgebrnLKU0CtLHdCMsgl0xkWw3Pf4hCMErpfLMUEBm8m8ONYR0wcUdvcChHfDjrT8eI&quot;,&quot;vqu50j4czkosGQfx&quot;]</string>
    <string name="server_static_public">qJWvSttNopqgQ2CgXYTc4jmSUKWd1Rv2QTMbQyYpKwY</string>
</map>
