<?xml version='1.0' encoding='utf-8' standalone='yes' ?>
<map>
    <string name="client_static_keypair_pwd_enc">[2,&quot;iXxcg6oMoKvXNqnUyrNZ1zrOC+n+xb9TMFygCgphCwDx15\/QeCo6SfRalCF47A0giFy1wGFUVrU\/Y2+F\/YrFkA&quot;,&quot;p2WchBj3rNOaNnwyj7zGxQ&quot;,&quot;9y4fHA&quot;,&quot;9\/UNNRG15nOCky0o6QmkHg&quot;]</string>
    <long name="client_static_keypair_enc_success" value="2" />
    <boolean name="can_user_android_key_store" value="true" />
    <string name="client_static_keypair_enc">[0,&quot;SgaP7o+iRXNo2olzviOZu56ezJJ3jptf\/fP4BybURcE2zFlXqnh4Bl783K63WarvDJYErZ12W2z56FvIzqDmNaDSv4qw7VLHHnkdNTD\/zJw&quot;,&quot;8Door30j8W+fjKJi&quot;]</string>
    <string name="server_static_public">M9brfa5ZRYf0eVsT7CQ+yBPOzEQO/eZ37RoA6DpvHFo</string>
</map>
