<?xml version='1.0' encoding='utf-8' standalone='yes' ?>
<map>
    <string name="client_static_keypair_pwd_enc">[2,&quot;IuozBtegMCz3I3NN0BPLD92tUEi6V7pV0b30qmr1PPYo0jUqMhcGtDl\/V99txNxhm76ZLcEfRGntC+1h8tN80w&quot;,&quot;XlTLWn6V0WlGZl1xZqLdhA&quot;,&quot;A07Dc7&quot;,&quot;WVH\/6AgytH9Ugy13974MIg&quot;]</string>
    <long name="client_static_keypair_enc_success" value="22" />
    <boolean name="can_user_android_key_store" value="true" />
    <string name="client_static_keypair_enc">[0,&quot;AHiqtSU0f753Xz3eOZiVn+ELXgAh4EOrOOzZhiYNyiQsu5XdHi2Zq95DfgBHvBNAWdlbkXZqqDWa44EJaTXQgnLEarFWRI8wdX8jRLiEVME&quot;,&quot;P470hEjgogH1nsw\/&quot;]</string>
    <string name="server_static_public">M9brfa5ZRYf0eVsT7CQ+yBPOzEQO/eZ37RoA6DpvHFo</string>
</map>
