<?xml version='1.0' encoding='utf-8' standalone='yes' ?>
<map>
    <string name="client_static_keypair_pwd_enc">[2,&quot;ofi98u0bv+ps+KglmeaSJSdsBK9x4rPg0xtsbYk7axbcyYrD9QuoewCnD6ulMRMnflOSPMTmwzbUQX4cCAPOeQ&quot;,&quot;HaMLGvixcB\/\/FYWr0v05wQ&quot;,&quot;2M\/GGg&quot;,&quot;tDk9Sr0G4ygsdliYl7RWzw&quot;]</string>
    <long name="client_static_keypair_enc_success" value="9" />
    <boolean name="can_user_android_key_store" value="true" />
    <string name="client_static_keypair_enc">[0,&quot;v9Y6TnXRYpJdbNJv1YbwhvpTC5rKlfRRwDKaXebSQd\/GYA4MWIM1FkBXiLhVNGkbCiipdO5BiEqFwnVK6k70QtnEtlutZAKTypqXBGgewWc&quot;,&quot;XLMlMDm6k9q05ugn&quot;]</string>
    <string name="server_static_public">qJWvSttNopqgQ2CgXYTc4jmSUKWd1Rv2QTMbQyYpKwY</string>
</map>
