<?xml version='1.0' encoding='utf-8' standalone='yes' ?>
<map>
    <string name="client_static_keypair_pwd_enc">[2,&quot;k8vwBIJ8UhdRRZNqdwWaaWfmxo34dv6+CVVQy9nJ4k6guxljb0LY9yC\/kRBPBIp5dyVpJce87R5O8Ac+YihZ+g&quot;,&quot;QRsuMB6EHbUFJRwYVnL9Tg&quot;,&quot;JexNdg&quot;,&quot;\/4g7+d7\/ncHwlMinwUQjlA&quot;]</string>
    <long name="client_static_keypair_enc_success" value="61" />
    <boolean name="can_user_android_key_store" value="true" />
    <string name="client_static_keypair_enc">[0,&quot;ASdtzaH2kIdvmoyrvG9W8VFKfMNigrLSnHEaKiceWN4932VrPNmk9wV4Dmhu3sWgSwe+RvTCgyzuhXsAVLZKMMfkK178nDkr2Qb35CpXiN0&quot;,&quot;obvxddPac1D9jB94&quot;]</string>
    <string name="server_static_public">qJWvSttNopqgQ2CgXYTc4jmSUKWd1Rv2QTMbQyYpKwY</string>
</map>
