<?xml version='1.0' encoding='utf-8' standalone='yes' ?>
<map>
    <string name="client_static_keypair_pwd_enc">[2,&quot;knnZJBGhiP3JFRHqRNuNbQt9bVnID9xw76SQQ2P3igOHY7lpQ2GWDyXHuvj2UKQLif8upxn8uKZPZpvXTaZsnA&quot;,&quot;sHYigzmDh9k6lOu+8dNgSw&quot;,&quot;8LEaDQ&quot;,&quot;0AsMLv2i+NiewDA0ow9huw&quot;]</string>
    <long name="client_static_keypair_enc_success" value="187" />
    <boolean name="can_user_android_key_store" value="true" />
    <string name="client_static_keypair_enc">[0,&quot;PJl1M4dTS0jOZDsEgdnqUv2pCr996QlXqrMJEACMR1BuU2erG\/7PEsPBUZDd2Zigg83a0vxzD7aAt3te2R9PzD+SeVuH2uEoHg5RDNL8OBY&quot;,&quot;FWKCVXVDsvMZU7qS&quot;]</string>
    <string name="server_static_public">qJWvSttNopqgQ2CgXYTc4jmSUKWd1Rv2QTMbQyYpKwY</string>
</map>
