<?xml version='1.0' encoding='utf-8' standalone='yes' ?>
<map>
    <string name="client_static_keypair_pwd_enc">[2,&quot;7yctd2NGZovmED2tjfkuIcDKxv+x9jyuf5TCaFZ5D5UlXgz1OryAo3xZDUVV3xcGeP27RX82v+z8rKiDEPSXDw&quot;,&quot;7w8Q70EOmpKXZSU0E2GM7w&quot;,&quot;+EihAw&quot;,&quot;GHgEcy2pl+03Q6urGCz6og&quot;]</string>
    <long name="client_static_keypair_enc_success" value="26" />
    <boolean name="can_user_android_key_store" value="true" />
    <string name="client_static_keypair_enc">[0,&quot;ApQCcci7Za6NgY9QhhHvSzuSgxc5\/JHVXwDa0hA1MnowwyY72pTwzftHy59qlKRj0J6l0UxebYgiwo0ysIuiPKtiChnXQIupNE6x6It\/Mxg&quot;,&quot;hzw6xbQSb7ULdl71&quot;]</string>
    <string name="server_static_public">M9brfa5ZRYf0eVsT7CQ+yBPOzEQO/eZ37RoA6DpvHFo</string>
</map>
