<?xml version='1.0' encoding='utf-8' standalone='yes' ?>
<map>
    <string name="client_static_keypair_pwd_enc">[2,&quot;tENqm87ItHALp9gK6fcJwH\/tuKGYsK6Kd2HbEpYMnbZySOH+uEuOm2puoBnpbPVpTZQOtWWpLvnUqX7ZIaIwxg&quot;,&quot;Z1coGkWIOOMAebY\/h2bRGA&quot;,&quot;+adpfg&quot;,&quot;JoREc8OdvuEvU3FYcip\/aw&quot;]</string>
    <long name="client_static_keypair_enc_success" value="58" />
    <boolean name="can_user_android_key_store" value="true" />
    <string name="client_static_keypair_enc">[0,&quot;0bpjQO\/RNzw46Bp7namuEPfBiWEeH+d8f8AxDe0m64LV1caOsTihNvktAxo6DRI0\/CFIFEkA1XL5iZOqFdBk+InU0K7gNaVnnLpGHr7J4EM&quot;,&quot;cPRELLDI9gqska9p&quot;]</string>
    <string name="server_static_public">M9brfa5ZRYf0eVsT7CQ+yBPOzEQO/eZ37RoA6DpvHFo</string>
</map>
