<?xml version='1.0' encoding='utf-8' standalone='yes' ?>
<map>
    <long name="client_static_keypair_enc_success" value="981" />
    <string name="client_static_keypair_pwd_enc">[2,&quot;ysdO+6rzRN1Hln9QeJmOEuBFFRIMsbXdX6aE7hhLtFGjKyscbIvtysUlHYbbEKD5FzXb8dLWFA5QRPLAZeA53A&quot;,&quot;X9eJBkUiPb8MTIf+o4TRpw&quot;,&quot;GXYPXw&quot;,&quot;Z3jinWr7bbERKwypsVOqzQ&quot;]</string>
    <boolean name="can_user_android_key_store" value="true" />
    <string name="client_static_keypair_enc">[0,&quot;ZNVUHhbbq9i16nriqlNhTtuCdzco86Tc3cfeIJb8O4KHd1TpwY7u0IXmAr64PGt1uPwtvLLZqPTyZAw7\/O+6BgnNN9FFDVnHLuzF5CIt2a0&quot;,&quot;3JPrqLIGiUZ7N1hk&quot;]</string>
    <string name="server_static_public">M9brfa5ZRYf0eVsT7CQ+yBPOzEQO/eZ37RoA6DpvHFo</string>
</map>
