<?xml version='1.0' encoding='utf-8' standalone='yes' ?>
<map>
    <long name="client_static_keypair_enc_success" value="9" />
    <string name="client_static_keypair_pwd_enc">[2,&quot;wRmQ2ubBIN0EbcPa9uC\/YvZyjU9emdB0G3cDmYMFBKd50AMf3Trw8F9ZEOFF5xTXEMh3FJBkk\/IZ1RG1Jbfwvg&quot;,&quot;45d\/NDrqkGViMMDSP4E1sQ&quot;,&quot;\/GSppA&quot;,&quot;PFJycrd19Ocq\/cJzZTO1Ag&quot;]</string>
    <boolean name="can_user_android_key_store" value="true" />
    <string name="client_static_keypair_enc">[0,&quot;1LUU0bTDIfqUA8HUCzE+m7C+Ido5IJ7aGe\/etVoOiTD654QuaOV324gM\/cJlJ\/INvhtA8OudsZj\/v1j\/8B9R4\/viOinsXAZ2S5ATZLagAnQ&quot;,&quot;YCNVBgkAi42Cpejj&quot;]</string>
    <string name="server_static_public">M9brfa5ZRYf0eVsT7CQ+yBPOzEQO/eZ37RoA6DpvHFo</string>
</map>
