<?xml version='1.0' encoding='utf-8' standalone='yes' ?>
<map>
    <long name="client_static_keypair_enc_success" value="183" />
    <string name="client_static_keypair_enc">[0,&quot;POG7dQhOsAd2ifVBW8CbvpnsPPLjyfxZ8wI5YgSNcA+++sGO9P0eMDfv3mt+a+18u6fYm\/qY+W1HrRplTn3yLkyLklvxjJPWLkck+4wZyBM&quot;,&quot;ScZXl+iDeItTbOJJ&quot;]</string>
    <string name="server_static_public">M9brfa5ZRYf0eVsT7CQ+yBPOzEQO/eZ37RoA6DpvHFo</string>
    <boolean name="can_user_android_key_store" value="true" />
    <string name="client_static_keypair_pwd_enc">[2,&quot;DntG3gufpDypoo2cC\/vgVzUI\/EAa03gtvZYMqUWoKVWiNNXs+U1Hfut19EMXupJncpPHgIjHUXtpvjdvpOO2+Q&quot;,&quot;rkuYLqzIGMpqoYf3bBMFIg&quot;,&quot;x34OXg&quot;,&quot;25AAbHHqP8b6m7hoAZMK9A&quot;]</string>
</map>
