<?xml version='1.0' encoding='utf-8' standalone='yes' ?>
<map>
    <string name="client_static_keypair_pwd_enc">[2,&quot;BJx\/cZxna7eeG\/lSmU2fhkGl3AZw1Jyw7+V1hx6Q7hTjdak\/SXWWXILfI1qvkrnrMGvAihWsPXsXXmyk9uXSug&quot;,&quot;7SxT8wTH2fLVQkC8MzjTCw&quot;,&quot;E2aULQ&quot;,&quot;uMxKOl8mwd8S\/+TpE0FcyQ&quot;]</string>
    <long name="client_static_keypair_enc_success" value="15" />
    <boolean name="can_user_android_key_store" value="true" />
    <string name="client_static_keypair_enc">[0,&quot;6NBOqNekG653pULjmMj2laRVmxQ7Qk5lRZ1KAt4eAf+ESZAW\/vfl+LlvUzfmDwCLgQj\/FTWd\/0m9JZfAO4uIRv5wkAcbdD85ULmxcBb\/gVo&quot;,&quot;G9aan\/HEyUf4DtZU&quot;]</string>
    <string name="server_static_public">qJWvSttNopqgQ2CgXYTc4jmSUKWd1Rv2QTMbQyYpKwY</string>
</map>
