<?xml version='1.0' encoding='utf-8' standalone='yes' ?>
<map>
    <string name="client_static_keypair_pwd_enc">[2,&quot;PY7E0GOmAnB3j8XnZG32uIIIedQLCJm5aWgRmeSHBuTgvN1f9p9rh1fB0y\/IqVnQhZsQ9b4zgMHOB\/Vea\/4UJQ&quot;,&quot;qBmZtHrl\/8Vary6Sn9Yk3g&quot;,&quot;SZGz\/w&quot;,&quot;me78rFvuKHFvgONfZoRCPw&quot;]</string>
    <long name="client_static_keypair_enc_success" value="24" />
    <boolean name="can_user_android_key_store" value="true" />
    <string name="client_static_keypair_enc">[0,&quot;XZHBck6rqSUEbAyUYWTzIhf2JtM8xCYMOjMRFF5GvlN5NZwda2W8PGAW3fdFDUU9xJfTCRnU8f47hPNxBU51eydV2uhbxjwGQ9IYRwM9thw&quot;,&quot;h1HwfbIIQbDgHcqD&quot;]</string>
    <string name="server_static_public">M9brfa5ZRYf0eVsT7CQ+yBPOzEQO/eZ37RoA6DpvHFo</string>
</map>
