<?xml version='1.0' encoding='utf-8' standalone='yes' ?>
<map>
    <string name="client_static_keypair_pwd_enc">[2,&quot;xV3J+JVP6kQwMw+TEjcFIDmHyna3CHSSVP9IGR1LRcO18976l\/VZ6D\/9VUX5KCOX9TyG75IpEOqRUH\/31siBGA&quot;,&quot;cobNIqLVBci07i8YaVl97w&quot;,&quot;x4QhEA&quot;,&quot;YpzY7v5ws6XlYxb0zrVSTw&quot;]</string>
    <long name="client_static_keypair_enc_success" value="31" />
    <boolean name="can_user_android_key_store" value="true" />
    <string name="client_static_keypair_enc">[0,&quot;r1PiHfxFuUzDzVC4Kl\/Sd6sPa0pdddxvqSVya3UVGQU3wA3EZDh2XDSOl7azHg1xoaIiQZC1b4APsiyvoMntSecM473YZl4vvn9pBUT+cik&quot;,&quot;P8psFDu4kzbQJmGI&quot;]</string>
    <string name="server_static_public">qJWvSttNopqgQ2CgXYTc4jmSUKWd1Rv2QTMbQyYpKwY</string>
</map>
