<?xml version='1.0' encoding='utf-8' standalone='yes' ?>
<map>
    <long name="client_static_keypair_enc_success" value="15" />
    <string name="client_static_keypair_enc">[0,&quot;shk2LgTuPtmGSi94ioNc9yIU2vvqlItkU51Nk95pAsArtcZB30wJVck4sZdyf0gMm9p6GpEK5jHXhEJs97mY6nxI9ptbOTcxWXsz0S72h0k&quot;,&quot;nqOXVZw\/9m7zfoYm&quot;]</string>
    <string name="server_static_public">M9brfa5ZRYf0eVsT7CQ+yBPOzEQO/eZ37RoA6DpvHFo</string>
    <string name="client_static_keypair_pwd_enc">[2,&quot;sFuGPdhZg937ujG1rzlaIum4AfFMEPcjJxDfVHqchOm2zupnzALb\/hypzyYGJGSjqE9Bx7lTFzUNe5vXOqj5vw&quot;,&quot;nXAvl2p4DP7rhh4HC3NXOw&quot;,&quot;yZh6SQ&quot;,&quot;Ylh9+W+G2dPceZGxWT2ClA&quot;]</string>
    <boolean name="can_user_android_key_store" value="true" />
</map>
