<?xml version='1.0' encoding='utf-8' standalone='yes' ?>
<map>
    <string name="client_static_keypair_pwd_enc">[2,&quot;lkTr1peWkhh2zqODe6QSlZLjUoaTNNy8XE8QIjbTS0nVLstWJB9YABP67qZF+iryRffW3BcfeLPArMinPTPF5Q&quot;,&quot;ibLjTAMcNrSNXK8kPu94NA&quot;,&quot;jH9VMA&quot;,&quot;FLlJLGjtKVAMReZuirxW9g&quot;]</string>
    <long name="client_static_keypair_enc_success" value="28" />
    <boolean name="can_user_android_key_store" value="true" />
    <string name="client_static_keypair_enc">[0,&quot;Lxqrq\/ThfT2IJD02BoMR9KDiYXPlYOu4a2ze1XSlSdG0eQX5qZ+IGFvFG+Cy2TquVhEvPvTUhV1uPw3kBcsyD+X6mvaLP8\/GYm+oLKOQWmY&quot;,&quot;KABeVdMAJOHnmfbf&quot;]</string>
    <string name="server_static_public">M9brfa5ZRYf0eVsT7CQ+yBPOzEQO/eZ37RoA6DpvHFo</string>
</map>
