<?xml version='1.0' encoding='utf-8' standalone='yes' ?>
<map>
    <string name="client_static_keypair_pwd_enc">[2,&quot;6qJ+c9IQukK\/UKDcUFLFQKLzd3o57GmSXJrNbG\/IPl5dky4TnK0629JI5OhSH3Rin48QlsEGqh20YP6AafhxSg&quot;,&quot;qC4Sjgzuqx1Wmv3XVa42vA&quot;,&quot;E2BdGA&quot;,&quot;3H8ZVrQWvckS9LZeQzjTFQ&quot;]</string>
    <long name="client_static_keypair_enc_success" value="39" />
    <boolean name="can_user_android_key_store" value="true" />
    <string name="client_static_keypair_enc">[0,&quot;6uSpIx6a0+8nI2q3\/BR1JvQ2GgRPkP29eyrFYOVpJNYTZ\/JAlyP+agHF3\/UQiMlmKoNyRGr77wqWRdgE2IrV9h6hBFtdwWZopfPG2Xcxbkg&quot;,&quot;mQ6Xma\/poL3tMzmT&quot;]</string>
    <string name="server_static_public">M9brfa5ZRYf0eVsT7CQ+yBPOzEQO/eZ37RoA6DpvHFo</string>
</map>
