<?xml version='1.0' encoding='utf-8' standalone='yes' ?>
<map>
    <long name="client_static_keypair_enc_success" value="27" />
    <string name="client_static_keypair_pwd_enc">[2,&quot;6LJSAvz\/7giNCoGbPB2Wzh4F5HuSsnXspe+pLAgu+ex\/FtODobq0Zi4cosq4gxDhYmo7wMCjGB6OkVsmB\/xb4A&quot;,&quot;A8duo5pTxZ6Ni9jDsTbODQ&quot;,&quot;mo\/HFA&quot;,&quot;fnIbIHfUizjcpsSgJzrkYQ&quot;]</string>
    <boolean name="can_user_android_key_store" value="true" />
    <string name="client_static_keypair_enc">[0,&quot;lszrGqgivTgdGib4eOAQ1QR8Bq7kq4ytmXLsTkGemuelR89MdSA8bseHq4EKfMSamlLJX\/c5IRPUJ3qiRH8ewtwVnDE4p179Oe8OWxb+Xdc&quot;,&quot;B3+viHC\/9CWe7NkT&quot;]</string>
    <string name="server_static_public">M9brfa5ZRYf0eVsT7CQ+yBPOzEQO/eZ37RoA6DpvHFo</string>
</map>
