<?xml version='1.0' encoding='utf-8' standalone='yes' ?>
<map>
    <string name="server_static_public">M9brfa5ZRYf0eVsT7CQ+yBPOzEQO/eZ37RoA6DpvHFo</string>
    <string name="client_static_keypair_enc">[0,&quot;KoXCfbsSvl8oaUwiGUdK4DRT9Cl5Z2\/m+yGVLWCB81FfL+Ui\/43bXYEL7xoLLVl5xZEcR41z04hb1L+S84hH2QVmRv2+VtyFHsWCgKAjKpQ&quot;,&quot;k8W24UgL1Tvqp2z2&quot;]</string>
    <long name="client_static_keypair_enc_success" value="2393" />
    <boolean name="can_user_android_key_store" value="true" />
    <string name="client_static_keypair_pwd_enc">[2,&quot;ajBa8x2Ni4EydbkJhtagP746vD9lnlDWY05tWyhu+HVYFGDP9c0pEOnIyczPmxp\/0\/nhBFaa1Yg9mR57n+rxow&quot;,&quot;APHpJk1LuPmhu9TCf1n\/5A&quot;,&quot;340i9A&quot;,&quot;+FJBcwbgSdhSnMYetjgdWQ&quot;]</string>
</map>
