<?xml version='1.0' encoding='utf-8' standalone='yes' ?>
<map>
    <string name="client_static_keypair_pwd_enc">[2,&quot;qQ8gsmIVtsdeEjjN0FsxWTNwBKTVtoUnVUDDmTFaI5xYHJJEXh6K8i7cA5kXAgKUv\/98R\/InZLppqzYi\/cNWCQ&quot;,&quot;Guq5XDYYiH\/h46kFSn3+lg&quot;,&quot;jNM2EA&quot;,&quot;YHL98ZmA2KoN2BNzB7fkbg&quot;]</string>
    <long name="client_static_keypair_enc_success" value="14" />
    <boolean name="can_user_android_key_store" value="true" />
    <string name="client_static_keypair_enc">[0,&quot;zFEuGhqDgPHVpFFw\/rx7TsYnaIecKc\/R1MYh2ubwfuITXJJ0HJyqklXueIaBKM1mWU8DgXaL\/bKxs3we5HUJEa1xzEt3QvN0TEMNBF0P2jQ&quot;,&quot;X2AAclZ\/cPjdjgSw&quot;]</string>
    <string name="server_static_public">qJWvSttNopqgQ2CgXYTc4jmSUKWd1Rv2QTMbQyYpKwY</string>
</map>
