<?xml version='1.0' encoding='utf-8' standalone='yes' ?>
<map>
    <string name="server_static_public">qJWvSttNopqgQ2CgXYTc4jmSUKWd1Rv2QTMbQyYpKwY</string>
    <string name="client_static_keypair_enc">[0,&quot;gEzwUOhXbXigz89oLtaO1+T7gTvUb\/o+rgmWk3W6XdvZ1Ka26wgS3Q6oPeuPSrIMdvhJB0PKIOncUQvZOIiwFXlDg7uvmnXZKnmsNL6K\/h0&quot;,&quot;l1t8s8uVYC7+VFTB&quot;]</string>
    <long name="client_static_keypair_enc_success" value="222" />
    <boolean name="can_user_android_key_store" value="true" />
    <string name="client_static_keypair_pwd_enc">[2,&quot;sQ7ohm\/BTYGQJODFA\/FFt2JHqjsJ\/iIwpn8kMoXHf8qvNSJRHb0VMaOsue7NHeOodwG4CuVpBp8txPgTq5dsUA&quot;,&quot;R3ILIUjsKoWP\/zKt8W52lA&quot;,&quot;FZWeKA&quot;,&quot;MNan76paYCDF1AZzcUwJWQ&quot;]</string>
</map>
