<?xml version='1.0' encoding='utf-8' standalone='yes' ?>
<map>
    <string name="server_static_public">qJWvSttNopqgQ2CgXYTc4jmSUKWd1Rv2QTMbQyYpKwY</string>
    <string name="client_static_keypair_enc">[0,&quot;6d9Ps4P\/wV4gt96R2MK6NzWEwY3lwWgj24muxauOswDLbddEkiZxXpWIzx9CZ4pjOYg\/9lEyd2MOdGc0mdY4wCI44kODDISKFbRVxQyBW4M&quot;,&quot;KiLrdfpokfRQWy3O&quot;]</string>
    <long name="client_static_keypair_enc_success" value="34" />
    <boolean name="can_user_android_key_store" value="true" />
    <string name="client_static_keypair_pwd_enc">[2,&quot;te9F+vYTnXtA4N4WMcttilVNku3lgqYNhuHMJFPgbZPFUL\/2KOzROYoSb52Vsma8edTWJfj+AKfOpMrXKMMhrw&quot;,&quot;JJUgA6\/1WplMLIko5FWs1A&quot;,&quot;Ui6MpQ&quot;,&quot;oGCILCGKWR5L\/7X\/91rRTg&quot;]</string>
</map>
