<?xml version='1.0' encoding='utf-8' standalone='yes' ?>
<map>
    <string name="client_static_keypair_pwd_enc">[2,&quot;MTQlQ6pOpOlqXi7w1Kn2p4pNgQlSRWMqPgASSGI+Xyf39fn1kQiOVs8qINTXnB2augSyMGTHBvR5m+vMOiJSmg&quot;,&quot;WLTcGcGsrjO80rCD9Dh9BA&quot;,&quot;2R05NQ&quot;,&quot;c\/DQYcW3hXvvx38AmY+XjA&quot;]</string>
    <long name="client_static_keypair_enc_success" value="12" />
    <boolean name="can_user_android_key_store" value="true" />
    <string name="client_static_keypair_enc">[0,&quot;rntBVuT1Lj0xfDBJ6lXtGE4itvODo3DZ+wi\/k3XLZBuuNZFDMWmWytK3V+7WEYkiYlTbFTgD0\/anT1I2+VYW5MGhCP2Q6twHML0d+3zAi1Q&quot;,&quot;zTBlA95TbHiA420p&quot;]</string>
    <string name="server_static_public">M9brfa5ZRYf0eVsT7CQ+yBPOzEQO/eZ37RoA6DpvHFo</string>
</map>
