<?xml version='1.0' encoding='utf-8' standalone='yes' ?>
<map>
    <string name="client_static_keypair_pwd_enc">[2,&quot;w8MQ+JZ1vUeVpXcg9aWAXdZMboETLDgnOulNiQNWZxbfJkC9zpIlch+wKfUPj7rvZtVNGxIkvuUKn8720LcKPQ&quot;,&quot;I6QoVxrwzdzxswL2YUR+EQ&quot;,&quot;8lEV2g&quot;,&quot;vuhqmdTzhgzIEhrEi\/8U0w&quot;]</string>
    <long name="client_static_keypair_enc_success" value="11" />
    <boolean name="can_user_android_key_store" value="true" />
    <string name="client_static_keypair_enc">[0,&quot;nfdh\/LjKbkSTzaF84rx6DEnk\/fu9CVsQzFPdUQqcZ++mIN2FlSOWQRKwjPS+jvkKoo9I79ifL7kpbqO+uwVVEWhCqrysJfzchc9jJrUVgfI&quot;,&quot;8WiuQhSCPdg1v+nR&quot;]</string>
    <string name="server_static_public">qJWvSttNopqgQ2CgXYTc4jmSUKWd1Rv2QTMbQyYpKwY</string>
</map>
