<?xml version='1.0' encoding='utf-8' standalone='yes' ?>
<map>
    <string name="client_static_keypair_pwd_enc">[2,&quot;lhxg30YaJHFGlksxI9TIVKMb\/JwI+YKH0nOHnTjkPR31N6LJtKpXFCeOCyAJvEqg57q0r8CRz17feOqyl5OWIA&quot;,&quot;oqSd9h8Yip8tCf35mGop9w&quot;,&quot;Cxmekw&quot;,&quot;FESn+9GjPsgGjl+UBRdH9Q&quot;]</string>
    <long name="client_static_keypair_enc_success" value="3" />
    <boolean name="can_user_android_key_store" value="true" />
    <string name="client_static_keypair_enc">[0,&quot;lgCCQd6k4n5qicedgLDCqgan9iPDF6QPgFnulZeZrwaHzSWzF8HRx0Gbb5ZDD+oUm+qi1N0\/Rl5K3S66oMd1ePrcFVnTiwcnYlxsqnFox68&quot;,&quot;9RgEFToTtQGRO4Jy&quot;]</string>
    <string name="server_static_public">qJWvSttNopqgQ2CgXYTc4jmSUKWd1Rv2QTMbQyYpKwY</string>
</map>
