<?xml version='1.0' encoding='utf-8' standalone='yes' ?>
<map>
    <string name="client_static_keypair_pwd_enc">[2,&quot;DnquvtyP2l3rb9upSqfjjXxr6hFqDLmT+Mw7BK5bi14\/XLw28RaOT30DZrN4bHh0zNcLYNH6sHEE3FpW2rYdZg&quot;,&quot;+OPtEplIVdGxL46ZXd9ozw&quot;,&quot;SbnuGA&quot;,&quot;Vuy1XSbk8QIGyyatM3O1PA&quot;]</string>
    <long name="client_static_keypair_enc_success" value="25" />
    <boolean name="can_user_android_key_store" value="true" />
    <string name="client_static_keypair_enc">[0,&quot;wzreqGHha77BBfGEpNr+Ajx0wm1dy6YjVPBLt9vRrrTT+7dT54TDND0kEJ+6hGAt+OIr41C1PufzVzXHLONUTa8Xq+IxP92gxAJBu5AOsaU&quot;,&quot;9BxsfsC4z13zaX3G&quot;]</string>
    <string name="server_static_public">qJWvSttNopqgQ2CgXYTc4jmSUKWd1Rv2QTMbQyYpKwY</string>
</map>
