<?xml version='1.0' encoding='utf-8' standalone='yes' ?>
<map>
    <string name="server_static_public">M9brfa5ZRYf0eVsT7CQ+yBPOzEQO/eZ37RoA6DpvHFo</string>
    <string name="client_static_keypair_enc">[0,&quot;MKoIvKsnCzIoZKPrY3wbvXAD6DEyTPRsnNSzpIwrCzsL\/nJEdLxMFbYuwfahYR+DDX037Gs4aei5OpOI7kt+xV1oif\/DWNQvnV4DofABI8M&quot;,&quot;za1Sd6YfkCkp8Dg+&quot;]</string>
    <long name="client_static_keypair_enc_success" value="2" />
    <boolean name="can_user_android_key_store" value="true" />
    <string name="client_static_keypair_pwd_enc">[2,&quot;lsmNJl\/EUYF0D3aKcTOed\/MeyprREdqcV7Iu1j7ZD4Sm7lCHPKgQrD6HoMSnEjGozhgjRVhp0QMxGhNxKObC+g&quot;,&quot;6yB9VgSVFQsu8mMeVcAlGQ&quot;,&quot;6R2vVg&quot;,&quot;+qlJaYKBSqCOCU+3PEIgnQ&quot;]</string>
</map>
