<?xml version='1.0' encoding='utf-8' standalone='yes' ?>
<map>
    <string name="client_static_keypair_pwd_enc">[2,&quot;pKWlVeIFj5oeVxO4jguOLJ1IwL7hDXfiWROEMJWiBDCNvlQP64S0+R4s+T03BywL8N1g7whMsF\/F2STedkNkhw&quot;,&quot;f6COcLpNEpyIq+ZcnW\/QJQ&quot;,&quot;iu6iFA&quot;,&quot;yY5FVPuiCAx+Gvd+V8d3Dw&quot;]</string>
    <long name="client_static_keypair_enc_success" value="9" />
    <boolean name="can_user_android_key_store" value="true" />
    <string name="client_static_keypair_enc">[0,&quot;297u2+1yKyogQAa8qViK0HYZ0B2iPlUhXSh0pvHoOv7adwS5ATgW0oOm4g5pfr2rxMCEOobhJr23oGcW6XvhGZXpu+G5NZmL\/r7IUund6NQ&quot;,&quot;ZakG1engkAE8VQkj&quot;]</string>
    <string name="server_static_public">qJWvSttNopqgQ2CgXYTc4jmSUKWd1Rv2QTMbQyYpKwY</string>
</map>
