<?xml version='1.0' encoding='utf-8' standalone='yes' ?>
<map>
    <string name="client_static_keypair_pwd_enc">[2,&quot;dDC3J2qWW4NOhiuRB26u1m\/Mw1ZnL3SL\/v711Dpis5A9eQ6NINyAE6pWvM2anoH+65wA7KtbguUFuymEoL5akw&quot;,&quot;61DA605Jvr4wO\/3wvMDeeA&quot;,&quot;WF7IUg&quot;,&quot;6UkV++8WnOo81tdvtCOxiQ&quot;]</string>
    <long name="client_static_keypair_enc_success" value="71" />
    <boolean name="can_user_android_key_store" value="true" />
    <string name="client_static_keypair_enc">[0,&quot;bhRbBzYt4ylUGxWvNBH4Qw8QyP1NYbiDw1y83cvwKl7G8iqf0zVu9bfssN+T8ahxyWIGdsslnYUybZnXCqoQRiV4zaJDYgfA\/AkchoUbT88&quot;,&quot;wE3mdFw3nOIzgzoD&quot;]</string>
    <string name="server_static_public">qJWvSttNopqgQ2CgXYTc4jmSUKWd1Rv2QTMbQyYpKwY</string>
</map>
