<?xml version='1.0' encoding='utf-8' standalone='yes' ?>
<map>
    <long name="client_static_keypair_enc_success" value="38" />
    <string name="client_static_keypair_pwd_enc">[2,&quot;MZg2JLfuFvfjg56iCAHkippBxEEmmqp3cLLnAbwey2D2UVW1RaUVgxN7AEa9VrgOqB9Y2Y+0QIflCblt6jeQCQ&quot;,&quot;9jNfWBzNdziLochH57ewjw&quot;,&quot;AIrsFQ&quot;,&quot;mkcX9dtlwGbsXEzhaR4UzA&quot;]</string>
    <boolean name="can_user_android_key_store" value="true" />
    <string name="client_static_keypair_enc">[0,&quot;0feceAMPz6XaGjTsn75tPojhacNn36yJ3qjbmJc7hFsgNU97mI4QLyL7vwKcjj2YqrsyuiHLmXiNrzfwzEfGCbvDWgWUi7HbMhsmvNzTmjM&quot;,&quot;P7As\/31u4lgXScXi&quot;]</string>
    <string name="server_static_public">qJWvSttNopqgQ2CgXYTc4jmSUKWd1Rv2QTMbQyYpKwY</string>
</map>
