<?xml version='1.0' encoding='utf-8' standalone='yes' ?>
<map>
    <string name="client_static_keypair_pwd_enc">[2,&quot;pandTC2OMzORGpioMa96zAqVWZVni8T3+I4DVwTiFeOPgM\/nPFvTZlidJTc5HNWgZ1T5Sk6pYWmJqxt+pj4CmA&quot;,&quot;l0AhoUdDgTGCOwb76e\/64g&quot;,&quot;YkGrEA&quot;,&quot;wEtEXdptHrjYxHNV07CblQ&quot;]</string>
    <long name="client_static_keypair_enc_success" value="378" />
    <boolean name="can_user_android_key_store" value="true" />
    <string name="client_static_keypair_enc">[0,&quot;Cdg7rjZANKfZLPAXD0KtfMha0+6WhDuuG1C+CdAuUTUfzuijPLdL6melULToUwnPUEbX+c5WghWkjVTPvy5pu93Uj7fomUQyDJKa5wGmtvc&quot;,&quot;+xx2izcBFmShWWxX&quot;]</string>
    <string name="server_static_public">qJWvSttNopqgQ2CgXYTc4jmSUKWd1Rv2QTMbQyYpKwY</string>
</map>
