<?xml version='1.0' encoding='utf-8' standalone='yes' ?>
<map>
    <string name="client_static_keypair_pwd_enc">[2,&quot;MM2OWT85qJWXxrbm0cBPhcUbu1NdMYfAzmFk83utyFrIS6xwD4IgQOImGJR4uEZxjNloPBqHrF9xCvCv1+Iw8Q&quot;,&quot;XNRME4jncp7sbT+6jUODqQ&quot;,&quot;RGIk6g&quot;,&quot;1seiM5+Ukrc\/d\/e2XhunMA&quot;]</string>
    <long name="client_static_keypair_enc_success" value="101" />
    <boolean name="can_user_android_key_store" value="true" />
    <string name="client_static_keypair_enc">[0,&quot;eLGtwdzVdjeYn8sBWqCRdf2InrPvbwM2dJ6kEQmDBfZhCpxhYDhpYKfHP7rT0Njll6w+LVlF4CXOBwqZKQW+8tAH91rFFNeTbbueqQCTZL4&quot;,&quot;ZWDSd99ChWNR9oeu&quot;]</string>
    <string name="server_static_public">M9brfa5ZRYf0eVsT7CQ+yBPOzEQO/eZ37RoA6DpvHFo</string>
</map>
