<?xml version='1.0' encoding='utf-8' standalone='yes' ?>
<map>
    <string name="client_static_keypair_pwd_enc">[2,&quot;uDSxkB5V4hoy6SCP1Y\/\/wf\/3FjhlYDDoZp1sEqLXdb9T+k3Bw9w9UuycMz36Pl6a18++5JYe4tZT05h9wojZoQ&quot;,&quot;QZ3p92e7K9z903ennJuCLg&quot;,&quot;+pv\/8w&quot;,&quot;0if6bbHCWabd\/WWvhY0xYw&quot;]</string>
    <long name="client_static_keypair_enc_success" value="172" />
    <boolean name="can_user_android_key_store" value="true" />
    <string name="client_static_keypair_enc">[0,&quot;ss00DebQQIQbUJ1q0d+gPydZSjz\/yNLaCicUnQUMfLzWIsrGLJ2UU9k5dcCJU4Zx5l8O8Mv8WDX4l1JHz+NrYsuxJPSjOj4GVeurVLjGSmU&quot;,&quot;g3\/1GZXyOVk5\/FH0&quot;]</string>
    <string name="server_static_public">qJWvSttNopqgQ2CgXYTc4jmSUKWd1Rv2QTMbQyYpKwY</string>
</map>
