<?xml version='1.0' encoding='utf-8' standalone='yes' ?>
<map>
    <string name="client_static_keypair_pwd_enc">[2,&quot;gn8u54daoDI2rGfNjI+vbTU0fnml8O\/Edygy+f5U1esQ+Z+YXNI1Ibbkxipqa0L4chpgx\/uHmn1MX45M7y8gbQ&quot;,&quot;RgJcc13lmaqw2d2F5\/D9HA&quot;,&quot;vgX8ww&quot;,&quot;HXwXhj\/B2fb7zGM1AF03JQ&quot;]</string>
    <long name="client_static_keypair_enc_success" value="15" />
    <boolean name="can_user_android_key_store" value="true" />
    <string name="client_static_keypair_enc">[0,&quot;TR0\/AXA2wnmVRSw\/AvN1D\/fokO0urKssGKAE5GHv5TUct5mxVyskLtjh4vq3F1cVwCdazICO\/MMc2MDwkq7xcvrO3tYdIIJkPdhVFSegu3Y&quot;,&quot;9iu7tU6UnXP5bj5E&quot;]</string>
    <string name="server_static_public">qJWvSttNopqgQ2CgXYTc4jmSUKWd1Rv2QTMbQyYpKwY</string>
</map>
