<?xml version='1.0' encoding='utf-8' standalone='yes' ?>
<map>
    <string name="client_static_keypair_pwd_enc">[2,&quot;\/f1OVido9ZybOQXR0hbx826bItEJx\/W6s42uIZeP4KPkC9Xk3WfE8xY022kCWKeN8V1tDVd6MQ9Ku3y0Bic+zA&quot;,&quot;oWo3bGrkmGfX2NOd+8PlKw&quot;,&quot;Rnthpg&quot;,&quot;MwlTF1XqjKh64h1J8Ic1aw&quot;]</string>
    <long name="client_static_keypair_enc_success" value="28" />
    <boolean name="can_user_android_key_store" value="true" />
    <string name="client_static_keypair_enc">[0,&quot;+6iYCx0VpkaH8tEgRmNPhvd2jQqTpiDgXpry3I5XL7zLcYQlX3WSLjAWeKJTDkS4lHMkScjCsT7LMxniK6SQXMbkwHc0AHt9SfUwJTOZmpQ&quot;,&quot;G7L+WlQQ2ulEx\/Iq&quot;]</string>
    <string name="server_static_public">qJWvSttNopqgQ2CgXYTc4jmSUKWd1Rv2QTMbQyYpKwY</string>
</map>
