<?xml version='1.0' encoding='utf-8' standalone='yes' ?>
<map>
    <string name="client_static_keypair_pwd_enc">[2,&quot;26xL9gi1zJyM4zFnonymanXC0CvUIKxsHplQ4KpdDg0CxXYhMRLHc4Af6ztmrWje+25VYI9JCNYT768lhXC7Rg&quot;,&quot;lnWon1Wf09UfRQl2mV32Kg&quot;,&quot;71\/QSw&quot;,&quot;osjQTakFKFdrSAdZk1z98Q&quot;]</string>
    <long name="client_static_keypair_enc_success" value="2" />
    <boolean name="can_user_android_key_store" value="true" />
    <string name="client_static_keypair_enc">[0,&quot;ATGHKh5NPLeg3K6LZ1uk1mg43yEtbYTS4HLksqjnqxcR1KF9SWLrjb3FK7N2Hyv5Ly7C9jJOSvD+50s5yRYa6WHGjCv6JVhsXbPH0O42E+M&quot;,&quot;YqE4DT7F\/cz+mDGY&quot;]</string>
    <string name="server_static_public">qJWvSttNopqgQ2CgXYTc4jmSUKWd1Rv2QTMbQyYpKwY</string>
</map>
