<?xml version='1.0' encoding='utf-8' standalone='yes' ?>
<map>
    <string name="client_static_keypair_pwd_enc">[2,&quot;pqxlAOxGHZtg9RGQViKrVl5I4L0rmivyiKKtBvFBJ3XjTQb5V4qKPJ7Uw5BNL1\/C74B0BlFLi5G\/Pupg0E8lOw&quot;,&quot;OIvxjXp+1Ut8rXAzMuaS0w&quot;,&quot;+0Agcg&quot;,&quot;xqdWTNkEyHbpuEK0k7ukWg&quot;]</string>
    <long name="client_static_keypair_enc_success" value="6" />
    <boolean name="can_user_android_key_store" value="true" />
    <string name="client_static_keypair_enc">[0,&quot;9fMIumtwxHaJfyWPSKSSvR2fJ0a\/PJTYo4Eoa9ztz\/SL2yuPHZiXwQ2KdF0SGp9KoE+QB+EB0FVQCYfhijbfmSemymNk2JDu\/JpiPnaVd+c&quot;,&quot;yTMr0lnyKxFvjZJC&quot;]</string>
    <string name="server_static_public">qJWvSttNopqgQ2CgXYTc4jmSUKWd1Rv2QTMbQyYpKwY</string>
</map>
