<?xml version='1.0' encoding='utf-8' standalone='yes' ?>
<map>
    <string name="client_static_keypair_pwd_enc">[2,&quot;7j97KIoueGxvQopsWNwr2QP13GPry8huJK4yhN++8L\/cxnnN1qaLoQoZZncg0ryKOJTN3Fhv1oPx8hZtaO8cxg&quot;,&quot;qnChqh2S8RWC4Bkk+mmnYg&quot;,&quot;xR8+1A&quot;,&quot;Ci4qMWaFg8H7KUuUk6kMsw&quot;]</string>
    <long name="client_static_keypair_enc_success" value="3" />
    <boolean name="can_user_android_key_store" value="true" />
    <string name="client_static_keypair_enc">[0,&quot;9GQ8KID8e6AvP\/Wh91346TFM1v6YCuiN0aZpWriIT8PeN3\/TCXiLVmsS4ig1fyXM7em46z8iY5Y\/R3E2swC1YO5PqSOBN9Rrv0ONws3b7e4&quot;,&quot;Z0AsLePrJmkD94Wy&quot;]</string>
    <string name="server_static_public">qJWvSttNopqgQ2CgXYTc4jmSUKWd1Rv2QTMbQyYpKwY</string>
</map>
