<?xml version='1.0' encoding='utf-8' standalone='yes' ?>
<map>
    <string name="client_static_keypair_pwd_enc">[2,&quot;aoz\/4E\/JHK\/HLw3Wd+SiyGthr8u2jNdlOtIsoWNLkp5nThk3fTb9UGoJugDPN3+DUs1P4rn0Ys85nHb8wQhghg&quot;,&quot;e3+wY\/FKWVRZGFlNVlsMFw&quot;,&quot;MatX+w&quot;,&quot;FgJDXotDVcETiYHNJiBJRw&quot;]</string>
    <long name="client_static_keypair_enc_success" value="74" />
    <boolean name="can_user_android_key_store" value="true" />
    <string name="client_static_keypair_enc">[0,&quot;vXq21VJO8qqA1jb8F+IfD2nUwcHbShCDKv2eWv6D7dNEwPyKO9DYzTmvDPkCPE3X4UnQ1XSDIhPTD+emZoCQMlOgBbDN+RWMn6O8mXCfPZo&quot;,&quot;joMHv8jJVL7X42cX&quot;]</string>
    <string name="server_static_public">M9brfa5ZRYf0eVsT7CQ+yBPOzEQO/eZ37RoA6DpvHFo</string>
</map>
