<?xml version='1.0' encoding='utf-8' standalone='yes' ?>
<map>
    <string name="client_static_keypair_pwd_enc">[2,&quot;K4KT185nGP\/Pd3rupcO\/V26WVX+dSVCkUNlfO9SgTmbzwombB8R8inhNnT1VG4tkWg+vIHOKzlBu6ijmmdBuzA&quot;,&quot;Ki8Ch4TGj\/xw5GRQ0\/y7og&quot;,&quot;B9xCmQ&quot;,&quot;hiQ04GvDP7A6b4\/RoVpZfg&quot;]</string>
    <long name="client_static_keypair_enc_success" value="7" />
    <boolean name="can_user_android_key_store" value="true" />
    <string name="client_static_keypair_enc">[0,&quot;HMxho0lkPT98u12RYgEpI6VQYUW24irYn59KzAnjrjPmiPNRcr0HKyEQWmjLKoV6\/pEF4sjTTwMWT53Xgj8f1ddDAQWoJ+JY0sPj6Rtm4rw&quot;,&quot;Ry6orIMB7Bu9hkH7&quot;]</string>
    <string name="server_static_public">M9brfa5ZRYf0eVsT7CQ+yBPOzEQO/eZ37RoA6DpvHFo</string>
</map>
