<?xml version='1.0' encoding='utf-8' standalone='yes' ?>
<map>
    <string name="client_static_keypair_pwd_enc">[2,&quot;jPsXyIwxM4zmbTzRTjELLOMaKwKB1FdE+Jb4TWRQEsd1Ezb3D4AmNPqAg97jjW3kfsr0QUFEWfQvRDjztmb0Ew&quot;,&quot;y4do\/xxY\/VsYckli0o04uQ&quot;,&quot;OTZVxA&quot;,&quot;QkzRFir3dEa3O1pdoKFajw&quot;]</string>
    <long name="client_static_keypair_enc_success" value="23" />
    <boolean name="can_user_android_key_store" value="true" />
    <string name="client_static_keypair_enc">[0,&quot;E4LimEg0zsPVDNj886IyoJ572YzH09wXnVOGQWmYtjMlrG5+Mg6h\/D23KGh0nl96QT90tGYvxJ\/RltN\/96P2xiuNUzHQqf4jiniKlxD6BtU&quot;,&quot;220Fdatmkb1bNfZm&quot;]</string>
    <string name="server_static_public">qJWvSttNopqgQ2CgXYTc4jmSUKWd1Rv2QTMbQyYpKwY</string>
</map>
