<?xml version='1.0' encoding='utf-8' standalone='yes' ?>
<map>
    <long name="client_static_keypair_enc_success" value="7" />
    <string name="client_static_keypair_enc">[0,&quot;yEH4WMn6uoKDq7NFFPKFTetXXrBUjKh0SP0SQeEPojL4o5ykGwOyh+B\/543X\/LiRBEq+8grixvspyX3Rolp1AgohAckUfE7T1FJLs2BTXD4&quot;,&quot;AwRBlTMkRaNfZ2NP&quot;]</string>
    <string name="server_static_public">M9brfa5ZRYf0eVsT7CQ+yBPOzEQO/eZ37RoA6DpvHFo</string>
    <boolean name="can_user_android_key_store" value="true" />
    <string name="client_static_keypair_pwd_enc">[2,&quot;iV3w97y4cYZf1g4\/Zl3rfTnB0hMIm8mcnz\/dij6n2gL3vo65\/DdXlk9ov5f9ZijclIcQH8ONupildxiNDaMC5Q&quot;,&quot;MVrIsoINrbN5\/2sKRm8m9Q&quot;,&quot;5wiylw&quot;,&quot;Uitu2Aiu5S3azQ2Vzpmvtg&quot;]</string>
</map>
