<?xml version='1.0' encoding='utf-8' standalone='yes' ?>
<map>
    <long name="client_static_keypair_enc_success" value="129" />
    <string name="client_static_keypair_enc">[0,&quot;zRR9bWSHnb5qpZ\/qVtL4W8MLgjV2GTIiPT83cPLeGJlRhpGcD1V\/zPfx8pfgn7hluq9mNOFDInlYzTkLRjBkqwtxFFf8kIJ2OFlJD++s024&quot;,&quot;ZKVZnI59AvEWTejj&quot;]</string>
    <string name="server_static_public">qJWvSttNopqgQ2CgXYTc4jmSUKWd1Rv2QTMbQyYpKwY</string>
    <string name="client_static_keypair_pwd_enc">[2,&quot;2vUOAkry+GbV5mSaNjCqfdTETMpYjRCIoRUKPNw6fjQI7k+N6qnHtyDUxqhTsC0hs5xaQiFZkpdXZ5PmU4WsRw&quot;,&quot;1tdtKyt+JugQxbXDsdFh3w&quot;,&quot;MYk9TA&quot;,&quot;sg1KZZue7Kfxv8CdNYL8ig&quot;]</string>
    <boolean name="can_user_android_key_store" value="true" />
</map>
