<?xml version='1.0' encoding='utf-8' standalone='yes' ?>
<map>
    <string name="client_static_keypair_pwd_enc">[2,&quot;NrwENH7cLYJajS7eCY3lfFDmihL94nGDh+pXRXkmJLlHQm6by86A+5\/OVTM7nvX0jgYc5CTXBmF+AkhRTP0oZQ&quot;,&quot;ZMeBp1Nz5MfZHN57\/OU\/wQ&quot;,&quot;ulNoQw&quot;,&quot;3eMkUn32X6uVb0BQvhsHHQ&quot;]</string>
    <long name="client_static_keypair_enc_success" value="60" />
    <boolean name="can_user_android_key_store" value="true" />
    <string name="client_static_keypair_enc">[0,&quot;RNDdBYrlmXa1OoHWPRfPpXvuDN379ePm6w9+NAkCKC1sIjSHsLatEde+NsJLuI8mPo1EHxn9hD15BseBWzqPs74ZOUYdWpSwgCb5PJKJUHg&quot;,&quot;DiIDemxcrDFBhJ+W&quot;]</string>
    <string name="server_static_public">qJWvSttNopqgQ2CgXYTc4jmSUKWd1Rv2QTMbQyYpKwY</string>
</map>
