<?xml version='1.0' encoding='utf-8' standalone='yes' ?>
<map>
    <string name="client_static_keypair_pwd_enc">[2,&quot;O++63vC4TtWmIWDeWZPSwJAzU4GL6e93cAecZc3g2sG9q9ZHyv0xzYfez\/1aCheAwc7YviYWqij8mnr6Mk31uA&quot;,&quot;b4OSj13cCjHJ5JpiM5+LoQ&quot;,&quot;fEviJg&quot;,&quot;F+KrfO8lk9SiORHz0mA9+A&quot;]</string>
    <long name="client_static_keypair_enc_success" value="3" />
    <boolean name="can_user_android_key_store" value="true" />
    <string name="client_static_keypair_enc">[0,&quot;j+hP7HPsr09HCmhTx6OjbSqv1U2rExP9Aw4jVg+Grkxrie083dRPGAZYKyD51imQJr7iiTSVa8vqYDjbXfTt2HUfsO\/GEKuiGWdXQgWszL8&quot;,&quot;H1nGzwAN1FurIhAP&quot;]</string>
    <string name="server_static_public">qJWvSttNopqgQ2CgXYTc4jmSUKWd1Rv2QTMbQyYpKwY</string>
</map>
