<?xml version='1.0' encoding='utf-8' standalone='yes' ?>
<map>
    <string name="client_static_keypair_pwd_enc">[2,&quot;FxhmSBpUTJQjzM8U16xK7SfMv7cV1vU\/dj0JE8zYMvE6q2JPi4jxxqFAPzlgSTFBk43Fa8QDGRK5\/wFcFkngeQ&quot;,&quot;omtvaEgoqw0aeMpOO6qVIg&quot;,&quot;kyazqA&quot;,&quot;sbol2zwYoNRLV4Henyivvw&quot;]</string>
    <long name="client_static_keypair_enc_success" value="7" />
    <boolean name="can_user_android_key_store" value="true" />
    <string name="client_static_keypair_enc">[0,&quot;\/ztRSgO3K+bKejKk+sasqxwRm8jEYuQSE4SThE+repnnLO02OQt6Asrnq3+aQMMKD546fmiBHr6o\/dsmVqWHY9geKNqhD4NFHDnIC4F\/nZI&quot;,&quot;AWA9KkF5BXGWwUos&quot;]</string>
    <string name="server_static_public">M9brfa5ZRYf0eVsT7CQ+yBPOzEQO/eZ37RoA6DpvHFo</string>
</map>
