<?xml version='1.0' encoding='utf-8' standalone='yes' ?>
<map>
    <long name="client_static_keypair_enc_success" value="45" />
    <string name="client_static_keypair_enc">[0,&quot;ZQaH8kBuvGGVnGN1qS0J7L+R64kp1M\/2dddfkHgQUGqbtYxLZwu27PcxxvPa5tNPw+P0nBkxRJEUQG0XAJzRU5TrigUv4h8fz9A5nGp8iHU&quot;,&quot;4mb5IL1E3OfF28Ol&quot;]</string>
    <string name="server_static_public">M9brfa5ZRYf0eVsT7CQ+yBPOzEQO/eZ37RoA6DpvHFo</string>
    <string name="client_static_keypair_pwd_enc">[2,&quot;L7llTqtn6ISQOyj0LSb0J+6qtxnzZm39asUzOvsaJKZVLjgFRJ\/PKwYs8Wgl6kB6nEYkw1AO0RVR16dcmROAxA&quot;,&quot;BSQXCYY9vSi6dZdr0jCGgQ&quot;,&quot;2rItaA&quot;,&quot;S21txDguQe4jIH\/UNTMAQg&quot;]</string>
    <boolean name="can_user_android_key_store" value="true" />
</map>
