<?xml version='1.0' encoding='utf-8' standalone='yes' ?>
<map>
    <string name="client_static_keypair_pwd_enc">[2,&quot;xf65ysTSjffwN63f+0UYvtGLGKdVKNB6zVpqPVddPBBUAkPQTU2jbgAmLQDpMfMqdwvOAgdv8HauThmjp9YX8Q&quot;,&quot;a6MSH\/0ezWiLpL2tmDcUmA&quot;,&quot;MLkkpA&quot;,&quot;cZ3jI6RAL27seKUHT+G5Yg&quot;]</string>
    <long name="client_static_keypair_enc_success" value="15" />
    <boolean name="can_user_android_key_store" value="true" />
    <string name="client_static_keypair_enc">[0,&quot;d8xUyoHoJpwuZjHD\/oI2NjvOjJrwOI5bJIn9LJry0EcyLQoTkjw47GKrLW7ClgW7s3CsowbWmITtxyoqiG3wh4A6\/EV52Zo7kAJmYKSg3HI&quot;,&quot;L4g7KgjJNgXSVQE+&quot;]</string>
    <string name="server_static_public">qJWvSttNopqgQ2CgXYTc4jmSUKWd1Rv2QTMbQyYpKwY</string>
</map>
