<?xml version='1.0' encoding='utf-8' standalone='yes' ?>
<map>
    <long name="client_static_keypair_enc_success" value="458" />
    <string name="client_static_keypair_pwd_enc">[2,&quot;ouLg8KE00qwPT8uA0hQIW3iEELs+V9vY+eRV1VALglppuJDx3EapxILm\/sTlcAO6uC\/K6HCLw0AijBeB9tbmJQ&quot;,&quot;epY\/vfPXByZoADxRZRSxFQ&quot;,&quot;Pz4yqg&quot;,&quot;14A4sNMiIaVcT++e7aWpww&quot;]</string>
    <boolean name="can_user_android_key_store" value="true" />
    <string name="client_static_keypair_enc">[0,&quot;Awacct556XpgXzxUMUNomtfD9\/KQGAobIwNAAHJroZZYfYEX\/f1yjEZgQlbHE3JbPWgWppzkAB+f3X4vh6AewH2WVolu0dzAp\/9T8FepP5I&quot;,&quot;NxjcJZyXFAegIrAQ&quot;]</string>
    <string name="server_static_public">qJWvSttNopqgQ2CgXYTc4jmSUKWd1Rv2QTMbQyYpKwY</string>
</map>
