<?xml version='1.0' encoding='utf-8' standalone='yes' ?>
<map>
    <string name="server_static_public">qJWvSttNopqgQ2CgXYTc4jmSUKWd1Rv2QTMbQyYpKwY</string>
    <long name="client_static_keypair_enc_success" value="65" />
    <string name="client_static_keypair_enc">[0,&quot;cj6yEgcHFx1tCNB2LqEmUM1TcUO5uabuZI+BPjNcTsW9Br3y0QUk+ZGr0goHmv99gf91O8z9gIAXwsfyYQnfKeMR0Bs5LkQxcx0lAr6WOUs&quot;,&quot;OyZI698UutR2c\/91&quot;]</string>
    <string name="client_static_keypair_pwd_enc">[2,&quot;s829d1svb\/MyG1GyKHmUNiLoJwpYWZYrcmJPCiS2EHKWpQMcGi9VUZNqrDXDFkoMf0fFkxl0QNeuld0AIuJaSQ&quot;,&quot;dNTOqjfoHCvH1CoxsB\/SfA&quot;,&quot;UTY52w&quot;,&quot;SdgL0pS161+2mKZOFXTvJQ&quot;]</string>
    <boolean name="can_user_android_key_store" value="true" />
</map>
