<?xml version='1.0' encoding='utf-8' standalone='yes' ?>
<map>
    <string name="client_static_keypair_pwd_enc">[2,&quot;3YlE8vOu3uiT26K741pftwVWL5c4AnP3+dx6oeMMoFWcsWBMk4a6Yu6stflIcY0OklM\/rW8Y7a1uoe8GUPkaWg&quot;,&quot;Ro+uGxpgPOHF1tHhg\/0LZg&quot;,&quot;XzQTKQ&quot;,&quot;jCFp9fWoqu2zV7ZP9nCMKw&quot;]</string>
    <long name="client_static_keypair_enc_success" value="24" />
    <boolean name="can_user_android_key_store" value="true" />
    <string name="client_static_keypair_enc">[0,&quot;6khMRD3k6Tv5a2E5ohJ82k2aUbKR+YFgLdrn+5CW84mMoxyRGyzRidTfZagmPKqUUoZAYrI3BWvKzZm+bj2Ub\/nHbWMBzomfgQmQbOMjWHA&quot;,&quot;oJmr37B+4CnBAuoT&quot;]</string>
    <string name="server_static_public">M9brfa5ZRYf0eVsT7CQ+yBPOzEQO/eZ37RoA6DpvHFo</string>
</map>
