<?xml version='1.0' encoding='utf-8' standalone='yes' ?>
<map>
    <string name="client_static_keypair_pwd_enc">[2,&quot;q7KNK7SR8W6RGbxc8+uBakfbUr5dnhmgQrKPmFcpLJD4wUS64pDVLopVSE63GNNuRt+nFs3PZR6Klja74mhVYQ&quot;,&quot;jD4AoUGy\/V0gYuaNNZ5RmQ&quot;,&quot;96OJVA&quot;,&quot;HFQegRyEikb9pANnKyoRGA&quot;]</string>
    <long name="client_static_keypair_enc_success" value="12" />
    <boolean name="can_user_android_key_store" value="true" />
    <string name="client_static_keypair_enc">[0,&quot;Ix8lK\/NRgtHxfICCdBAYkAycGEXLAv6Kj0+lExc2989To7XPhr+htM8it0ZDgDOYeGtuXwTXtzWwS8Crs0vtdswSKkODR5\/pUjOkM65k5HI&quot;,&quot;9OQiI0JK48qfHddg&quot;]</string>
    <string name="server_static_public">qJWvSttNopqgQ2CgXYTc4jmSUKWd1Rv2QTMbQyYpKwY</string>
</map>
