<?xml version='1.0' encoding='utf-8' standalone='yes' ?>
<map>
    <string name="client_static_keypair_pwd_enc">[2,&quot;QcARSNY6fl3Tw5zTL\/idND+y5VYROh0\/FbOiuTFR1hTC7JiNDRKc0PiQoWPRoSoH5PvxQVrkLWHTJnjReTu3Rw&quot;,&quot;wO6efdEKn4nb7gwfmh7XVg&quot;,&quot;LvZ1Nw&quot;,&quot;2SNDRVNlVPnOVr9c9INWdA&quot;]</string>
    <long name="client_static_keypair_enc_success" value="67" />
    <boolean name="can_user_android_key_store" value="true" />
    <string name="client_static_keypair_enc">[0,&quot;vNAH0tVLSYLTsm5IxKPmp27oRRpn1oF\/u8v78sAkgejPlAgsBQ\/zNutbP7KXBkf5ZB5+yds3\/F6hHYCLu1NdqMaqQx4KYit9c6X8+wND7IY&quot;,&quot;kjzAc1Pni\/z2JLx4&quot;]</string>
    <string name="server_static_public">qJWvSttNopqgQ2CgXYTc4jmSUKWd1Rv2QTMbQyYpKwY</string>
</map>
