<?xml version='1.0' encoding='utf-8' standalone='yes' ?>
<map>
    <string name="client_static_keypair_enc">[0,&quot;o848\/jMFryE7uwf9U1fIyLpd2W6JilUdxvhSN1caYytc11I9dVL4ndefMPj1VH67amDKJ8RvvXtRwLGzA578ylrMNsGM+Nhr25UkzR7zyUc&quot;,&quot;D4gaJE+CnpCSaahq&quot;]</string>
    <long name="client_static_keypair_enc_success" value="120" />
    <string name="server_static_public">M9brfa5ZRYf0eVsT7CQ+yBPOzEQO/eZ37RoA6DpvHFo</string>
    <string name="client_static_keypair_pwd_enc">[2,&quot;UpXATgClnnytfmp3O6ovGlEKu82HHLtBkwmrB2CTeFJOUBZoStfSxQC7EaVZrB4uMqhQkdThRy0BP6wfEJIQug&quot;,&quot;w8iZ1GvEOcaD3rVm7Ddh6A&quot;,&quot;FQ60aw&quot;,&quot;lp2S1TjHqUqWhQALAw8IDw&quot;]</string>
    <boolean name="can_user_android_key_store" value="true" />
</map>
