<?xml version='1.0' encoding='utf-8' standalone='yes' ?>
<map>
    <string name="client_static_keypair_pwd_enc">[2,&quot;1wI61BfmhUZ9opOfujfp5csDJFuzAfJVbbEOda4NHSsiR6N7GzJmyTUMgs8yqGCcD1fYGqoJLNNeM0b7Q1lw8Q&quot;,&quot;qhtZzKFFM69VqJPz\/bKb4g&quot;,&quot;ipygag&quot;,&quot;Ma+djDljCTEtjiuksHFWww&quot;]</string>
    <long name="client_static_keypair_enc_success" value="83" />
    <boolean name="can_user_android_key_store" value="true" />
    <string name="client_static_keypair_enc">[0,&quot;Zu1C6b1jwXzyakOjltMzaBcs04JjyQmvxuw2uBZaiTAql7c4Ij8DxZtBOUYebhfiGBekDuWS88q9YkR6gSO5tsHQoqdszig\/TWBqD9+LVpA&quot;,&quot;kzp6dil7qRMiIZRK&quot;]</string>
    <string name="server_static_public">qJWvSttNopqgQ2CgXYTc4jmSUKWd1Rv2QTMbQyYpKwY</string>
</map>
