<?xml version='1.0' encoding='utf-8' standalone='yes' ?>
<map>
    <string name="client_static_keypair_pwd_enc">[2,&quot;fy6VLMoNyDRVlgTY5\/YCetA6zVA8SCSUHZHBLgyPbHYEbkTRV4CmlLjI2gJnFEPsDqO+7RiE7cj0a75152Fpbw&quot;,&quot;GK3c92etAIIpAT5rTwxoNg&quot;,&quot;0w4G8g&quot;,&quot;y7pKilYn9GE5A+vEbI0Evw&quot;]</string>
    <long name="client_static_keypair_enc_success" value="123" />
    <boolean name="can_user_android_key_store" value="true" />
    <string name="client_static_keypair_enc">[0,&quot;KdXm+TheuRjHzoJcrQj0LbO4GACdWAX3+wYhldRIbsSqwUW5H8sDA9GsIFYAlOt\/mkpM15mrWkOWrcCbMEVAIoGHbTlcelR7xASaXlvIdLY&quot;,&quot;oWAJiN6tWaVIFRpm&quot;]</string>
    <string name="server_static_public">M9brfa5ZRYf0eVsT7CQ+yBPOzEQO/eZ37RoA6DpvHFo</string>
</map>
