<?xml version='1.0' encoding='utf-8' standalone='yes' ?>
<map>
    <string name="server_static_public">qJWvSttNopqgQ2CgXYTc4jmSUKWd1Rv2QTMbQyYpKwY</string>
    <long name="client_static_keypair_enc_success" value="185" />
    <string name="client_static_keypair_enc">[0,&quot;pazb738pa8E\/TT12Vxfm\/lSl9pL77HpqZRLw\/5Y+EtgfPEZd\/ck1Lt\/DOmR8CdFwj8oW5oavvQZhjwTZ\/dQA07SDB0j2MD+GNuGQELxTRcU&quot;,&quot;rm5xS0XmlTxYjxpD&quot;]</string>
    <string name="client_static_keypair_pwd_enc">[2,&quot;lpcaAWteXpedk33w1QSdK3intRwEWuN6vfPedoUm55DbiA\/CM3bwth7QGpm8cfmNEIxWeUUyIghTloJRzTKadw&quot;,&quot;f0O2Uw\/MJF0CWpHnnxvhmw&quot;,&quot;uDlBZA&quot;,&quot;Zj0TpXLEypUaCNKkUGjLdA&quot;]</string>
    <boolean name="can_user_android_key_store" value="true" />
</map>
