<?xml version='1.0' encoding='utf-8' standalone='yes' ?>
<map>
    <string name="client_static_keypair_pwd_enc">[2,&quot;YH7G1\/ASmG5Uh8\/voOMZ2R6fz2xqavYziJneX6LB0LkZWsR7\/UUv6XEnkbmkqbAHvQ5P8v6du6gOL1Exg6GYmA&quot;,&quot;UFvEaWyOR6E92wJnuTojLA&quot;,&quot;Om+G7w&quot;,&quot;nBcyDSqISON6jYXVsotvxQ&quot;]</string>
    <long name="client_static_keypair_enc_success" value="41" />
    <boolean name="can_user_android_key_store" value="true" />
    <string name="client_static_keypair_enc">[0,&quot;D8Je2W6jIhwmwrcLGhwW9gE0UyUFD5JDuKAAXZ4bYUSSrHlTivVmwrwZfnVC31xHhCAF\/LTE6F7ltw7bzJfKeqWUuDV9uHE\/Gre9gIcTFA4&quot;,&quot;KdmdLa26wMMKpzHQ&quot;]</string>
    <string name="server_static_public">qJWvSttNopqgQ2CgXYTc4jmSUKWd1Rv2QTMbQyYpKwY</string>
</map>
