<?xml version='1.0' encoding='utf-8' standalone='yes' ?>
<map>
    <string name="client_static_keypair_pwd_enc">[2,&quot;R9Jk0Lf05ja5D8pHkcNDCdfLCJMizuikSkmtiOujSrkip8G0b8PKJRnK+WLKg8CP0gwDbjKIRg54QBnPeaL43w&quot;,&quot;B3\/kxLmHKHwGHVwDAWvVoA&quot;,&quot;sK2suK&quot;,&quot;RvaKQeEVwoS5hDGCUUUtHw&quot;]</string>
    <long name="client_static_keypair_enc_success" value="7" />
    <boolean name="can_user_android_key_store" value="true" />
    <string name="client_static_keypair_enc">[0,&quot;PW62LV+sRPthj2Gc2qvYlc7nh63DRhEOrfFbB1ccj8HNh3QjvRmNQlvlXAEl9NiFjW5G+G\/dk5lQJ6hgw9XhQmNVxoypIxKtB0v8XBv74uY&quot;,&quot;yti9SmcppuTIrFJS&quot;]</string>
    <string name="server_static_public">M9brfa5ZRYf0eVsT7CQ+yBPOzEQO/eZ37RoA6DpvHFo</string>
</map>
