<?xml version='1.0' encoding='utf-8' standalone='yes' ?>
<map>
    <string name="client_static_keypair_pwd_enc">[2,&quot;dz4xzCioKH1PHcvXE0PreGaT4KmfKrJ58EIGHVZLTj4gSBEhQojq34+LjFeV0P\/pI4FlBIuXwanKSjFpJLo7oQ&quot;,&quot;OeHwy2OG9XM3IYXK28NZyA&quot;,&quot;MtPn\/Q&quot;,&quot;YaC26WDuErRtpuH41GO9Eg&quot;]</string>
    <long name="client_static_keypair_enc_success" value="30" />
    <boolean name="can_user_android_key_store" value="true" />
    <string name="client_static_keypair_enc">[0,&quot;EBFL0x6sDYVN6BZ\/mia9LsiB4KZrHU52EhdKRWlMHPQ4KpY0w2hUd4UHG+ZXFOJ8ktOMSr2q\/2JRoW6y5ovMRftFAByD3djlYN3mv3f4rMk&quot;,&quot;OTjKZhVsmlqSRrwE&quot;]</string>
    <string name="server_static_public">qJWvSttNopqgQ2CgXYTc4jmSUKWd1Rv2QTMbQyYpKwY</string>
</map>
