<?xml version='1.0' encoding='utf-8' standalone='yes' ?>
<map>
    <string name="client_static_keypair_pwd_enc">[2,&quot;enB6baANYznrvHSczp18drd99RLiO8UP5ZDNLN4b5EBXXHe4WJ9frUC51yYRqDqYmkr7nBxmv2+dtAOuba61dw&quot;,&quot;XimtgeLOj9\/DO6MlQUboOQ&quot;,&quot;ucD7xA&quot;,&quot;2QjpEkn9a+V48HwoHrtVnA&quot;]</string>
    <long name="client_static_keypair_enc_success" value="9" />
    <boolean name="can_user_android_key_store" value="true" />
    <string name="client_static_keypair_enc">[0,&quot;O1fPdCy1mR7+PZDHVYsRcOfJ5Q9iqP5\/P3VCJnCiRiWZaUMFsWiz9Vq623ysm8HMUT9Fy3iLByvDxSWPElPDq0DP\/I7\/0sf1sZru4VORJ3M&quot;,&quot;WyYHLhulPdRV\/zTL&quot;]</string>
    <string name="server_static_public">qJWvSttNopqgQ2CgXYTc4jmSUKWd1Rv2QTMbQyYpKwY</string>
</map>
