<?xml version='1.0' encoding='utf-8' standalone='yes' ?>
<map>
    <string name="client_static_keypair_pwd_enc">[2,&quot;FjrK0OuWd0yGFSjLlLl0XCrRH2EhNTatOZUQSMY1skS2ocGZLs1ERNn+BiutE0EBP\/OOe135dCGDnJThmDHf2Q&quot;,&quot;qm89cRabJu0R2LCI9vefnQ&quot;,&quot;Ty7JQA&quot;,&quot;T9RXHf68OAEqQXhEHZ2bRQ&quot;]</string>
    <long name="client_static_keypair_enc_success" value="34" />
    <boolean name="can_user_android_key_store" value="true" />
    <string name="client_static_keypair_enc">[0,&quot;CPQ+EFEwQXkulRUQ6xcMQss\/7aSUOck\/K5SS+xVVaH+CmtKpSMg9x91wTg1E7CtFqfvVsvrHdEe31mC14Cpntm8QzCMfFyzUYEJ+NVRKf84&quot;,&quot;kGHzHf92DSZdJmie&quot;]</string>
    <string name="server_static_public">M9brfa5ZRYf0eVsT7CQ+yBPOzEQO/eZ37RoA6DpvHFo</string>
</map>
