<?xml version='1.0' encoding='utf-8' standalone='yes' ?>
<map>
    <string name="client_static_keypair_pwd_enc">[2,&quot;dMOAPNIWi3klczK3MiOk\/xvbkHb4S67x83\/wHWkeqhnACtdtwTtnPz2oNIkefAHOepOmHk8X+AuX3jzLO+\/rKQ&quot;,&quot;NhTkGkHFjYBM3oPUCkbOAA&quot;,&quot;lEkjTg&quot;,&quot;NA79jh6NYgm5kff+itEyMw&quot;]</string>
    <long name="client_static_keypair_enc_success" value="56" />
    <boolean name="can_user_android_key_store" value="true" />
    <string name="client_static_keypair_enc">[0,&quot;rMpeGqJGaIbnWxqq+k9NaOuzV7E0XbEgikn6e7UqCoUyO1e54ATs7AN61tLp5eyTgBBWa6v8o1Xv5YIpxyBi4O6UYN0va3zuNzELQ6VZZZg&quot;,&quot;LJyRAgZHcQxyEA5x&quot;]</string>
    <string name="server_static_public">M9brfa5ZRYf0eVsT7CQ+yBPOzEQO/eZ37RoA6DpvHFo</string>
</map>
