<?xml version='1.0' encoding='utf-8' standalone='yes' ?>
<map>
    <string name="client_static_keypair_pwd_enc">[2,&quot;Uzqw+Vsf8NuZjBE1KGxjuPorzfkbl8\/\/eMZ1IS6m+2t2CaoeZwWKX5bXLMCftnqIZ1Fh89ogla\/YV0YWM\/Mvjw&quot;,&quot;cVdFO6YzFuKQE6lRXq6caw&quot;,&quot;fiROLA&quot;,&quot;XrjEMyzCzptNYe5FLUxrfw&quot;]</string>
    <long name="client_static_keypair_enc_success" value="543" />
    <boolean name="can_user_android_key_store" value="true" />
    <string name="client_static_keypair_enc">[0,&quot;Rt6aZmJzuLzplrrtFnk0UVsoHBchDK47ZLKpY\/d6NpdubA9dtjuaoQ\/Zli1jFfFKguAd\/9kvL+nNc12OZzr9d7sdvogAnBD2BRfxic9Fjas&quot;,&quot;SZe81dbKKL8rEbIh&quot;]</string>
    <string name="server_static_public">qJWvSttNopqgQ2CgXYTc4jmSUKWd1Rv2QTMbQyYpKwY</string>
</map>
