<?xml version='1.0' encoding='utf-8' standalone='yes' ?>
<map>
    <string name="client_static_keypair_pwd_enc">[2,&quot;IgWqS+EoNtPEZJFIIjhj69JfEvUnDY4Rux52tWKQHqlOyXF+ZHwMXpxxGYjQrKV1Az9P1cRfxLchMd1LMjoCCA&quot;,&quot;awLUHNOVehEINMgCvChdzQ&quot;,&quot;sSg6H4&quot;,&quot;uC9TBNL521OsncO3uEMl+Q&quot;]</string>
    <long name="client_static_keypair_enc_success" value="716" />
    <boolean name="can_user_android_key_store" value="true" />
    <string name="client_static_keypair_enc">[0,&quot;I1cSMyYG9ZMtoV+Aj4xaaivkuaOFhd7w1rZQFIe2ZeOgf9\/T4RqYkvzq8FOxJtxUBOkmbrJp33+xoqLA2iB5dv1C0lfPFzBTtwC\/tSZEDWw&quot;,&quot;VyHH1asAKWmo9Cn9&quot;]</string>
    <string name="server_static_public">qJWvSttNopqgQ2CgXYTc4jmSUKWd1Rv2QTMbQyYpKwY</string>
</map>
