<?xml version='1.0' encoding='utf-8' standalone='yes' ?>
<map>
    <string name="client_static_keypair_pwd_enc">[2,&quot;JUkuWPCcnRsXgXRP\/+3wFr3Mm0fiFCY0m338IJhkVeuqvDNKPZA350E29kIJMagw3\/Kej7EszpAHTcZ68\/qR9A&quot;,&quot;oU2MG7\/I3qTOSY4+i3MCxQ&quot;,&quot;dVpVYw&quot;,&quot;n6GJx00jpHp14V8FHBHR5g&quot;]</string>
    <long name="client_static_keypair_enc_success" value="19" />
    <boolean name="can_user_android_key_store" value="true" />
    <string name="client_static_keypair_enc">[0,&quot;ghGtUKDXh9UP6JeRyFwimjqEUr+bnU6zYlzMvOoNr5w1T3MOsi9BXxjIGB+YNMoMWYxsnAJSSTOWNHbPdPAdhZW\/YMcDzaRiuFsan9pKOJs&quot;,&quot;4vXcBn8jOWbqeY8m&quot;]</string>
    <string name="server_static_public">qJWvSttNopqgQ2CgXYTc4jmSUKWd1Rv2QTMbQyYpKwY</string>
</map>
