<?xml version='1.0' encoding='utf-8' standalone='yes' ?>
<map>
    <string name="client_static_keypair_pwd_enc">[2,&quot;2\/mEVG3mSHZt+K2WCqiqzJtjYd0zp5LDfFxds0+u20f663ZRvSdyJfbC65nRf3ebSbjlMqF2VXvG7mGT2T2f\/g&quot;,&quot;s3etYkiMGUc5JFEkybnlrA&quot;,&quot;VyMVMg&quot;,&quot;KRWiFOIyNBQOFc6fcclPhg&quot;]</string>
    <long name="client_static_keypair_enc_success" value="39" />
    <boolean name="can_user_android_key_store" value="true" />
    <string name="client_static_keypair_enc">[0,&quot;r7Go3GfMXFwG4CPmhZAWvNlnNRs\/tgBTlA+2HcE+7IwBQ0pIz1vWGBHJg9rvbuXecB016RnAcoAuSXR5Ds6j8TwzbY8GncMhVI5OO5oLs1U&quot;,&quot;mVxqye1jWp4gLF6m&quot;]</string>
    <string name="server_static_public">qJWvSttNopqgQ2CgXYTc4jmSUKWd1Rv2QTMbQyYpKwY</string>
</map>
