<?xml version='1.0' encoding='utf-8' standalone='yes' ?>
<map>
    <string name="client_static_keypair_pwd_enc">[2,&quot;BF3vaqxgQOE74CaBgGdF27Cuej1AeFjdWy7Xgvn1+IbW4mntjZ7IkI+zqz+rzuHUgo576WCIJD8cD8Hc3zZJnw&quot;,&quot;74cavr4UgVU3ahLiYjlFRQ&quot;,&quot;+CI8jg&quot;,&quot;+hxAXCy8x5lplzdzhFcNEA&quot;]</string>
    <long name="client_static_keypair_enc_success" value="166" />
    <boolean name="can_user_android_key_store" value="true" />
    <string name="client_static_keypair_enc">[0,&quot;N8LXvzgpEiQJbc8WkyrwHbx0qj9m4b3szCgEUeOCXUCKH3jaqaV2zgEESAUNJugyR1RqK4B8i6qsipVQdEEyvqTdZqCcX0ONqBUCUsb0DxY&quot;,&quot;kR\/P3vMa53YkkkGJ&quot;]</string>
    <string name="server_static_public">qJWvSttNopqgQ2CgXYTc4jmSUKWd1Rv2QTMbQyYpKwY</string>
</map>
