<?xml version='1.0' encoding='utf-8' standalone='yes' ?>
<map>
    <string name="server_static_public">qJWvSttNopqgQ2CgXYTc4jmSUKWd1Rv2QTMbQyYpKwY</string>
    <string name="client_static_keypair_enc">[0,&quot;XM16wqT1kggLBm5cnTKt3rrgIt9XiaJorQ52\/kyd4RiKpk5ZQLNXcYoHBRo2CRtrFOFtY9lCnAQpSEC7zntBv+AdTON8T0BQp6CJ\/y7FfXc&quot;,&quot;m5ZjEcOV+6OgKkt5&quot;]</string>
    <long name="client_static_keypair_enc_success" value="22" />
    <boolean name="can_user_android_key_store" value="true" />
    <string name="client_static_keypair_pwd_enc">[2,&quot;chTxqvW18tWPPLzsaPBtDftt3mPXtCUQGB+EZkYoYjO9l6XsaGaq7TrcDbIlENT0nSYUhX\/7C39dAHCjNW2CUg&quot;,&quot;AMmvRhjHu\/fwCsF3fWVxfQ&quot;,&quot;1kOwpA&quot;,&quot;\/zj2loRkrrksuMsWVZWuwg&quot;]</string>
</map>
