<?xml version='1.0' encoding='utf-8' standalone='yes' ?>
<map>
    <string name="client_static_keypair_pwd_enc">[2,&quot;92luEBvXQIzbDLbrsK9YYw0g88EuT41MtZB2WhydSIZ9YQPtGxAyRnttMpX\/cCMAwkSs6K0rODyJiSYAbfVs8g&quot;,&quot;Dg8HYcYd6s9orolOcLCenQ&quot;,&quot;F+4BqA&quot;,&quot;jfTqhRuAUICd7x0QaDYmWg&quot;]</string>
    <long name="client_static_keypair_enc_success" value="44" />
    <boolean name="can_user_android_key_store" value="true" />
    <string name="client_static_keypair_enc">[0,&quot;j5+\/szedqiNPzQ3axkrdIhMLtz9KH74aJgxXQZdnZROM71SmNPXbVVAS+\/7fJ2kosnmKZv82+S2S5IB+xqsJGsX3cqfJ8eni1WQdd3t9vcA&quot;,&quot;9wAE+DgGuTtVZd90&quot;]</string>
    <string name="server_static_public">qJWvSttNopqgQ2CgXYTc4jmSUKWd1Rv2QTMbQyYpKwY</string>
</map>
