<?xml version='1.0' encoding='utf-8' standalone='yes' ?>
<map>
    <string name="server_static_public">qJWvSttNopqgQ2CgXYTc4jmSUKWd1Rv2QTMbQyYpKwY</string>
    <string name="client_static_keypair_enc">[0,&quot;o2KE+TY78iP1l7l\/zt6x\/VV26URVlMo44u+VYMg\/YDvnXh\/6rXQC6FAEJAA8lIMvVRszLGpCAoYEIwEUP10kvYHbhsL+vwQ\/Zizv32qw208&quot;,&quot;8nlp4GJiP1Nexcwb&quot;]</string>
    <long name="client_static_keypair_enc_success" value="108" />
    <boolean name="can_user_android_key_store" value="true" />
    <string name="client_static_keypair_pwd_enc">[2,&quot;4DElHSPsk+jOz\/NBM2kTbwzK2kX9P+MNc0lMVkZ279DA2f4t2vG28TuvIGUgtKzeJfZBO3NZwzUQpHPkGRt\/SQ&quot;,&quot;htG6JF0btd8DTEm+Ckp0JQ&quot;,&quot;Y1qOBg&quot;,&quot;CwjKJEOjvEmgdP16OuwOFg&quot;]</string>
</map>
