<?xml version='1.0' encoding='utf-8' standalone='yes' ?>
<map>
    <long name="client_static_keypair_enc_success" value="1360" />
    <string name="client_static_keypair_pwd_enc">[2,&quot;ZRsQ1oYNfZFqAXawW8ju4P7KMFfZ9WiAAOBlVAqlWB1HLYyku69S9G1+UxzYP+\/bIMayTPnHuyrkBczGaIu8zA&quot;,&quot;\/lrGGwR+O4fTO5UPAfWqcQ&quot;,&quot;G58qHW&quot;,&quot;PSKyC6fpggj\/3rvYJ661tA&quot;]</string>
    <boolean name="can_user_android_key_store" value="true" />
    <string name="client_static_keypair_enc">[0,&quot;SjHHHvrWbdgVstc5Gcg+QADTQHJKpWpZuXg3SM0SgJ3Luy53JFmOIghETOG+eNIEL0369SCpBcByKiX4nVXP88KK+erNIb0t+HQUN9lZHdw&quot;,&quot;9DMFy0qkaIo4\/eEf&quot;]</string>
    <string name="server_static_public">qJWvSttNopqgQ2CgXYTc4jmSUKWd1Rv2QTMbQyYpKwY</string>
</map>
