<?xml version='1.0' encoding='utf-8' standalone='yes' ?>
<map>
    <string name="client_static_keypair_pwd_enc">[2,&quot;+DYr17to4XFOP7n8i6Yvg+3PUfSIvpsqveeMmRVg9uyjhEiVuIwAj5OExnPvYVTnSGKQ9jFthDdVVffMhBVj8w&quot;,&quot;LM2wtb7MiWdFZ9Wlrquz9Q&quot;,&quot;Lt49Tg&quot;,&quot;mbFqvJZnUpJNxCR7fdqT9A&quot;]</string>
    <long name="client_static_keypair_enc_success" value="5" />
    <boolean name="can_user_android_key_store" value="true" />
    <string name="client_static_keypair_enc">[0,&quot;gFL86AlL4qrqkp7UgRPe1VsiaJhRfcTEx7L25onzC0iM7GiUDpQf0w0b5+4qCrroFL16pXlCmMaxxGY08Df4NYS3GGLPlv2PwaE5ecFnv4g&quot;,&quot;j4XPUkvjOVGHgJqD&quot;]</string>
    <string name="server_static_public">qJWvSttNopqgQ2CgXYTc4jmSUKWd1Rv2QTMbQyYpKwY</string>
</map>
