<?xml version='1.0' encoding='utf-8' standalone='yes' ?>
<map>
    <string name="client_static_keypair_pwd_enc">[2,&quot;+9FdwIS5hC9PXoCGH0GMyKd8sz4eNqdA\/dYyWd1iCBwq78zn+COznK9RBd8RxHGRIsJnMlxm14OGWQjKInP6DQ&quot;,&quot;eh5HdVXSMrmZehesutAcHQ&quot;,&quot;kWaa\/A&quot;,&quot;fuvNsNxvystnGJrk\/Nz12A&quot;]</string>
    <long name="client_static_keypair_enc_success" value="77" />
    <boolean name="can_user_android_key_store" value="true" />
    <string name="client_static_keypair_enc">[0,&quot;PJwf6SoqiSBxSsGB3mopChFeJfabHXZN\/wD6lXQp\/eMhpi8QI6Lf\/GvE4lFlfkvKU8ecW5T7sgrS1R8mAZiujL0CZ+\/AweSdIByBg0GZi\/A&quot;,&quot;MTQopgYFFMp6KXzl&quot;]</string>
    <string name="server_static_public">M9brfa5ZRYf0eVsT7CQ+yBPOzEQO/eZ37RoA6DpvHFo</string>
</map>
