<?xml version='1.0' encoding='utf-8' standalone='yes' ?>
<map>
    <long name="client_static_keypair_enc_success" value="3070" />
    <string name="client_static_keypair_pwd_enc">[2,&quot;NmnTUY+nSd1pMz67+GiFwf33rXvfcy6K3YMItyYxat+5mo5Bg6iNozXTOC18nBgqnwcyD2qaRXnyUaSXqoEL\/w&quot;,&quot;utOjaUUjfELr2PBtAUq4SQ&quot;,&quot;OXeymQ&quot;,&quot;XGkmuF1kUCUD0OzWeR3lAQ&quot;]</string>
    <boolean name="can_user_android_key_store" value="true" />
    <string name="client_static_keypair_enc">[0,&quot;QN8meVUdzTowJnLNjXOKLPx\/+HDO\/QcbgtpVlMD71c6OvHP7VcQS8dSe7GCXE9j+U1qoA\/zS1L7xtchagSqVVJNUIt2Oq+jLu9B11aGuoJ4&quot;,&quot;jWWJlibBgNNrEH5U&quot;]</string>
    <string name="server_static_public">M9brfa5ZRYf0eVsT7CQ+yBPOzEQO/eZ37RoA6DpvHFo</string>
</map>
