<?xml version='1.0' encoding='utf-8' standalone='yes' ?>
<map>
    <string name="client_static_keypair_pwd_enc">[2,&quot;BvmXM2ci5QQUgiRpu7rcJJJpTZEOS0WpvFQuhKuDSqJD\/SsILr8GoE09qdGkBn0zgp\/gWSgFoguVBkviKUyERA&quot;,&quot;oqjeJD7BoUMK3kVjTERQMw&quot;,&quot;bR4aBp&quot;,&quot;\/\/0VKSPd9K4d81n9fzcYMg&quot;]</string>
    <long name="client_static_keypair_enc_success" value="546" />
    <boolean name="can_user_android_key_store" value="true" />
    <string name="client_static_keypair_enc">[0,&quot;G3gZ4RbhD31Ha2ZzLxH1bUAYpKMgfSJOMy0\/MDdo1zg3G3FalyI+vfEyUcHuFlPhqJBo\/kqFlflqKucDrmD0Upx+fxg8jyDk0ooOPuDxR+w&quot;,&quot;oW3q4h7FefDCiQL0&quot;]</string>
    <string name="server_static_public">qJWvSttNopqgQ2CgXYTc4jmSUKWd1Rv2QTMbQyYpKwY</string>
</map>
