<?xml version='1.0' encoding='utf-8' standalone='yes' ?>
<map>
    <string name="client_static_keypair_pwd_enc">[2,&quot;AIMCV92ffOE8QpkQwPC7mithESyyL8P5IZEDtOtyIHQk73Kl71lfjzeUW1LGwKP3OB5JBfrLxEOxXKBcfwxIFA&quot;,&quot;q9bsd3pM8wNGvuG5fn7asw&quot;,&quot;c7+2ug&quot;,&quot;sXjAB1flD42tcUkexLx6eA&quot;]</string>
    <long name="client_static_keypair_enc_success" value="1" />
    <boolean name="can_user_android_key_store" value="true" />
    <string name="client_static_keypair_enc">[0,&quot;tAjYL\/tzId8ceZfqpJtkh8NHNEtGgx11BpjPU1R0lAvN0aHQphrU80jyHUHTOopcX5uFeog0eATU2Y4PAyfiHO8FI+sHovkV8ePyfJZBVH4&quot;,&quot;O9m8DCJXZso0mVAo&quot;]</string>
    <string name="server_static_public">qJWvSttNopqgQ2CgXYTc4jmSUKWd1Rv2QTMbQyYpKwY</string>
</map>
