<?xml version='1.0' encoding='utf-8' standalone='yes' ?>
<map>
    <string name="client_static_keypair_pwd_enc">[2,&quot;IZA\/xknr36w4JYwb4bUejwGiQI3Bn5e2tszxaDTQ\/k4kdMRxjCpDCK73wOdPkGwqjbzH1Q+M9sMOqDdCmiD85g&quot;,&quot;kx4fMychfcPdK2nval76qg&quot;,&quot;NM6l\/A&quot;,&quot;XctnLTI9zHSD\/QMr2LCfcw&quot;]</string>
    <long name="client_static_keypair_enc_success" value="18" />
    <boolean name="can_user_android_key_store" value="true" />
    <string name="client_static_keypair_enc">[0,&quot;Hf4Um6pOAhLdM6CKBKsulx7co2twv6gLj3vFVpwqoLpNl5K+pYeKggjtUxnOpfFz8O1nEJiUGLnkcBEz9FPu15pAObD9JGljpRybBhqlMU8&quot;,&quot;L\/WiPOCEEANbss7r&quot;]</string>
    <string name="server_static_public">qJWvSttNopqgQ2CgXYTc4jmSUKWd1Rv2QTMbQyYpKwY</string>
</map>
