<?xml version='1.0' encoding='utf-8' standalone='yes' ?>
<map>
    <string name="client_static_keypair_pwd_enc">[2,&quot;10JgqUtjV\/Q6xik8abxjahUlIN+CYFtmODHXpR8k37J63O0uU9gErXYMOPdEd1xsz7+bBwH3pLkyFk5n3Rzl8g&quot;,&quot;Ds+KvQ4ZQAChq\/f2CHF6IA&quot;,&quot;NRZYuA&quot;,&quot;6h+jRqwi79Wpt81emOQFhQ&quot;]</string>
    <long name="client_static_keypair_enc_success" value="29" />
    <boolean name="can_user_android_key_store" value="true" />
    <string name="client_static_keypair_enc">[0,&quot;qxcazR0CCYpTa7fVQ90ERQEvpmw\/pFhvHqzoeAJzjU8Jjou438g\/Cr06CS3ZIBzIlUBJ8+XecmX633d0hF4CjtHkeI4Du4BjiME8oefI\/Uo&quot;,&quot;oqD1K9Vq37IpxGkb&quot;]</string>
    <string name="server_static_public">qJWvSttNopqgQ2CgXYTc4jmSUKWd1Rv2QTMbQyYpKwY</string>
</map>
