<?xml version='1.0' encoding='utf-8' standalone='yes' ?>
<map>
    <string name="client_static_keypair_pwd_enc">[2,&quot;8cV\/+fanxDkbNS0ehgW+sDVl0Su6J5gd6t5gFQDuHKhqyq3YWmLqe13bBGxdAtlJYh6c\/oI5AYALtDf4\/uweNw&quot;,&quot;0cOMlo5md149gZhSqSXtrA&quot;,&quot;YevGoQ&quot;,&quot;dMt5BAjhwYUUwv\/keQ9qPg&quot;]</string>
    <long name="client_static_keypair_enc_success" value="86" />
    <boolean name="can_user_android_key_store" value="true" />
    <string name="client_static_keypair_enc">[0,&quot;+2zwesTkZ7jP3pE8ByUaK57JTAvj5Y1pQTrYklGoYH+MMjBqn5HlLLQkZmSZGMS8yKcKgXWw8WTLHjI+VRQUjo72nEDvZVBgzQaY7uUDMh8&quot;,&quot;0iKz5Gh6cY3pNHVW&quot;]</string>
    <string name="server_static_public">qJWvSttNopqgQ2CgXYTc4jmSUKWd1Rv2QTMbQyYpKwY</string>
</map>
