<?xml version='1.0' encoding='utf-8' standalone='yes' ?>
<map>
    <string name="client_static_keypair_pwd_enc">[2,&quot;ZXhd4S31VihTxVzJCD2z6PdEW8tgwjDyGOZbnVr2kK\/LOJm5oa2Y64DRrIHezgsuG0UO9iyHVVgQu8xh6YhbBg&quot;,&quot;Je2iEzgobkthUgDQgIex1w&quot;,&quot;kte0CA&quot;,&quot;009nHBv3W4Rivob7QGd71g&quot;]</string>
    <long name="client_static_keypair_enc_success" value="68" />
    <boolean name="can_user_android_key_store" value="true" />
    <string name="client_static_keypair_enc">[0,&quot;cw4n3jYle\/P1Gy1PLlhQYzea7ASp\/InGd8ftBKoNuD4ytiIyvWlLaJR0wVFyLmCrVWOBDUb0sZ6vQSdz24\/XC4Z24Qm2ngt3LAlFbRzupGg&quot;,&quot;IvpDrvCav9WqphzM&quot;]</string>
    <string name="server_static_public">M9brfa5ZRYf0eVsT7CQ+yBPOzEQO/eZ37RoA6DpvHFo</string>
</map>
