<?xml version='1.0' encoding='utf-8' standalone='yes' ?>
<map>
    <string name="client_static_keypair_pwd_enc">[2,&quot;GJ5BfVQNpgteSeWAvrFoR557u9VllfoV7\/d2MuctBlgfQq8EUDU40ArGL9fV3byR+sJd2k29EV6cagao9CpjPQ&quot;,&quot;IGjj+6TP6aPN4WODimAVfw&quot;,&quot;8s7pLg&quot;,&quot;7O0Ku2BfD9MxVE+KimLejw&quot;]</string>
    <long name="client_static_keypair_enc_success" value="50" />
    <boolean name="can_user_android_key_store" value="true" />
    <string name="client_static_keypair_enc">[0,&quot;ObIQZ6Cb9aJTxfpNPmJ8f6Bz4PRybNrj+8CaxJpG3IVh49mOC1HD3\/2O7GtkY5rsMOWbJaUklPBBQ+u8F0U+dt3ulDfI32rxK90MRa\/hqy8&quot;,&quot;C8brpsXLDprcWONG&quot;]</string>
    <string name="server_static_public">qJWvSttNopqgQ2CgXYTc4jmSUKWd1Rv2QTMbQyYpKwY</string>
</map>
