<?xml version='1.0' encoding='utf-8' standalone='yes' ?>
<map>
    <string name="client_static_keypair_pwd_enc">[2,&quot;NeE\/Tnu7YHADVpcN9o5+44ZEH\/in+xQTDh2lJtNMeO\/LzD1QJ9mixjSMDQJ5Bt+JZzrug\/D8Dm7BuIA0cQ\/ySw&quot;,&quot;puiF7ifRx+IzlsJFeB3p2g&quot;,&quot;Isydkw&quot;,&quot;f\/l6QxoNCv63ByPHgiQO9Q&quot;]</string>
    <long name="client_static_keypair_enc_success" value="63" />
    <boolean name="can_user_android_key_store" value="true" />
    <string name="client_static_keypair_enc">[0,&quot;b290oyJwocPZlKFPmsbPDgdtTTqyyhs2VwTA7eXM83hzs1ogSuTAXH6kjiwlWsG3yYP2rq44Hkaoif4e\/haiTyFVBLfjZQXnC7UrEH6BO88&quot;,&quot;yyDHwQTlzv13vWEk&quot;]</string>
    <string name="server_static_public">M9brfa5ZRYf0eVsT7CQ+yBPOzEQO/eZ37RoA6DpvHFo</string>
</map>
