<?xml version='1.0' encoding='utf-8' standalone='yes' ?>
<map>
    <string name="client_static_keypair_pwd_enc">[2,&quot;0hLPP6ThfSmPmn3P5Q8D8GlRBuhHoUpCRYU9KdxVSvBF6b\/kzkBCN6w8onFGsDDGzxOXwRS5KjTE4ju0b6ibDw&quot;,&quot;Sj7340qVBKm64EnZuFy\/Ug&quot;,&quot;zUgJxA&quot;,&quot;Ddo9BSPIZ3Hnud9BD7gGPQ&quot;]</string>
    <long name="client_static_keypair_enc_success" value="109" />
    <boolean name="can_user_android_key_store" value="true" />
    <string name="client_static_keypair_enc">[0,&quot;Stq\/5867SsZNAdMDJaHFzRld\/oQP56dnR9poS8ofPy7NvXe3Oc0LZKsJFkQmapBcZlVOe9t7M33WoHTxZxjP+RpNsiS80LhUiGmy5\/cHdNg&quot;,&quot;j4NyIBOXqxof\/Z8A&quot;]</string>
    <string name="server_static_public">qJWvSttNopqgQ2CgXYTc4jmSUKWd1Rv2QTMbQyYpKwY</string>
</map>
