<?xml version='1.0' encoding='utf-8' standalone='yes' ?>
<map>
    <string name="client_static_keypair_pwd_enc">[2,&quot;20e1PAzbnqvqPt4i5z9+Gpjb\/+hrVuyxUZ2v0nR4\/tHdgJjNq\/Yizzet7JItI+90yN+36ikBaWVk6XynUYefjQ&quot;,&quot;kz4XuK8WZmARtiNjD4bDxw&quot;,&quot;HODETj&quot;,&quot;euVLDvfNwzDuJt8QoKY9\/g&quot;]</string>
    <long name="client_static_keypair_enc_success" value="1" />
    <boolean name="can_user_android_key_store" value="true" />
    <string name="client_static_keypair_enc">[0,&quot;XXMtgcDDwUSrVdepG9pBdV6XA9u5vokvWDXPI2AO\/QVbuO3iWzadPM\/DTkiVmD0fdR+kG0djZ9EG8f0LeDu+bCskJf1IswdCnM4\/5de8ApQ&quot;,&quot;sSDOksHz2fpC\/\/dn&quot;]</string>
    <string name="server_static_public">qJWvSttNopqgQ2CgXYTc4jmSUKWd1Rv2QTMbQyYpKwY</string>
</map>
