<?xml version='1.0' encoding='utf-8' standalone='yes' ?>
<map>
    <string name="client_static_keypair_pwd_enc">[2,&quot;Rdy7XbvvdTpZmizBqplT1kiG7K3WtVE9\/CYbffwyvLD0YSOzenPXct6to9TVmF8bDxLToez0T62D0d83lAN45g&quot;,&quot;hhZ7PZnb\/F4xSLm32uVxAA&quot;,&quot;ZAhSqw&quot;,&quot;oR1Ef5bNNKv+4tgJkIOz5g&quot;]</string>
    <long name="client_static_keypair_enc_success" value="257" />
    <boolean name="can_user_android_key_store" value="true" />
    <string name="client_static_keypair_enc">[0,&quot;pahS7Ap+xNVGs1tinHj4MAPdTW\/7xfg1S\/mXC+R5h+gaLgSuwdblzl6yh94aFOSyYwOgxqGYaqMBfRhojfVtBFLmubmIzZ0JDePYDJwtkZI&quot;,&quot;4WMxQHz2gfoMS9V5&quot;]</string>
    <string name="server_static_public">qJWvSttNopqgQ2CgXYTc4jmSUKWd1Rv2QTMbQyYpKwY</string>
</map>
