<?xml version='1.0' encoding='utf-8' standalone='yes' ?>
<map>
    <string name="client_static_keypair_pwd_enc">[2,&quot;QX11eHMAyiR+r08O53Utjy2o2LzIfixLmTLz\/6pPClR5zPf2Mw7xoIyaakG139gmWjZxwQGzwdaTyyKXoyoYiA&quot;,&quot;ROU579Ks3e79K80jcpbDVw&quot;,&quot;DGycaw&quot;,&quot;QfengG8R1DJckFPykDTSDA&quot;]</string>
    <long name="client_static_keypair_enc_success" value="667" />
    <boolean name="can_user_android_key_store" value="true" />
    <string name="client_static_keypair_enc">[0,&quot;x+GudrRfenugliYi0QexqsZZsQYvKXTDCqVXZSkewsQTtc\/Bcsbf\/sDZQDB\/uT3oAMsBRw5DZQSRkuUcTqLY26YXCvUsC+oLtpuNmLNa7FA&quot;,&quot;4TAmPZNWBMRnE55E&quot;]</string>
    <string name="server_static_public">qJWvSttNopqgQ2CgXYTc4jmSUKWd1Rv2QTMbQyYpKwY</string>
</map>
