<?xml version='1.0' encoding='utf-8' standalone='yes' ?>
<map>
    <string name="client_static_keypair_enc">[0,&quot;Do701O4EpJkDQgfBnj\/dT+P1rYkzuSkc0wQv3IcZLJ3O9KYSyHE2lcPCWZFeM5pLtO9jIRjPhts2gYELG3kS3VBjgAXHazwwUDa2wfavjPE&quot;,&quot;B2KP\/zgRbUz2dfQ9&quot;]</string>
    <long name="client_static_keypair_enc_success" value="65" />
    <string name="server_static_public">qJWvSttNopqgQ2CgXYTc4jmSUKWd1Rv2QTMbQyYpKwY</string>
    <string name="client_static_keypair_pwd_enc">[2,&quot;8zH+JFk6OD1X6AN2kEHOatMAA1D8lfjz55erDYTFHz0hgKKLFZqMQFn0u+81ido8ydu5DUXdDiu2RsLsRVjUcg&quot;,&quot;1reStQPZVbudcZQ2EioJoA&quot;,&quot;drGTUg&quot;,&quot;UldXBb2NAsV4zcbfqGvCVQ&quot;]</string>
    <boolean name="can_user_android_key_store" value="true" />
</map>
