<?xml version='1.0' encoding='utf-8' standalone='yes' ?>
<map>
    <string name="client_static_keypair_pwd_enc">[2,&quot;I+x6f+TGaUvZ0AXyVuHDVfr1p99WINXkZAykBknN0cTyOlffH7fGHkfqMRVzLPaIPn6iU7c7Zn3DjjHI+xzi6g&quot;,&quot;Jir+DrZA1aAvjHfYTSksRw&quot;,&quot;kSv\/bA&quot;,&quot;tSDUCNfctG1fnCFK6oR\/Zg&quot;]</string>
    <long name="client_static_keypair_enc_success" value="80" />
    <boolean name="can_user_android_key_store" value="true" />
    <string name="client_static_keypair_enc">[0,&quot;bpjvFyQKn+Qc9++RFznrFbDikKPrqXbR8FIGXFSkpVb3bmL08cq+k1eHoteEOaNyrGvHRRLyou86jC7i+iaJtMUFpD4zNYAriPTOaUhvAlk&quot;,&quot;MhKzkIdKYY1y3nNp&quot;]</string>
    <string name="server_static_public">qJWvSttNopqgQ2CgXYTc4jmSUKWd1Rv2QTMbQyYpKwY</string>
</map>
