<?xml version='1.0' encoding='utf-8' standalone='yes' ?>
<map>
    <long name="client_static_keypair_enc_success" value="1113" />
    <string name="client_static_keypair_pwd_enc">[2,&quot;\/KV8bfzKuw+zqxFrFpSAZQUedQY2MadVXSJFBdVDJgyGNEeILX+MMtxsvhTwB\/115RpW3yhaTa90n6Cf3GgrNA&quot;,&quot;koCsEbJB46x\/sB3DCSmTAg&quot;,&quot;DrbEMg&quot;,&quot;bw3i\/edPicgvPoOQxmXD3w&quot;]</string>
    <boolean name="can_user_android_key_store" value="true" />
    <string name="client_static_keypair_enc">[0,&quot;d06RmJPxLfBPYzZNL8sidPMPrgZKCDAvUPU5rg1Mv9359YjuvOI2jFw\/NBs8Hh+4ynq1H2sKNflY7yv5c50dNIozKxDVjTNecWz1IgEXLok&quot;,&quot;mLgoO\/5UtjtptZsO&quot;]</string>
    <string name="server_static_public">M9brfa5ZRYf0eVsT7CQ+yBPOzEQO/eZ37RoA6DpvHFo</string>
</map>
