<?xml version='1.0' encoding='utf-8' standalone='yes' ?>
<map>
    <string name="client_static_keypair_pwd_enc">[2,&quot;3bASh3ktDNqtRnUG8IVMH67Sxf\/CtYtZE3Fb0NV4gZd47Gu2khVVRM05YRLiGuoMC8dut+0\/FTnSq76nKCkE9Q&quot;,&quot;Ioyt\/ifQicPoRxa1U\/Q0jw&quot;,&quot;RXra8g&quot;,&quot;eoV29rPOB7JXGXzq2ZQ9mw&quot;]</string>
    <long name="client_static_keypair_enc_success" value="7" />
    <boolean name="can_user_android_key_store" value="true" />
    <string name="client_static_keypair_enc">[0,&quot;BKBJnxf0kltzDBQc+vn241zL4weMlps3beyyGK+i\/CRFef53zpzUTAKjRcAE3y3AgwVrxBFevm2aexcW7GxHn4ro6Cd7bVWjQdK952v2Ydw&quot;,&quot;7QCAvLnRDmJaYsfr&quot;]</string>
    <string name="server_static_public">qJWvSttNopqgQ2CgXYTc4jmSUKWd1Rv2QTMbQyYpKwY</string>
</map>
