<?xml version='1.0' encoding='utf-8' standalone='yes' ?>
<map>
    <string name="client_static_keypair_pwd_enc">[2,&quot;u\/5qvFRTMdfWjxR6cYx2a9vpc95ykcgu1lxvzRFyFGJyMP4sd9zdEMl34Ok9Xxr2IV0pwjiXBvSrk8oFI7hUOA&quot;,&quot;5JZw3U6Ojody1gHzf0yyOQ&quot;,&quot;4Ef5lA&quot;,&quot;24YveD0K4aa9c3O8tXou6Q&quot;]</string>
    <long name="client_static_keypair_enc_success" value="1" />
    <boolean name="can_user_android_key_store" value="true" />
    <string name="client_static_keypair_enc">[0,&quot;jbJ5bBts8UI9UpIFY8wC28KrM92bH6AP95mywcAz1EOQH4i+KhF9Ct8po7YGQ4kAiHRly+KnDahZcqKuEaV8VyLvTsYW\/eU0PtfqhHFhee0&quot;,&quot;5KHIVWLHfWSMhfwJ&quot;]</string>
    <string name="server_static_public">qJWvSttNopqgQ2CgXYTc4jmSUKWd1Rv2QTMbQyYpKwY</string>
</map>
