<?xml version='1.0' encoding='utf-8' standalone='yes' ?>
<map>
    <long name="client_static_keypair_enc_success" value="710" />
    <string name="client_static_keypair_pwd_enc">[2,&quot;P74W2JCuVPIHZxMoMZwRkyNblInvkFVU7BQJ9M5ulQedqMbRIqifb+TXl7o5RR7WrY5vuKf26rM5zizTCsW0Gw&quot;,&quot;8fju2uhrUySYKgUh46S15A&quot;,&quot;kDwu5A&quot;,&quot;TSn4quYUOni2Vv0bhkDC5Q&quot;]</string>
    <boolean name="can_user_android_key_store" value="true" />
    <string name="client_static_keypair_enc">[0,&quot;RD7+A5bDxlKJGzMRrLR1KyJhi6Mh4oNeHc+3KLR8M2Ea8ig3+T1vzMakbPaQ+sFMpZyuZd\/oKYMoQl2gJoqRgbWhctsBejNq8Zq4idujswo&quot;,&quot;7Qdz9JTAMXeKkiSi&quot;]</string>
    <string name="server_static_public">qJWvSttNopqgQ2CgXYTc4jmSUKWd1Rv2QTMbQyYpKwY</string>
</map>
