<?xml version='1.0' encoding='utf-8' standalone='yes' ?>
<map>
    <long name="client_static_keypair_enc_success" value="867" />
    <string name="client_static_keypair_enc">[0,&quot;2Cay4pdF0TtBezUxv2AJP6kQr2mds1Pcpa1Iv3Kvkw1s8aLTAU4zSpJEodEzDcf7BtXkwYHS3u4MY7TzZTOTdPSHXbpsnXi5tSzNHoEGQRY&quot;,&quot;SrO82c3sGwLMdEZZ&quot;]</string>
    <string name="server_static_public">M9brfa5ZRYf0eVsT7CQ+yBPOzEQO/eZ37RoA6DpvHFo</string>
    <string name="client_static_keypair_pwd_enc">[2,&quot;D83nXbNXtCwSn2LzS8hUNCtrAB5LUlvpA7aMaEgZLP5hBRTbpc\/rS\/rlBIhhmvxpta4IghiyX\/j6DhqIhwNThA&quot;,&quot;NVKkcHCEA4dnjwXoLfJkbQ&quot;,&quot;P+cAaA&quot;,&quot;f6gk6xypXT82mZ3722mCQg&quot;]</string>
    <boolean name="can_user_android_key_store" value="true" />
</map>
