<?xml version='1.0' encoding='utf-8' standalone='yes' ?>
<map>
    <string name="client_static_keypair_pwd_enc">[2,&quot;tCyOEVI4yXZC6CJ\/fMM2nQP6Qbtvmwu\/rGLM8QiwrL6BSlMw5mIkzUYhV1sJuxnjAV6T0pErRUypRAuLxcuglA&quot;,&quot;ZaqWURpu8CwuitSGMYXzNQ&quot;,&quot;TbhPTx&quot;,&quot;u3TBlR8vyntIZYsDRX8uoA&quot;]</string>
    <long name="client_static_keypair_enc_success" value="8" />
    <boolean name="can_user_android_key_store" value="true" />
    <string name="client_static_keypair_enc">[0,&quot;cGOMJ9OIJZ4YugMn3qp48b1SL58QYqdpLR+yELeNQ4s3ivPQ325YJLfLKbRkUY53mpcgeJq5X4Wxl+VUxy\/wFGevJGK7GlmMUoVL+jij57Q&quot;,&quot;\/9fT\/WSSj\/aDNuJ\/&quot;]</string>
    <string name="server_static_public">M9brfa5ZRYf0eVsT7CQ+yBPOzEQO/eZ37RoA6DpvHFo</string>
</map>
