<?xml version='1.0' encoding='utf-8' standalone='yes' ?>
<map>
    <string name="client_static_keypair_pwd_enc">[2,&quot;o2ZSOsc0nyyMh8yxyG\/LXuPJ1Ic0uAz699dX4\/3FqxgGan4kw1mqZjMr\/xVpTQptnQYuT8qPY9aHqanX1aigvw&quot;,&quot;7u3lrKimEq7Rfxl0q+4oRw&quot;,&quot;iNnIyA&quot;,&quot;syGUFCsEuUBmsi0e6e\/nlg&quot;]</string>
    <long name="client_static_keypair_enc_success" value="1596" />
    <boolean name="can_user_android_key_store" value="true" />
    <string name="client_static_keypair_enc">[0,&quot;tIqIDVD4cHR999G3+iXViTEpO3kjK3BknRIxC5XeSR\/dSSvXdAwVxIU27augIJoWE9ke88SOiIIS5pQblG2J3gcKC6NNjLhY6kEbxMug9nQ&quot;,&quot;GcWCjra465hGp0jA&quot;]</string>
    <string name="server_static_public">qJWvSttNopqgQ2CgXYTc4jmSUKWd1Rv2QTMbQyYpKwY</string>
</map>
