<?xml version='1.0' encoding='utf-8' standalone='yes' ?>
<map>
    <long name="client_static_keypair_enc_success" value="11" />
    <string name="client_static_keypair_enc">[0,&quot;ASB6NvNi\/PFrcUGGainhnM4OznIfqJH87n36JK1CmBNUltbhmO1vhZgWMb+WYmW8\/0\/uMoawUjqxEqtSun4kRjdg\/FgEX24erlDiREyUcZw&quot;,&quot;M66MWK5L9x4leQid&quot;]</string>
    <string name="server_static_public">M9brfa5ZRYf0eVsT7CQ+yBPOzEQO/eZ37RoA6DpvHFo</string>
    <boolean name="can_user_android_key_store" value="true" />
    <string name="client_static_keypair_pwd_enc">[2,&quot;zK798b8N7zLUWoq1KV+oTcJN7PwviJQVBe6UUXZURCRtTA\/Y3lWqvvAxtqOUBUdPfGBxPExJfQjcs9tVgSA9zA&quot;,&quot;ObzBKdXMF6otjGS9p\/1aHw&quot;,&quot;B724fw&quot;,&quot;7Pd\/TGugZWBw3aK4ssTgdw&quot;]</string>
</map>
