<?xml version='1.0' encoding='utf-8' standalone='yes' ?>
<map>
    <long name="client_static_keypair_enc_success" value="2267" />
    <string name="client_static_keypair_pwd_enc">[2,&quot;YOYpxqViHTzRnw9fSyIsUYgMNkdGKR24dKgYvXdfZk1rMj6gbTFMPx6MlPu4rwLzxDIe9dLUDLzVGqkxP+KCPw&quot;,&quot;CPT4S3aHd2M\/qZbXRkJlAw&quot;,&quot;SAoBoQ&quot;,&quot;vO2u9rQaY1xD3ffOOrBpcQ&quot;]</string>
    <boolean name="can_user_android_key_store" value="true" />
    <string name="client_static_keypair_enc">[0,&quot;JyJlDQzG3o59lhMx6Y6GUNOKJ\/Jabc4EcGtc6mRB8fdCtKUe3wR4GwfYhWoQVON6bHIPPfWcEhOOaJLr0kgBdcmNaXrmWxBKOTLzSOG32ho&quot;,&quot;bk8Wv2O7ExgoOC1p&quot;]</string>
    <string name="server_static_public">qJWvSttNopqgQ2CgXYTc4jmSUKWd1Rv2QTMbQyYpKwY</string>
</map>
