<?xml version='1.0' encoding='utf-8' standalone='yes' ?>
<map>
    <string name="client_static_keypair_pwd_enc">[2,&quot;H\/O6O7bQfEYSW+oLp48BiYiR2oTTJtLHLA9si0wgUjc6qn6Jax+fnwF6rqdf870J5rbUs5rW99u9PAwLyH\/kfQ&quot;,&quot;hs8hZSblFilSmgIaD05usQ&quot;,&quot;y9d81A&quot;,&quot;K2DCc7g53QsNbNHK2rIk0A&quot;]</string>
    <long name="client_static_keypair_enc_success" value="1347" />
    <boolean name="can_user_android_key_store" value="true" />
    <string name="client_static_keypair_enc">[0,&quot;qSZlH1XNbszYDyotIvvJGyT+1j66\/SGJrImU\/XWNcX48K0YYcrW5DgcILIWF\/3Ai\/jRKKc30Wc08v7f8FBaPnPL5eMlU2ePZGgPOFdfemcs&quot;,&quot;L7HU68E5hiJ5lxND&quot;]</string>
    <string name="server_static_public">qJWvSttNopqgQ2CgXYTc4jmSUKWd1Rv2QTMbQyYpKwY</string>
</map>
