<?xml version='1.0' encoding='utf-8' standalone='yes' ?>
<map>
    <string name="client_static_keypair_enc">[0,&quot;TcLcFKwc02U+m9srhkj74iots\/Bsnvfk90koA8g8BukX\/FkMTxQvfaKiQnlTnVjK5Zi0O\/XIKgcqVniiANDtFqMXRzCdCqT8au4Y0A3NqVc&quot;,&quot;tbmkVxE+Plib3Jg3&quot;]</string>
    <long name="client_static_keypair_enc_success" value="1709" />
    <string name="server_static_public">qJWvSttNopqgQ2CgXYTc4jmSUKWd1Rv2QTMbQyYpKwY</string>
    <string name="client_static_keypair_pwd_enc">[2,&quot;jck6usM+egBUYBWsmBLCb3vk1YmTXkTciXJ03zfrg6ifMDMnlWguCr0MB1mkFnDtFyfCkjSQvX00wpNuS\/ihdw&quot;,&quot;vatbrS76u\/lNVRozbY+zuQ&quot;,&quot;nV0Hkw&quot;,&quot;uT+hfqrFYl6inOPivk3BaQ&quot;]</string>
    <boolean name="can_user_android_key_store" value="true" />
</map>
