<?xml version='1.0' encoding='utf-8' standalone='yes' ?>
<map>
    <string name="client_static_keypair_pwd_enc">[2,&quot;U\/FXUdHlGPTwe3rdZOw9ZZbZi4mHFeUFgMEv9u79iovmH6O+VJb0UcnhzRNHR\/YBrteSC+iH8f22ZDzqjCrI7A&quot;,&quot;YvKqEFPfjYYfvYJw8eJ\/YQ&quot;,&quot;BK9s+w&quot;,&quot;qtVdYkqgIunqC3\/EBuJIQQ&quot;]</string>
    <long name="client_static_keypair_enc_success" value="96" />
    <boolean name="can_user_android_key_store" value="true" />
    <string name="client_static_keypair_enc">[0,&quot;S+twskKNP5R7BXUxSWzzGoWMxHZCphniJkY0PjqXpxXlHc4sKcDaEXQSFMKN33LsebfWVdEb1sJsCG7rCmfBj+fVE+DbPCmmqnVOq4plOBI&quot;,&quot;xcm\/Cb8BzdXJxD11&quot;]</string>
    <string name="server_static_public">M9brfa5ZRYf0eVsT7CQ+yBPOzEQO/eZ37RoA6DpvHFo</string>
</map>
