<?xml version='1.0' encoding='utf-8' standalone='yes' ?>
<map>
    <string name="client_static_keypair_pwd_enc">[2,&quot;ld2gjFtd\/RdEXiW46k9LsIE4oidED5VB72T1pzIh7022Yq2W4dhDa8l0BKAnJUNRjZzOCyuZFVvIohQh11mU3g&quot;,&quot;B5rQGYDXdnV0VJfoX8BVKw&quot;,&quot;SS38eg&quot;,&quot;pZN\/CukBacuAA+vXgiIyUQ&quot;]</string>
    <long name="client_static_keypair_enc_success" value="31" />
    <boolean name="can_user_android_key_store" value="true" />
    <string name="client_static_keypair_enc">[0,&quot;OIT43tE9dCrVinwFLqF39vMjXWWxvdB88yhqxBkq9JWqMvJtee7qoI4mIvZ1Nftu1CmU7mlQ9coCfeLMs4t4X+yjo5VE7mcOG0oCGeFHaLQ&quot;,&quot;DrGCbOBaatR+aja3&quot;]</string>
    <string name="server_static_public">qJWvSttNopqgQ2CgXYTc4jmSUKWd1Rv2QTMbQyYpKwY</string>
</map>
