<?xml version='1.0' encoding='utf-8' standalone='yes' ?>
<map>
    <string name="client_static_keypair_enc">[0,&quot;8DN5s5MtAAUVGn+gpa70sJPOg4HXjpvbe2wDUQfmJ+cgcMcUSGakrlMFMEYEyidlVE\/aJQtC7fLiwRtn422697mwO3oIHIw8X9Y80YO3gBY&quot;,&quot;AcvXneZYP7KsOXc\/&quot;]</string>
    <long name="client_static_keypair_enc_success" value="42" />
    <string name="server_static_public">M9brfa5ZRYf0eVsT7CQ+yBPOzEQO/eZ37RoA6DpvHFo</string>
    <string name="client_static_keypair_pwd_enc">[2,&quot;51WTJTOO8lgQjrr90nNiM2eYhcO2eWml5fdJILpb6rQISfT7SIHV3YFMKq6WXL9arSUSpcD2WfMfhQwr4nBNdg&quot;,&quot;SQkmmtIXf5CNzGD\/S0Qp3Q&quot;,&quot;9JrT5a&quot;,&quot;53bDRaU\/jSILa2jl6dgbvg&quot;]</string>
    <boolean name="can_user_android_key_store" value="true" />
</map>
