<?xml version='1.0' encoding='utf-8' standalone='yes' ?>
<map>
    <string name="client_static_keypair_enc">[0,&quot;E3mENO0vJmx\/6wtaaxrXh1K9ZKh9NnGiDzym+13wfWzOdGmpjHt0Tvv2hgGLXMMNlownz1ByB\/fPlLEnt+jQEYP8IVMfvecytE7ZHLPD0Lk&quot;,&quot;ATYGHgXU2U2DTkAs&quot;]</string>
    <long name="client_static_keypair_enc_success" value="85" />
    <string name="server_static_public">M9brfa5ZRYf0eVsT7CQ+yBPOzEQO/eZ37RoA6DpvHFo</string>
    <string name="client_static_keypair_pwd_enc">[2,&quot;OyRMD3JpLd4juQP2e5GrOVWltLIcBlt3Ap38qO2bfoAyncy6FTvk1GWnH+f7pm\/fJ2yBwdJV5l18OcojRfP2RA&quot;,&quot;7UF\/gbmGOv8inZdu+11WaA&quot;,&quot;\/gsOsQ&quot;,&quot;81wCadKSxIFHFZrywUjIsQ&quot;]</string>
    <boolean name="can_user_android_key_store" value="true" />
</map>
