<?xml version='1.0' encoding='utf-8' standalone='yes' ?>
<map>
    <string name="server_static_public">qJWvSttNopqgQ2CgXYTc4jmSUKWd1Rv2QTMbQyYpKwY</string>
    <string name="client_static_keypair_enc">[0,&quot;C4zQlUjFRL9ntyTe\/x8QUWaw1rog55flILUF0pKEOdqNf9syY5rZKhuBe6pj+bY460h\/vPD029TA+ud1gpcIZH4JLHg9eu3KlO3\/9WrOeoU&quot;,&quot;nWoRR34JlqCf51nK&quot;]</string>
    <long name="client_static_keypair_enc_success" value="4610" />
    <boolean name="can_user_android_key_store" value="true" />
    <string name="client_static_keypair_pwd_enc">[2,&quot;S6qH8ajU1LmtMVx1COcyNLfMppfezHQ9lZTMUwo\/bFZWu34d1SjhbAcsNg2sPFEEDEWyZLA\/qtJ9+JN576SL8w&quot;,&quot;LgAI\/o76Fp8+slUgh7ZGmg&quot;,&quot;JfQilw&quot;,&quot;nJ7gXrDNxgYbvGOc1d75nA&quot;]</string>
</map>
