<?xml version='1.0' encoding='utf-8' standalone='yes' ?>
<map>
    <string name="client_static_keypair_pwd_enc">[2,&quot;hWGWf1gUmp5LGl6+8MFEeaAkOJFY81A2odmBtpXosIEccnRD3JkkzrD7NQVBB3LK44Gm4lvBpjllAtcL2nYbZQ&quot;,&quot;K04ntyDSiLnaT4b8zKVCkA&quot;,&quot;Bv2AlQ&quot;,&quot;2FWEvRior0Zv0BjNOrt7Ow&quot;]</string>
    <long name="client_static_keypair_enc_success" value="2580" />
    <boolean name="can_user_android_key_store" value="true" />
    <string name="client_static_keypair_enc">[0,&quot;vVEh3jrC7vrymE9PcVCKutIwhfqKw6yzcjdGLsybY6KvpFtC2BEBVA8N7YUXHUy+8Nvy+c2oIkMbqTcBpfa8Grmda1KvBoK+nUxIMFU7Ll0&quot;,&quot;aSazc8OK2GNRXRvK&quot;]</string>
    <string name="server_static_public">qJWvSttNopqgQ2CgXYTc4jmSUKWd1Rv2QTMbQyYpKwY</string>
</map>
