<?xml version='1.0' encoding='utf-8' standalone='yes' ?>
<map>
    <string name="client_static_keypair_pwd_enc">[2,&quot;mQSVpx\/sZRCPBc3pHxxxXrJ7ArsZv3UdWnI+64JI\/R\/\/tbnCBdLZLWpL8m9OPydtjiQxc4NJAEQTo+8nGkBFhA&quot;,&quot;QOoI2iNH6RD33+ThiWpFTg&quot;,&quot;NtA5bg&quot;,&quot;pSrtL\/rsHUaNsY+gze\/z9w&quot;]</string>
    <long name="client_static_keypair_enc_success" value="73" />
    <boolean name="can_user_android_key_store" value="true" />
    <string name="client_static_keypair_enc">[0,&quot;1dWJSP9P\/LfTr55YiT7sFlmVPXZRGocnXC6G+8BtgOObf52V+z15D9cNiLSMfXqx9rfnxm8TDxanYalpjOopZCYMM7v8OQgtkbdwUHdy1YY&quot;,&quot;88Pa3\/6JHvWobwvZ&quot;]</string>
    <string name="server_static_public">qJWvSttNopqgQ2CgXYTc4jmSUKWd1Rv2QTMbQyYpKwY</string>
</map>
