<?xml version='1.0' encoding='utf-8' standalone='yes' ?>
<map>
    <string name="client_static_keypair_pwd_enc">[2,&quot;5T0hdrR9YR+Ifez+CbAMMcQbKwIYb8NEKDmEJ\/alzUHg31NcrE3Jw6+y8P6mZul9ZGNMCkM0OqVHQCysxsm7vg&quot;,&quot;MplkIPgkLlTr9SsXCnvhYQ&quot;,&quot;I8TYcw&quot;,&quot;0dvFxejMOrTmPLlnO4L2NA&quot;]</string>
    <long name="client_static_keypair_enc_success" value="67" />
    <boolean name="can_user_android_key_store" value="true" />
    <string name="client_static_keypair_enc">[0,&quot;q8iBmwYyykEqXz\/2j853+CJ3ii5w3ggqnAVOQAM\/zziSH3vKDEZdeuYgKlD9W8uu4wRDCcOD9zeZvCfKbsXKxlHAKmf\/uwJ7kC12owe+vUs&quot;,&quot;GYMb3VoPCe5L3MT+&quot;]</string>
    <string name="server_static_public">qJWvSttNopqgQ2CgXYTc4jmSUKWd1Rv2QTMbQyYpKwY</string>
</map>
