<?xml version='1.0' encoding='utf-8' standalone='yes' ?>
<map>
    <string name="client_static_keypair_pwd_enc">[2,&quot;04WOYXC4hlLrWWoF648MEUXmUuzpnMJa5ZHCnvUuETfZtGG3++irKpLefeKrwb1fyXItFq5f9KEe2rXguKgqWw&quot;,&quot;AzJRCeU\/lX4ppBfUiTaAnA&quot;,&quot;WtcZLA&quot;,&quot;3XsTwNyMQuj01Arhd9VaNQ&quot;]</string>
    <long name="client_static_keypair_enc_success" value="178" />
    <boolean name="can_user_android_key_store" value="true" />
    <string name="client_static_keypair_enc">[0,&quot;+Wyc\/jR5+jg9XAwcpw87X3nO1xWvCv0OS4L347vmXTSN2uVZsgvz7CbFhKg81Lv05Y2kW\/7RBjtdA5a3jVb\/ZOpFbfIRTeUJlNaQY03Q9pg&quot;,&quot;tRUJYSr4j9rUCtcj&quot;]</string>
    <string name="server_static_public">M9brfa5ZRYf0eVsT7CQ+yBPOzEQO/eZ37RoA6DpvHFo</string>
</map>
