<?xml version='1.0' encoding='utf-8' standalone='yes' ?>
<map>
    <long name="client_static_keypair_enc_success" value="62" />
    <string name="client_static_keypair_enc">[0,&quot;ue4NrvTPlwXo\/62mwkPU2Zqnt3J5oNtNxBiaZ4Rv2DkxXi+Jmm1+hcQ61KPWHFG85uTbsaynAkGYscWCWtpWAdj0\/PDF6NE\/26IygSA84MA&quot;,&quot;fHlPOjeHI5ZkoAVT&quot;]</string>
    <string name="server_static_public">qJWvSttNopqgQ2CgXYTc4jmSUKWd1Rv2QTMbQyYpKwY</string>
    <string name="client_static_keypair_pwd_enc">[2,&quot;4rYAZoicIZHqfu0Fy7srb8m7u3qWG4ZtOt0ng1ZdsMAQYYC3uMVJs268MsGatHYipbJPG5aHsnXjKtOu0jU2VA&quot;,&quot;FEL43df+Iv1xYBDJ0fE\/sQ&quot;,&quot;yQOZxA&quot;,&quot;KmWDnL5\/fTVDh+MuN71\/fA&quot;]</string>
    <boolean name="can_user_android_key_store" value="true" />
</map>
