<?xml version='1.0' encoding='utf-8' standalone='yes' ?>
<map>
    <string name="server_static_public">qJWvSttNopqgQ2CgXYTc4jmSUKWd1Rv2QTMbQyYpKwY</string>
    <long name="client_static_keypair_enc_success" value="173" />
    <string name="client_static_keypair_enc">[0,&quot;ZlHK8WLu3V3uSl7gk+DHyJDN2sdPsk\/kMF3bTlFvqTJ8PMSeDwZ7uAtYV6O8rqJTccGgoOBRV\/63+eLQyPk0zx43yByecjBTncwG+XmQQyA&quot;,&quot;U6PQ+zFTHMWYnmgU&quot;]</string>
    <string name="client_static_keypair_pwd_enc">[2,&quot;yPkgs8jcxfA9DtyvmHkEbJmrZe9h4k3uuSq6PDsxi3y2fsPnxBRxJyiXk61uFjZ9yZ05wk7tVYaRARoQ4dsBUQ&quot;,&quot;rDVJXd29tZxhGoTz8VTbeQ&quot;,&quot;RHHtIg&quot;,&quot;ET+038qmJOULAEe7QGyXzQ&quot;]</string>
    <boolean name="can_user_android_key_store" value="true" />
</map>
