<?xml version='1.0' encoding='utf-8' standalone='yes' ?>
<map>
    <string name="client_static_keypair_pwd_enc">[2,&quot;jwNvKo8mx\/lNIX+UIxsIqg580xTQPFnUBCXlF41AaO95nCTQcgCLhurjPuZsAOOoSvS4OADNDKx\/GirKjJugYw&quot;,&quot;E31vCM+gbI3vQ9JT0eKzEw&quot;,&quot;AkyI3w&quot;,&quot;CPvM745Wv1ruO035nq5NPw&quot;]</string>
    <long name="client_static_keypair_enc_success" value="14" />
    <boolean name="can_user_android_key_store" value="true" />
    <string name="client_static_keypair_enc">[0,&quot;Zo8OVrRu4eZtEAyrp5MLJ\/6w1GdOYoO0kKvvxcH2RN4O42+qK0isDu80EEbJSwVeHsuUro0LJq92P6XE2m6DoJFQFHiBeKLvCkqXWyKGIzk&quot;,&quot;rPwBwDt3KpX+dR+c&quot;]</string>
    <string name="server_static_public">M9brfa5ZRYf0eVsT7CQ+yBPOzEQO/eZ37RoA6DpvHFo</string>
</map>
