<?xml version='1.0' encoding='utf-8' standalone='yes' ?>
<map>
    <string name="client_static_keypair_pwd_enc">[2,&quot;ATvoqRR3oCtvccgmkJYVh46OS6DiC93Q1KesiiZAct8ClaOs\/IfQQczdSRYcTUCFBHVWFd2V3N+XH9ICIhLidw&quot;,&quot;Mn9WAY3vAqgRkP+7w90Neg&quot;,&quot;wmxxog&quot;,&quot;OgjN1HRduhaCAxXmPX8dmg&quot;]</string>
    <long name="client_static_keypair_enc_success" value="282" />
    <boolean name="can_user_android_key_store" value="true" />
    <string name="client_static_keypair_enc">[0,&quot;ZAPDLi1lPl2S5T+rlqAo6Hvh7KuHxmSlsuk9fai7gwDlkDIHxvlGzSkMGQedJN9qGrVTW\/usnKlMbB+MVzskEKhx2w7UGpnzu8FL2rNw1RQ&quot;,&quot;p4IaMd4AFSO53teB&quot;]</string>
    <string name="server_static_public">M9brfa5ZRYf0eVsT7CQ+yBPOzEQO/eZ37RoA6DpvHFo</string>
</map>
