<?xml version='1.0' encoding='utf-8' standalone='yes' ?>
<map>
    <string name="client_static_keypair_pwd_enc">[2,&quot;VmWe8fz2LavB+DqNTTmSf9RmtLS21mfYCRj5oVD8RlgUHdQmCReXO5aTQQi9HuuRyD6ZCDQ8xiFP8jtNu\/34Og&quot;,&quot;LQiJNFu+GltFxZt9O8I0LA&quot;,&quot;jnjX2A&quot;,&quot;Eo1DWFTYgA1elkG6dtRJHw&quot;]</string>
    <long name="client_static_keypair_enc_success" value="83" />
    <boolean name="can_user_android_key_store" value="true" />
    <string name="client_static_keypair_enc">[0,&quot;m8oo29aBHY74HZiex7HArkxjBXXqseEPibrdeRlzmardG6vu4ndlyX\/u3Ki\/td51Niu4dSkIRqB84bbVey0jriZXaVQiYbnJeA9FCScvC1o&quot;,&quot;vGLtW45YvpzjXSuR&quot;]</string>
    <string name="server_static_public">qJWvSttNopqgQ2CgXYTc4jmSUKWd1Rv2QTMbQyYpKwY</string>
</map>
