<?xml version='1.0' encoding='utf-8' standalone='yes' ?>
<map>
    <string name="client_static_keypair_pwd_enc">[2,&quot;ct28apuHfxqIeLcvv7Yzxox\/q0LFJupYXsDtqeqIVBu8n7XIOXmU7+4nSYt\/vXpYaZJoW91GXb19RjYnYMdDTQ&quot;,&quot;pGacTetsA2S77vdbyr6iNg&quot;,&quot;OTgxhg&quot;,&quot;CgwBMI0EcxvnDQbkNAmn8Q&quot;]</string>
    <long name="client_static_keypair_enc_success" value="10" />
    <boolean name="can_user_android_key_store" value="true" />
    <string name="client_static_keypair_enc">[0,&quot;uSyZpEax7ufbxs4KdHnWqKcUl+gxre3qljWcWCYTclhlqCDOppoWKSDTWvxZG4Cq80MfQA3DnOO53vpEHUuyK2Nn0\/GINYF3Q5n6Ptb3aKM&quot;,&quot;ahE8LHAtuIaFmUu4&quot;]</string>
    <string name="server_static_public">qJWvSttNopqgQ2CgXYTc4jmSUKWd1Rv2QTMbQyYpKwY</string>
</map>
