<?xml version='1.0' encoding='utf-8' standalone='yes' ?>
<map>
    <string name="server_static_public">M9brfa5ZRYf0eVsT7CQ+yBPOzEQO/eZ37RoA6DpvHFo</string>
    <string name="client_static_keypair_enc">[0,&quot;MxbpB62aNDd0bDDWA73g+c1SPZmX5bIwJDNk8ipVKjcfbUo\/c1YL83W0G06qBYH3wyrjelyUUyD9Ajo7+mYc\/e0V3RuD+UGWuLwgjQxCdNY&quot;,&quot;NPyYKEzSEkb5SNVl&quot;]</string>
    <long name="client_static_keypair_enc_success" value="58" />
    <boolean name="can_user_android_key_store" value="true" />
    <string name="client_static_keypair_pwd_enc">[2,&quot;lxiiwutIDPIYTX3ZkoSGw7r\/4UBxkf08ZomQXnk\/7t2FEywtTZczVlaY61Qtt0V3CWriwyfvuf7\/T1jeEg03RQ&quot;,&quot;LIIYE4ypA2bIlkJj6KaGOA&quot;,&quot;QKB6uA&quot;,&quot;8Ph5LjfLqV064akmzW9nrw&quot;]</string>
</map>
