<?xml version='1.0' encoding='utf-8' standalone='yes' ?>
<map>
    <long name="client_static_keypair_enc_success" value="175" />
    <string name="client_static_keypair_enc">[0,&quot;mGqGKuhVJYkjZyAQ32sSVWdsz0hIZGTGGQpbQwesnFN+8qlR3sn5GXwaQpJsJZtggcSffc7BP\/luPK+1LmdEqla5x3L+3O0Q1T\/gMjgJapk&quot;,&quot;W4uqM\/W8eXa90IKo&quot;]</string>
    <string name="server_static_public">qJWvSttNopqgQ2CgXYTc4jmSUKWd1Rv2QTMbQyYpKwY</string>
    <boolean name="can_user_android_key_store" value="true" />
    <string name="client_static_keypair_pwd_enc">[2,&quot;BNVqRID2+gwz4e8YKmRxQbfpQEQE7m5t3PRHvElTdOmgX9AgSE8hd293rfP8eYPxg2Q\/i9U7wU9+XcIraaBvpA&quot;,&quot;r8M3Chpdf6Glkdy+qrP7OQ&quot;,&quot;GpVTHg&quot;,&quot;TNOH625bFfDsfedp4C7sjg&quot;]</string>
</map>
