<?xml version='1.0' encoding='utf-8' standalone='yes' ?>
<map>
    <string name="client_static_keypair_pwd_enc">[2,&quot;gIuHlRmEpcs\/XlBvPrq04kZSbTToJnlbvk\/FNJfUa03Tab+w2wk66JHY7urtiun7PSrHKdUOJewVpENcTHfn6w&quot;,&quot;+nmZQpG8IRB\/sDzCAcTCIg&quot;,&quot;bv1vkQ&quot;,&quot;g8xuCMNRDOTS77nVS2BGhQ&quot;]</string>
    <long name="client_static_keypair_enc_success" value="6" />
    <boolean name="can_user_android_key_store" value="true" />
    <string name="client_static_keypair_enc">[0,&quot;hNW1JIkAnQcpnlhDmg6e7PTZvG5\/Xu1ah10lnbxHST2RA4AE3dRlmJ45MtPLh8VkygCyMrxrhnrFZxO\/ofZYxnglN+Q478sEu079bXAa8S0&quot;,&quot;PT1l2tR\/66HwI31i&quot;]</string>
    <string name="server_static_public">M9brfa5ZRYf0eVsT7CQ+yBPOzEQO/eZ37RoA6DpvHFo</string>
</map>
