<?xml version='1.0' encoding='utf-8' standalone='yes' ?>
<map>
    <string name="server_static_public">M9brfa5ZRYf0eVsT7CQ+yBPOzEQO/eZ37RoA6DpvHFo</string>
    <string name="client_static_keypair_enc">[0,&quot;OGSXJsAe+u6OsFTjODE0dZ9L7fn5U9wt\/mVN3njiH\/3EosYNMMWVnnL9xerup989A6T7WDF0MsgPbFRyzOrSngB6RDJpUtjRtDcrbyz4n1A&quot;,&quot;LoALHQgJGC0nwAzd&quot;]</string>
    <long name="client_static_keypair_enc_success" value="26" />
    <boolean name="can_user_android_key_store" value="true" />
    <string name="client_static_keypair_pwd_enc">[2,&quot;oyN\/Z8YzgVIzTDjXSIDcTg4sj98\/kwUqRYPqR\/SUr3m5FqTt5qgn\/WVdsOQv3gZTvBrOwqT0bfm1By0DRLPrBw&quot;,&quot;p4ONppezL0UgJbz7WKiG\/Q&quot;,&quot;ttwmrQ&quot;,&quot;16tEz5tLnOFnasoIlHzvag&quot;]</string>
</map>
