<?xml version='1.0' encoding='utf-8' standalone='yes' ?>
<map>
    <string name="client_static_keypair_pwd_enc">[2,&quot;RT8FOT9sW2tVEitDVhnNVixY5XBSGw7OyfvkE4wOWxhR+O88DnPUCEZ0URa\/D8e1nUX62OBAE6E\/7Jfbq9L8kw&quot;,&quot;PbFGq1Tx1LI258XY55Xvvg&quot;,&quot;XQMt1w&quot;,&quot;jJ2Bn+rpgY2xaubOJY\/lDQ&quot;]</string>
    <long name="client_static_keypair_enc_success" value="20" />
    <boolean name="can_user_android_key_store" value="true" />
    <string name="client_static_keypair_enc">[0,&quot;rg73LoIVU6CYy8dq\/j8zKq6CgAeRd8qAKDumICYDHjYh5h7\/YQQZZWR0YWYDFOi1RfQTHmLT+z+EO\/0eazYVqi977TOiLcvloSLus9J1hlM&quot;,&quot;Cj9GK2TJHsvsFTTN&quot;]</string>
    <string name="server_static_public">M9brfa5ZRYf0eVsT7CQ+yBPOzEQO/eZ37RoA6DpvHFo</string>
</map>
