<?xml version='1.0' encoding='utf-8' standalone='yes' ?>
<map>
    <string name="client_static_keypair_pwd_enc">[2,&quot;Ou4Rv1gBoZm7n86Jr4JKsjR3y6hhg4UAmCfU78V3jbJSU+AJQr5J65mzGCkkcMzk3VJ10cIOrGd+uHugPgxQsQ&quot;,&quot;9tK7cELUR0KuMppP+tUN\/A&quot;,&quot;WuT8xg&quot;,&quot;DsDwqTP8tdJ1cJ+uCTwUaA&quot;]</string>
    <long name="client_static_keypair_enc_success" value="16" />
    <boolean name="can_user_android_key_store" value="true" />
    <string name="client_static_keypair_enc">[0,&quot;q1GcZleVko+DZsfGHKBfsZaWCtZXaoBZtCMUjl+M8YbBci678q1O2iJ4RKw6R8m2NjQG4OTCO6r0mPSHOP8Z8PT+5eYm52MQRbSW\/h7JyaM&quot;,&quot;TjLGkjoDg9AOyrZZ&quot;]</string>
    <string name="server_static_public">qJWvSttNopqgQ2CgXYTc4jmSUKWd1Rv2QTMbQyYpKwY</string>
</map>
