<?xml version='1.0' encoding='utf-8' standalone='yes' ?>
<map>
    <string name="client_static_keypair_pwd_enc">[2,&quot;E79zhDWOkKvfGGjdJCy\/HIDX5lOfjJZFwPwmEgRRMb2Qnmuu\/cX9Ptn7t0vJy4pXnjdvZzfj8qdS0pxD4Gr4gA&quot;,&quot;uNY6U\/pp8LOGbIjVRZwmlg&quot;,&quot;jK5Dhg&quot;,&quot;XtNSb9sACb9HAfTYeLFIYw&quot;]</string>
    <long name="client_static_keypair_enc_success" value="21" />
    <boolean name="can_user_android_key_store" value="true" />
    <string name="client_static_keypair_enc">[0,&quot;nOA67mYJxJtZkwtinobjDi9lsu9BfS+nX1lqH2XrP8\/pjIIso8P4ziDu2jB2i5LqKVvM0l\/+s36h4wWO5PkW0w1VPMXbbwRJQ4fhA8IJdj4&quot;,&quot;raWZMTLpPsEOXBw5&quot;]</string>
    <string name="server_static_public">M9brfa5ZRYf0eVsT7CQ+yBPOzEQO/eZ37RoA6DpvHFo</string>
</map>
