<?xml version='1.0' encoding='utf-8' standalone='yes' ?>
<map>
    <long name="client_static_keypair_enc_success" value="212" />
    <string name="client_static_keypair_pwd_enc">[2,&quot;2tuCRIw+F7cEhDk8uaTVG9243mU4iIW1BNZKmUdeAtUHE\/SO8CvsCQWFF\/lQk6e2E+rMSdjJt1y0Ov8Abq3o3w&quot;,&quot;8khPTLX0SsOZn5bdWrVk3g&quot;,&quot;rD69Wk&quot;,&quot;3+4NswELtIVA1ExmDiN9nw&quot;]</string>
    <boolean name="can_user_android_key_store" value="true" />
    <string name="client_static_keypair_enc">[0,&quot;p95McDp8mCJhztMbTS4uuOdmahDp9c1B62pADP759Z9Vj8vyC9AA2226tJRTmp0Kr8GcfgdJg31y48qm+95k8RgB4JdPqTJPIOsnbCMf+eo&quot;,&quot;8ZLUtfTRRcrAyXP+&quot;]</string>
    <string name="server_static_public">M9brfa5ZRYf0eVsT7CQ+yBPOzEQO/eZ37RoA6DpvHFo</string>
</map>
