<?xml version='1.0' encoding='utf-8' standalone='yes' ?>
<map>
    <long name="client_static_keypair_enc_success" value="107" />
    <string name="client_static_keypair_pwd_enc">[2,&quot;8phDeG4CXk9\/UZe6tlyvZtreF+PcAAONyO9tSPOueeK36jXJW71kxwSFcoDZexvz6llD2OxQJcqqzi6IhUcbBg&quot;,&quot;sau3Mj9c4Sch3TPl5RTtIw&quot;,&quot;8leu0Q&quot;,&quot;riO8p+EGMyzOI5i4\/w0Cjg&quot;]</string>
    <boolean name="can_user_android_key_store" value="true" />
    <string name="client_static_keypair_enc">[0,&quot;XEaWGlT66NuqCDG\/HfTaagf9wDfu75X6rAXiTQdyXyGPBTQ4y2ZQrOtuLha14qViUvsVHx5aKYwasIrtx6\/BjYKZ4me+\/h36tF\/4nBasYXs&quot;,&quot;yNUIQDCH9+LXxX0q&quot;]</string>
    <string name="server_static_public">M9brfa5ZRYf0eVsT7CQ+yBPOzEQO/eZ37RoA6DpvHFo</string>
</map>
