<?xml version='1.0' encoding='utf-8' standalone='yes' ?>
<map>
    <string name="client_static_keypair_pwd_enc">[2,&quot;Ed1WTMiNtI9oQf3Jf8TGE\/18ynAxqNNjpPJcJmYX3nBQQ7n7rQGQywBL2onSJUxOoIuUoEJBo+RY5W281tDxCg&quot;,&quot;aJ1\/sgiMU9OrH6JeIXvPYw&quot;,&quot;Bwprtw&quot;,&quot;LP\/83f66R59ZqJ\/KqUsWRA&quot;]</string>
    <long name="client_static_keypair_enc_success" value="2" />
    <boolean name="can_user_android_key_store" value="true" />
    <string name="client_static_keypair_enc">[0,&quot;M6OymUrU5ab63X6K1UasKQQ7aZwVbnHSHiE673h65mw0O8yKM2Y3q01\/kdiDYgVWUejOWkRz9MDNEM\/BWiEZX0gAwRUHNxBfo1fVky\/f5Hk&quot;,&quot;Anv7gmzVKjOHEDq2&quot;]</string>
    <string name="server_static_public">qJWvSttNopqgQ2CgXYTc4jmSUKWd1Rv2QTMbQyYpKwY</string>
</map>
