<?xml version='1.0' encoding='utf-8' standalone='yes' ?>
<map>
    <string name="client_static_keypair_pwd_enc">[2,&quot;DVK04pW3NsrUwjamy\/LFN1cgXkOmrUXMUXJ+15DKSWoR5OoIlJ8nZolVN1y5u79HpA1IPocnM23VC5rq7NS3JA&quot;,&quot;BqCCAUc1KREf4E2YqMIMwQ&quot;,&quot;BotnTQ&quot;,&quot;\/bhlrDUSR3m4qHlKzPp4Bg&quot;]</string>
    <long name="client_static_keypair_enc_success" value="33" />
    <boolean name="can_user_android_key_store" value="true" />
    <string name="client_static_keypair_enc">[0,&quot;IgUtyiAJ3zLiE82V2\/QM2q4psEgl1CvNy0AB2kBqaaPokKEKDD4JLG57IKwWpXiKFVUKJS5dL3k5r\/9sAjY\/QVIxKiMXr054PJ9UpvIHUSk&quot;,&quot;EPNICU3VxzV1BZwy&quot;]</string>
    <string name="server_static_public">qJWvSttNopqgQ2CgXYTc4jmSUKWd1Rv2QTMbQyYpKwY</string>
</map>
