<?xml version='1.0' encoding='utf-8' standalone='yes' ?>
<map>
    <long name="client_static_keypair_enc_success" value="65" />
    <string name="client_static_keypair_pwd_enc">[2,&quot;ulg0JU5PcIrfVLKYcJYn8umVNpjfKzJo0oaHHsYP440Z3mIkaLyr693Zf\/y4eAxbjY5\/xiZcF+i3ymlYoH4kIw&quot;,&quot;5Nd+ZlevRifuwi0ZyhbR5g&quot;,&quot;RI1oHg&quot;,&quot;Et1Gw3OYVcPUH5uje5SHOQ&quot;]</string>
    <boolean name="can_user_android_key_store" value="true" />
    <string name="client_static_keypair_enc">[0,&quot;J8Y1fm2KBiWJ0X4iC81r\/0wzxWybTkZ98dfj9eCbw5V73ENKC4fQZT6dFTGiWhW+XtHmRaJmG4vBeuEWJPHm\/X+rRhTWFIoTDqmvEDoTMEw&quot;,&quot;0OPMoSk+mhcyCIWV&quot;]</string>
    <string name="server_static_public">M9brfa5ZRYf0eVsT7CQ+yBPOzEQO/eZ37RoA6DpvHFo</string>
</map>
