<?xml version='1.0' encoding='utf-8' standalone='yes' ?>
<map>
    <string name="server_static_public">qJWvSttNopqgQ2CgXYTc4jmSUKWd1Rv2QTMbQyYpKwY</string>
    <long name="client_static_keypair_enc_success" value="30" />
    <string name="client_static_keypair_enc">[0,&quot;U5sYUZu3kgY4Pun+z4mvljt8pOEifN9zdLXMql4xmYr9T+uBTKLLfNtW0tUN19DVGa9o9vtZH2vK6S73zWmzjAEvkmAVuDcmqoZjEto2+6g&quot;,&quot;VJk358PAbmVGW3U+&quot;]</string>
    <string name="client_static_keypair_pwd_enc">[2,&quot;M0DIxtTezIDWBnXqvRxpw9SWViFuTgpmu8GSYwblzSHjjYJznI3qXFvQ4WhROVvyK1IcB+zwsPZozIbzdN42kg&quot;,&quot;XXTb1i65Bt218APnSOFVTw&quot;,&quot;\/\/Vfgg&quot;,&quot;4ayFbH5n5EWxCN0Nm\/bfFA&quot;]</string>
    <boolean name="can_user_android_key_store" value="true" />
</map>
