<?xml version='1.0' encoding='utf-8' standalone='yes' ?>
<map>
    <string name="client_static_keypair_pwd_enc">[2,&quot;xOk54JNgxklBByqQVTQJzOk1vY3AjMejunCuvdY9t29CYLx+QXWDfKXGMW29A5iamLf479NSLG1Qk7Z9x9cptg&quot;,&quot;fAJzZqJIzCz50BlL299obQ&quot;,&quot;yWmr8g&quot;,&quot;he5e529kE28mvHFTrT2dhA&quot;]</string>
    <long name="client_static_keypair_enc_success" value="23" />
    <boolean name="can_user_android_key_store" value="true" />
    <string name="client_static_keypair_enc">[0,&quot;uTxmNwVip2rYMJh4Us2b4auOvmCFKPdmpp0ygUkLR\/7\/IUqvVAkkq+PgtWbsGa3sZI\/ze2gwfRSvy74rWHMZj+1h9OTMP+NSwnCTtZzsdl4&quot;,&quot;Adyg8Ow6AsI2l8yj&quot;]</string>
    <string name="server_static_public">qJWvSttNopqgQ2CgXYTc4jmSUKWd1Rv2QTMbQyYpKwY</string>
</map>
