<?xml version='1.0' encoding='utf-8' standalone='yes' ?>
<map>
    <string name="client_static_keypair_pwd_enc">[2,&quot;n2ypfW655xT7b8E1xIk0wizNEOFAaT9e1ZHUhuhi6n0vsimpPeJrY1gisX4aBtJAyW+iwyLVe4UbllkChb1LSw&quot;,&quot;sUkOBnr5VtylhhNnXOMMWg&quot;,&quot;4u\/i5Q&quot;,&quot;bRg9GDYuGy5F32NLKDlqJw&quot;]</string>
    <long name="client_static_keypair_enc_success" value="2" />
    <boolean name="can_user_android_key_store" value="true" />
    <string name="client_static_keypair_enc">[0,&quot;S1SbYrP4dMfbE1MsyIHAukEv3SsGZ6+PcrbZ2VrAK056OgdrqY7y\/ou77i3tlgrRkHl2m\/4h6TXW7F1wN4LQfg\/cCmK3uKxhLYfGdV5CLts&quot;,&quot;rrF7g2VWv3OV+gzE&quot;]</string>
    <string name="server_static_public">M9brfa5ZRYf0eVsT7CQ+yBPOzEQO/eZ37RoA6DpvHFo</string>
</map>
