<?xml version='1.0' encoding='utf-8' standalone='yes' ?>
<map>
    <string name="server_static_public">qJWvSttNopqgQ2CgXYTc4jmSUKWd1Rv2QTMbQyYpKwY</string>
    <long name="client_static_keypair_enc_success" value="49" />
    <string name="client_static_keypair_enc">[0,&quot;cs90uO5MHSAnNCFSMBEy4l9vftoFDrVXqV9zn1f8PLs668SsPh9g4KKFhRr9f+emaFhqUHNyD7nFbxiS63RISyTYrg4hfzCiGW1K9uRX9\/E&quot;,&quot;Y5pTV6FJvkzlxBLV&quot;]</string>
    <string name="client_static_keypair_pwd_enc">[2,&quot;j0GhfInO51tSsa0ORQXz8oJVvWXJ3Wm7r5w1vBzhBGeO\/dWfTzmPzLuysEnrVLpmkiTKjlogcOVkvcAs3Y9dEw&quot;,&quot;BQ5jZP0hSnO0kenJR7n6jQ&quot;,&quot;5LZ8UA&quot;,&quot;SFvZ6yYT04ZZuvZgdrPWvw&quot;]</string>
    <boolean name="can_user_android_key_store" value="true" />
</map>
