<?xml version='1.0' encoding='utf-8' standalone='yes' ?>
<map>
    <string name="client_static_keypair_pwd_enc">[2,&quot;0frM83gnuxfYSrcYK3QhjfNR4ZxyohJ4V5yuBCO3p9au8IaDZQ+1Z+lHvKgRHXRGAwv+mDFch46+dYx4IGNcUQ&quot;,&quot;xmvHL8r2w5EsERPmPMUTiA&quot;,&quot;2MrsnQ&quot;,&quot;s34F3tg+geMNPoFIYDpeAg&quot;]</string>
    <long name="client_static_keypair_enc_success" value="2" />
    <boolean name="can_user_android_key_store" value="true" />
    <string name="client_static_keypair_enc">[0,&quot;TWnSy93+7nZYgyCZPwUNReM7sWLirYhKeQ0hFcOCgtC0gRYtb1rExC5rhluTzJW9t6+GDiPcCMOf0GNdzGyeY3K51w1zDTMpfcDQA+fKWAA&quot;,&quot;+n8AcKSaMeoya481&quot;]</string>
    <string name="server_static_public">qJWvSttNopqgQ2CgXYTc4jmSUKWd1Rv2QTMbQyYpKwY</string>
</map>
