<?xml version='1.0' encoding='utf-8' standalone='yes' ?>
<map>
    <string name="client_static_keypair_pwd_enc">[2,&quot;J8yLroU1WBz+g7mle9cJHze4+9EILUTtKXi\/YfxGDk0aPsGBo9W2KFsWT1n0MTarBK2+GgBmkVLd1nlkOqecJA&quot;,&quot;q+co5WYAu\/hjCrf7JMO\/SA&quot;,&quot;n5qf+Q&quot;,&quot;5yaV+PqsFKG8iSAcWLR8Ng&quot;]</string>
    <long name="client_static_keypair_enc_success" value="29" />
    <boolean name="can_user_android_key_store" value="true" />
    <string name="client_static_keypair_enc">[0,&quot;Wytkhkad47Fys3vXopbhP+HJQfroYjiex8dCEgPZU\/qbz+TEEhsGym+oB3HWg7sPuexg9p1GUqEpgfcCBs1IX\/cf57RHF8CNcUEFgvRtAPU&quot;,&quot;JBfHuq6\/X6CzJUl0&quot;]</string>
    <string name="server_static_public">qJWvSttNopqgQ2CgXYTc4jmSUKWd1Rv2QTMbQyYpKwY</string>
</map>
