<?xml version='1.0' encoding='utf-8' standalone='yes' ?>
<map>
    <long name="client_static_keypair_enc_success" value="93" />
    <string name="client_static_keypair_pwd_enc">[2,&quot;hM6BTH0iEtlKOT+aNevonpiRzA2t9pywxJdCZo3D4W8LkP3fRypH7j+Y8MKQsWTgjoDTcyHiNwlcnP4+\/2n+ew&quot;,&quot;ynLK\/VSfpk3n6h8HMazJgQ&quot;,&quot;IZp0DA&quot;,&quot;e9mTscUet0LpCQeLfe\/gNw&quot;]</string>
    <boolean name="can_user_android_key_store" value="true" />
    <string name="client_static_keypair_enc">[0,&quot;vsKHm+EA92t7oIfWlnYrbv43hswFL0EzYhvTbP6ZbzGAac9iWvpS3jOAb7OAQxlpCHpIxaT087DKuiaNsgD\/bOdJ5EJXWLILBh3kMOJwkaI&quot;,&quot;tKlZXPqpDH9YfiRZ&quot;]</string>
    <string name="server_static_public">M9brfa5ZRYf0eVsT7CQ+yBPOzEQO/eZ37RoA6DpvHFo</string>
</map>
