<?xml version='1.0' encoding='utf-8' standalone='yes' ?>
<map>
    <long name="client_static_keypair_enc_success" value="10064" />
    <string name="client_static_keypair_pwd_enc">[2,&quot;ZKAu58zoZTd+8ubCZqu2vQ6n4rha2bwwlKKi8mDow0Ijy8dXr8jY4GnxAJK244QZRAxKDbAA\/YEHU6dK63bjGw&quot;,&quot;YFgB+zmE7ap0\/5UJntveFw&quot;,&quot;tJK97w&quot;,&quot;pSf+OdJ8XspZZz0GrnRdIw&quot;]</string>
    <boolean name="can_user_android_key_store" value="true" />
    <string name="client_static_keypair_enc">[0,&quot;7fXxYIuDtQJB1sTNBXq0rp35vlRI0c\/pWSHWyV2lO+8UCfociNY+4v0Gf\/KGmlYBPURA8XAguCWS6u0\/U5OiuNDKy5TT6tvbvYeVbKGxhvA&quot;,&quot;zPLIzjtMnjLUPjqb&quot;]</string>
    <string name="server_static_public">qJWvSttNopqgQ2CgXYTc4jmSUKWd1Rv2QTMbQyYpKwY</string>
</map>
