<?xml version='1.0' encoding='utf-8' standalone='yes' ?>
<map>
    <string name="server_static_public">qJWvSttNopqgQ2CgXYTc4jmSUKWd1Rv2QTMbQyYpKwY</string>
    <long name="client_static_keypair_enc_success" value="21" />
    <string name="client_static_keypair_enc">[0,&quot;xepOUhjjNA7s4Z5Qaua\/aW7U4VZwnxxTMBRCe7QSQFYCfEYKAzv2wNJBDvAL0dik9soUNtVx6Q0M4JUM9USXUgv\/KtH4sRHG7FbOvQ7Qung&quot;,&quot;P9Zz\/asi8fRhGrUO&quot;]</string>
    <string name="client_static_keypair_pwd_enc">[2,&quot;vO\/CXTH3T5KR9qZu3558gVB9DcGsL3JE+vPMvFBaXUFodYZudzAZt7ZY86rbj4uYAymayFFbGMZHvvkeOVA+RQ&quot;,&quot;HjBVb4LY5\/H8pz5P447+Mw&quot;,&quot;XbbaBQ&quot;,&quot;Kxrfhz3TKBk3fbP7KwktoQ&quot;]</string>
    <boolean name="can_user_android_key_store" value="true" />
</map>
