<?xml version='1.0' encoding='utf-8' standalone='yes' ?>
<map>
    <string name="client_static_keypair_pwd_enc">[2,&quot;Q7+kKlAGf2zuxkLp+315heD6bXXGCExLY0YIYdUF7OE+\/Avz25uQB3kET9ljX+JXU22ZkwqI8jNwJm1KqOTF\/A&quot;,&quot;NEhod6cHdH5a5pmArLwJ8w&quot;,&quot;AwpE4w&quot;,&quot;kUqOrRJQ4R\/eG22asJthzw&quot;]</string>
    <long name="client_static_keypair_enc_success" value="3" />
    <boolean name="can_user_android_key_store" value="true" />
    <string name="client_static_keypair_enc">[0,&quot;\/DgnOmk3FiSA1Cv1OY\/atUBi\/XkyvVvIRNYTH+o3xZIay\/pcZsFZg5tEbCqCLFs\/an6AxE9sEsrAlAPkPnelzR7eR3UlWQCI8opiT7L5UTs&quot;,&quot;FkbsgT879SYfY\/Io&quot;]</string>
    <string name="server_static_public">qJWvSttNopqgQ2CgXYTc4jmSUKWd1Rv2QTMbQyYpKwY</string>
</map>
