<?xml version='1.0' encoding='utf-8' standalone='yes' ?>
<map>
    <string name="client_static_keypair_pwd_enc">[2,&quot;LOm2kAKDoifChXzsa23XIXqcwjJbli8TP1pxBB5xwtMEi8PZ52PPgJeok68WcB1NxX5pIhTXWtCjlrJUvToXgQ&quot;,&quot;YQmhGKvqsil9qLUupQw86Q&quot;,&quot;3jR6wQ&quot;,&quot;eM6MjHfEuYRcaF4\/wCGQbg&quot;]</string>
    <long name="client_static_keypair_enc_success" value="1" />
    <boolean name="can_user_android_key_store" value="true" />
    <string name="client_static_keypair_enc">[0,&quot;V4Kw99Nhr40+EiCW59PlHNmTTZtkHZGQZp9mkOoeuTeZ1kABvuzCjV7GjMeZm4C3GYRXkBC9NrX2zlIaVkzYKPXuRp814OBWS3octn2iq4Y&quot;,&quot;P7W2uRQNHfrU6Trf&quot;]</string>
    <string name="server_static_public">qJWvSttNopqgQ2CgXYTc4jmSUKWd1Rv2QTMbQyYpKwY</string>
</map>
