<?xml version='1.0' encoding='utf-8' standalone='yes' ?>
<map>
    <string name="client_static_keypair_pwd_enc">[2,&quot;r+qOZbgPuv0Qw\/ykLlmuFYrHMcbZ3mS1XoR97XQnBYeQYtooPJkFVY39oT8e0O7wev2BAN69gFXNU+2IPIGe\/Q&quot;,&quot;FLkNTgJKC86XV\/eS8DgXSw&quot;,&quot;+JdhuA&quot;,&quot;6wUCNMnTSkYMBKF6wec3KA&quot;]</string>
    <long name="client_static_keypair_enc_success" value="19" />
    <boolean name="can_user_android_key_store" value="true" />
    <string name="client_static_keypair_enc">[0,&quot;M\/NID+1m+nCal+rPhnWWhV85aSh0onckFG4AJX69dxX1QPTyKrGDLfX2YbPdbYfXMAnHMe3WBC9L7C1igHSNDFpHogItR5u17N3W9hllvuQ&quot;,&quot;AZEAnk71susND3wH&quot;]</string>
    <string name="server_static_public">qJWvSttNopqgQ2CgXYTc4jmSUKWd1Rv2QTMbQyYpKwY</string>
</map>
