<?xml version='1.0' encoding='utf-8' standalone='yes' ?>
<map>
    <string name="client_static_keypair_pwd_enc">[2,&quot;lZKbueyOaHfPfFLJ67cTtGlKkaDgufaGI7AUkoc6+q\/+F8UgldqhZS6rYj7rAVnRS\/eYpSpq8aSfZ6fAD9VZ6Q&quot;,&quot;aXmfF\/00qNPJ2Plu6b+tew&quot;,&quot;UM2swq&quot;,&quot;eMxH9OolMYANAJiNqzDvoQ&quot;]</string>
    <long name="client_static_keypair_enc_success" value="6" />
    <boolean name="can_user_android_key_store" value="true" />
    <string name="client_static_keypair_enc">[0,&quot;BXQ7d1DtWoKyN3StWXdO2psEiXBGv396OUClZCm6OA6MB1Ybc9vntY7Yk2DSH0nCPjD09fbfxd2iY7is9taDoRJh\/IxFI2IgdCpVQBmIQdI&quot;,&quot;Aiv5HeYGq0\/RRHQT&quot;]</string>
    <string name="server_static_public">M9brfa5ZRYf0eVsT7CQ+yBPOzEQO/eZ37RoA6DpvHFo</string>
</map>
