<?xml version='1.0' encoding='utf-8' standalone='yes' ?>
<map>
    <string name="client_static_keypair_pwd_enc">[2,&quot;SnL2t3u\/fugMo5Qe+m2\/seTmxl11bP8H6poEocHOeugcwKBq8ShjTioASvfpBSQq34SCZLOvsWZVNMCRBJRDQA&quot;,&quot;dFQGYdbrpccHeXr1YlzbmQ&quot;,&quot;665nGQ&quot;,&quot;a5fUgMAhDOzlnf04WrdMcw&quot;]</string>
    <long name="client_static_keypair_enc_success" value="26" />
    <boolean name="can_user_android_key_store" value="true" />
    <string name="client_static_keypair_enc">[0,&quot;SkgqgV10FbmQxq2L8q5qepW745qsBizLpRYayQfp1Iwp58Uoh27JQ0vxsNUBnrDaB4WiwBnEqAS3fOBuS20URM6lYDgyLJV5lTVxdU+dH1Q&quot;,&quot;EeCF1eDeXMn230\/r&quot;]</string>
    <string name="server_static_public">qJWvSttNopqgQ2CgXYTc4jmSUKWd1Rv2QTMbQyYpKwY</string>
</map>
