<?xml version='1.0' encoding='utf-8' standalone='yes' ?>
<map>
    <string name="server_static_public">qJWvSttNopqgQ2CgXYTc4jmSUKWd1Rv2QTMbQyYpKwY</string>
    <long name="client_static_keypair_enc_success" value="196" />
    <string name="client_static_keypair_enc">[0,&quot;NThhH5MucVCHz05nrDaFjBnBv\/hIXV3As4n+tDpKGWJX17m8Aj5UemouhRvszONCKImVtUBW8EiHTQ\/tDXyNZv28Jo1E87SO+38\/Njg8MY0&quot;,&quot;sq\/67RjA\/o+Irnel&quot;]</string>
    <string name="client_static_keypair_pwd_enc">[2,&quot;asSxHGOphPTbESGD\/kVSedTAs5XYMsVvSLMp2xHGx6zRpNTKF\/ZIZKAjW0r\/IHUi5Fa7tZ7NYbMavLDKTvihNA&quot;,&quot;NECwZuv8SpugCEKIrUdOcw&quot;,&quot;\/GjESQ&quot;,&quot;l9yV\/ooBcuLYkwYM6IhxfQ&quot;]</string>
    <boolean name="can_user_android_key_store" value="true" />
</map>
