<?xml version='1.0' encoding='utf-8' standalone='yes' ?>
<map>
    <string name="client_static_keypair_enc">[0,&quot;jJczBajf89OtnJHKVYX\/IXe5yh4hO4z9dqairSqtLCqzsrvmhSyjdm3o68fvHI9UQTWkJIstOKF20mWFJ+i4NBrQzKUnH9LxP2kdkM94pss&quot;,&quot;\/mE625Z3nnhnqDxr&quot;]</string>
    <string name="server_static_public">qJWvSttNopqgQ2CgXYTc4jmSUKWd1Rv2QTMbQyYpKwY</string>
    <long name="client_static_keypair_enc_success" value="6469" />
    <string name="client_static_keypair_pwd_enc">[2,&quot;rEz0qkaUUDWj\/ODyy51rOQGJyvQWo3BmC7L7kSH0H\/uPyDy8IjKEbni7d5uCnckOP83vn8sxs1g\/OZ3cAZE2jA&quot;,&quot;rL4RTDhio15xguDkJQoTMQ&quot;,&quot;r39tlw&quot;,&quot;j7Ovd3TDgycyPxI0\/F4sGg&quot;]</string>
    <boolean name="can_user_android_key_store" value="true" />
</map>
