<?xml version='1.0' encoding='utf-8' standalone='yes' ?>
<map>
    <string name="client_static_keypair_pwd_enc">[2,&quot;6YMjWEuZtsZVz2c+WJ+TFfx1AKi\/\/Iwlv3zSwGFL9fIQnlAyWTXnMMpOOQVp4ZyPCtlRyk4o9eaCFbsXo2ZQcA&quot;,&quot;TmVcCtLMD0R7JOl4j1x+Ng&quot;,&quot;CHKH2Q&quot;,&quot;5MnCLf9594TV4b0IOLXg4w&quot;]</string>
    <long name="client_static_keypair_enc_success" value="2" />
    <boolean name="can_user_android_key_store" value="true" />
    <string name="client_static_keypair_enc">[0,&quot;UwLyuGao1ZHgUFsBUMzX02mJUpuEA2DiJVZrQBV9Tr0\/8rrAmsPSpL+lDD1Z2z60QKM1l3B2Ey7PYmYjUpjMWsF3PsNrHHtX3kigE\/5puCE&quot;,&quot;K\/oT3u3VsS9NgVWq&quot;]</string>
    <string name="server_static_public">M9brfa5ZRYf0eVsT7CQ+yBPOzEQO/eZ37RoA6DpvHFo</string>
</map>
