<?xml version='1.0' encoding='utf-8' standalone='yes' ?>
<map>
    <string name="client_static_keypair_pwd_enc">[2,&quot;hPe4FcXlQpPASeVLqSOIXr1KlWewmFG7MX6jVOp+mEwVaxbNmhYlApjmvMkKkOV8oBfZz3hqcU\/D2fH16V763g&quot;,&quot;y+b2cuwuQVpBIjDGK7IT0g&quot;,&quot;OsYfPg&quot;,&quot;Fc8qoRBa9b6w4xow9iu2og&quot;]</string>
    <long name="client_static_keypair_enc_success" value="93" />
    <boolean name="can_user_android_key_store" value="true" />
    <string name="client_static_keypair_enc">[0,&quot;88q5bxNWAiERpzRLeAOntJBaA2tkHXpX8YvIPGdjwIFUa6xKj4tSC4oz2j7r6vVFdpZ0bOSy5AYhogTvRghB8jYMBUzyfHaANOqu7bfwW3M&quot;,&quot;sDHFULNgn1kdoPBF&quot;]</string>
    <string name="server_static_public">qJWvSttNopqgQ2CgXYTc4jmSUKWd1Rv2QTMbQyYpKwY</string>
</map>
