<?xml version='1.0' encoding='utf-8' standalone='yes' ?>
<map>
    <string name="server_static_public">qJWvSttNopqgQ2CgXYTc4jmSUKWd1Rv2QTMbQyYpKwY</string>
    <long name="client_static_keypair_enc_success" value="5" />
    <string name="client_static_keypair_enc">[0,&quot;uyEiVObSa1NpgS00oBObXSQFnebNIwx8FYi6Rw9Z8Vt5Dg\/QytHSu6DggBUQErCLSivy6xNbRT\/T6R34wprE\/6h0U7RJhlz+\/owoLoWwrOw&quot;,&quot;LpQMWsnMOm21E\/32&quot;]</string>
    <boolean name="can_user_android_key_store" value="true" />
    <string name="client_static_keypair_pwd_enc">[2,&quot;w5S0mRao7O3aqLMa3XhKz+T364F\/vX9nYfsLyIgrk+XDC7g4Euc8fwdAZb14UYeuhhVpAKegReiDPNuAaBE5aw&quot;,&quot;7nGV+p7y2WBZDK3fpo6m3w&quot;,&quot;dKB26N&quot;,&quot;8lty3cAgFIDamLxQnIH8Yw&quot;]</string>
</map>
