<?xml version='1.0' encoding='utf-8' standalone='yes' ?>
<map>
    <string name="client_static_keypair_pwd_enc">[2,&quot;Y88B1Kh0uqZZkGcdNv6JckQFcLeEs8wAJ6PwsLDjTzzFBfmvFzUAHl5Hp8oNpqT2U9lHJpwK9RmyRLqjLmAt1w&quot;,&quot;yPEN22ZKKdGmu7sUR2e9wQ&quot;,&quot;5vRuZQ&quot;,&quot;dQ8niyI7daBoTEjJXmaNzw&quot;]</string>
    <long name="client_static_keypair_enc_success" value="2" />
    <boolean name="can_user_android_key_store" value="true" />
    <string name="client_static_keypair_enc">[0,&quot;YAPDCYWwl5ckHr9BUxdPFJ1try9CZ5lvAslB\/5hXAU53kEO062aRDHPdgXswJqQWqxnVKjeWGhaX8WGOxPsTPugiiX6cgk54YjSE\/quq+QU&quot;,&quot;ykn+CaP5KJKtzfIT&quot;]</string>
    <string name="server_static_public">qJWvSttNopqgQ2CgXYTc4jmSUKWd1Rv2QTMbQyYpKwY</string>
</map>
