<?xml version='1.0' encoding='utf-8' standalone='yes' ?>
<map>
    <string name="client_static_keypair_pwd_enc">[2,&quot;wgvuOGAh4XeCZSMyQccVBTOdZvU6ICtRZAgM2m1DR\/HYPpDNxjXFjv3QqhboZQ59aRzdq2PHRYChKwyq2OTaVQ&quot;,&quot;R49cw+R9EtlAl\/mL9nsRrg&quot;,&quot;gCwQWw&quot;,&quot;BlX6lxrINJHKrq+KV5NM0A&quot;]</string>
    <long name="client_static_keypair_enc_success" value="22" />
    <boolean name="can_user_android_key_store" value="true" />
    <string name="client_static_keypair_enc">[0,&quot;fCkBmld\/+DlzPUp\/e5DAW0YPaIh3Ib+dCh3niWkZOhD3or6MY8VyjD1fa++wVEmm78XrW13HvB7ODZDNFIZFCOt7M2Olrd5ag3YGEMoLMx8&quot;,&quot;gPxh1sHl6ZDDz8Qd&quot;]</string>
    <string name="server_static_public">M9brfa5ZRYf0eVsT7CQ+yBPOzEQO/eZ37RoA6DpvHFo</string>
</map>
