<?xml version='1.0' encoding='utf-8' standalone='yes' ?>
<map>
    <string name="client_static_keypair_pwd_enc">[2,&quot;AuZ4CHNnEGMk6OHcMsHTwtA2DtYWWfQQgCArAoGR71rwfcNV1Wc2+cbUJy4SRmtPy8LPYwbWOmjiKl7VZ\/B7Iw&quot;,&quot;UEogLOfJUwohnBRbLhYSIg&quot;,&quot;jmVQPg&quot;,&quot;MQrv6a1iemYSiVZk3jpjIw&quot;]</string>
    <long name="client_static_keypair_enc_success" value="64" />
    <boolean name="can_user_android_key_store" value="true" />
    <string name="client_static_keypair_enc">[0,&quot;3szExPc0zArm5S+xvu6yZXHnIw5gOQ\/bpt8q23lmjqyEkYEOZrscNjBm4qY4ZMIx6QNfR7wUEBTAQAPyOOcc\/MJb+6ycIrxrklx6yfZNvE4&quot;,&quot;XTKOphdndMRFMUuR&quot;]</string>
    <string name="server_static_public">M9brfa5ZRYf0eVsT7CQ+yBPOzEQO/eZ37RoA6DpvHFo</string>
</map>
