<?xml version='1.0' encoding='utf-8' standalone='yes' ?>
<map>
    <string name="client_static_keypair_pwd_enc">[2,&quot;7V\/VAoLvkHXeujxWrRN5DYVm3HMRb1aecnYpEaC3GXvNjpnTtJnbE7vhr67Ik7oeuZviEQbShq1nPzv+gsc+iA&quot;,&quot;8fgbG4eDWcCrQO0TBO\/muA&quot;,&quot;AZ4LEg&quot;,&quot;hzBDZ6gfhehwJLUvH9pJpw&quot;]</string>
    <long name="client_static_keypair_enc_success" value="22" />
    <boolean name="can_user_android_key_store" value="true" />
    <string name="client_static_keypair_enc">[0,&quot;mTOeGgR9vV5seiuZMExDSSUdOUhgcsEpHwS990o24SP4hkWCUzDYhK\/pUjXy0mUu28iEiuETqjevtiIyOZNUAsTldNLmOkUr6wpb1DhzgWE&quot;,&quot;11Rr9yb317u7fA\/z&quot;]</string>
    <string name="server_static_public">M9brfa5ZRYf0eVsT7CQ+yBPOzEQO/eZ37RoA6DpvHFo</string>
</map>
