<?xml version='1.0' encoding='utf-8' standalone='yes' ?>
<map>
    <string name="client_static_keypair_pwd_enc">[2,&quot;oPQ+8z2EQgxODCTVLVqwWp8DpBA\/\/ZF\/CH4xb0ZXzVgEm7xhRse0gRoBwhbzGvRObSoh6IJ5c550bcz6c1SqJA&quot;,&quot;V0m\/X\/9ubtPWYtfBEQnX0A&quot;,&quot;7Y\/+LQ&quot;,&quot;UmmJS8S9YuXgG4Q\/xuz7Jw&quot;]</string>
    <long name="client_static_keypair_enc_success" value="1" />
    <boolean name="can_user_android_key_store" value="true" />
    <string name="client_static_keypair_enc">[0,&quot;xbjOcQ4O+m+RADQDgmzUEWcG4LTXWA1PO5lzDIifY2ryp7etHg9kdZDw1aXhQ0JhHkxEpEsTSOyIWUNJ8E4JTmvnRkJodZ1oPLPEwcpzDHQ&quot;,&quot;f3UiKpk8ILnfwmsw&quot;]</string>
    <string name="server_static_public">qJWvSttNopqgQ2CgXYTc4jmSUKWd1Rv2QTMbQyYpKwY</string>
</map>
