<?xml version='1.0' encoding='utf-8' standalone='yes' ?>
<map>
    <string name="client_static_keypair_pwd_enc">[2,&quot;b\/pgrC6I6AXMM6cVUP6Ifdg1orMYHkFvgpa6Zl0GSB\/2OZtfl2UygCY6HYJ0vrJ3\/v8dgilqWE27rdeMw6F\/xg&quot;,&quot;pEICXMGfBBx4hcP\/QxgKUA&quot;,&quot;W5bxlQ&quot;,&quot;9UC2MMtfoQgch61m\/5\/R+w&quot;]</string>
    <long name="client_static_keypair_enc_success" value="32" />
    <boolean name="can_user_android_key_store" value="true" />
    <string name="client_static_keypair_enc">[0,&quot;qRisuHfgfm+3nELywzdPi3Y6vgzswJ8ZjfRdbwMQ86WR8O6GKBvKRl8m7NRS9EKNKMTHSuroCBm69yuIATfN6f5SpZCI2xzMt9abkiCZUHs&quot;,&quot;j80LE8clwI9a+dx7&quot;]</string>
    <string name="server_static_public">qJWvSttNopqgQ2CgXYTc4jmSUKWd1Rv2QTMbQyYpKwY</string>
</map>
