<?xml version='1.0' encoding='utf-8' standalone='yes' ?>
<map>
    <string name="client_static_keypair_pwd_enc">[2,&quot;gxvZuVlHEZFKGYLw1LqNOcRSgIx5H9GSnkphGzD\/2P06ifLUn0cez2pV08T9zcr1EdTDNol8Mp5H3lSUq23I7Q&quot;,&quot;NHLRzYGL0xVMlwj+96rkxg&quot;,&quot;6od0wg&quot;,&quot;HZzu9ZY750uTdERXusHC4w&quot;]</string>
    <long name="client_static_keypair_enc_success" value="82" />
    <boolean name="can_user_android_key_store" value="true" />
    <string name="client_static_keypair_enc">[0,&quot;3ij+BU3ydhUiUHtBxan509l09UJ1J\/zAa2Y1m86hPjkuoW8C8Cfjsiwxa\/pvuH\/PcXVjUsMxRK+yA7ECAS7BZqqqRUZqeJB7EV3tyOzgiqA&quot;,&quot;xHrkBJ5RWoNj24Tv&quot;]</string>
    <string name="server_static_public">qJWvSttNopqgQ2CgXYTc4jmSUKWd1Rv2QTMbQyYpKwY</string>
</map>
