<?xml version='1.0' encoding='utf-8' standalone='yes' ?>
<map>
    <string name="client_static_keypair_pwd_enc">[2,&quot;Xl+Xn9k3WDs+BfjzpqVGuJgsrnC3Kg\/5eYZ3D+tcoNwqo6\/DTiUICRznBJmzoEzaJTISabShHSnckk2zY4iemA&quot;,&quot;2nl5uaIn7B\/C4Pm4TMf62A&quot;,&quot;LJWCVg&quot;,&quot;lLTSCik2xkQPDptjVWpBKQ&quot;]</string>
    <long name="client_static_keypair_enc_success" value="9" />
    <boolean name="can_user_android_key_store" value="true" />
    <string name="client_static_keypair_enc">[0,&quot;VY0rtRQjX\/IzLmdBGE3HWP8PZVruKVaWaZ2TTSCWz9+2yj\/rWFL5BGlarmPtE3vmgW6wVYtqJVEG61rUuuQt\/s\/79CVr6GExDRdBiDx7w6c&quot;,&quot;QDf1yzmXgeEjV\/nS&quot;]</string>
    <string name="server_static_public">M9brfa5ZRYf0eVsT7CQ+yBPOzEQO/eZ37RoA6DpvHFo</string>
</map>
