<?xml version='1.0' encoding='utf-8' standalone='yes' ?>
<map>
    <long name="client_static_keypair_enc_success" value="1425" />
    <string name="server_static_public">qJWvSttNopqgQ2CgXYTc4jmSUKWd1Rv2QTMbQyYpKwY</string>
    <string name="client_static_keypair_enc">[0,&quot;\/Fs7YkjjIAlDn1yoqcfP7ctsdO8ZYYvrjGRpTPtQS41L\/ZjB1TKyc\/hLIm1sFURZAgkZrk1\/Y97m0Iz2sk3KDh6J7zmhKKG+mtO66sMQ7f8&quot;,&quot;qjoo\/KJsnQLuCQqL&quot;]</string>
    <string name="client_static_keypair_pwd_enc">[2,&quot;GfGfpDqGFt31R7ey\/y2B\/KDTfevxyvcxHB4kK6pviBVOcsPq287Wz1cGmHnr+CiUbNLhJDT5mKkV4LVFKVUWMw&quot;,&quot;gVOUVraT9mVRSEb5aFXxmw&quot;,&quot;2OI9oQ&quot;,&quot;UEgPRQosKPhLmtIs1nx6IQ&quot;]</string>
    <boolean name="can_user_android_key_store" value="true" />
</map>
