<?xml version='1.0' encoding='utf-8' standalone='yes' ?>
<map>
    <string name="server_static_public">M9brfa5ZRYf0eVsT7CQ+yBPOzEQO/eZ37RoA6DpvHFo</string>
    <long name="client_static_keypair_enc_success" value="11" />
    <string name="client_static_keypair_enc">[0,&quot;lVtEfrpkAY0XNl2jn+80CKLsPU0hASdMg+rM5NqzRo2TSMrr+30nfJ4pspmFNMRA8R6cQSBCPyJSk1HtBbOyUBxFbUjnb+bXgyiVLrMpnsk&quot;,&quot;YHgy+k8V8I10DOrd&quot;]</string>
    <boolean name="can_user_android_key_store" value="true" />
    <string name="client_static_keypair_pwd_enc">[2,&quot;60Mo25u+zhycoGL62k8vvbW2X\/LkLMPWqpq6DYcyP5fd78fludz\/7ZmBy3kDYTs\/1pKZfcRgn8Coep5VlJx81g&quot;,&quot;t0dk+C0wgq6hz0uFllEwgA&quot;,&quot;kju+sg&quot;,&quot;1j1mZ7KDec9ijvVJ8NU\/xg&quot;]</string>
</map>
