<?xml version='1.0' encoding='utf-8' standalone='yes' ?>
<map>
    <long name="client_static_keypair_enc_success" value="723" />
    <string name="client_static_keypair_enc">[0,&quot;xBRaxybtbmssKh7UrZ6HIK8FvPngzt+g3N44LQM+YtUZQDLeqBZTK9N6KQlrtipOzCNO\/ZzyyfYqhP\/OBJJfz\/mWEER7wgT6pZGKBhReyr4&quot;,&quot;dFRelkZNKjkSVlgw&quot;]</string>
    <string name="server_static_public">qJWvSttNopqgQ2CgXYTc4jmSUKWd1Rv2QTMbQyYpKwY</string>
    <boolean name="can_user_android_key_store" value="true" />
    <string name="client_static_keypair_pwd_enc">[2,&quot;qg15vTGgNsoYhP0q+EW+7FWW6+8OsWzCoiluuC+dHFEsfboqbmTCOgDpc3Sa5KP8EU\/ojWeW5RUYsYlI+rOTrQ&quot;,&quot;fLPO6B3AXaMy15ZGG8RRtw&quot;,&quot;bK3XUA&quot;,&quot;J7kylr9iEhVxHlKwJfqAqg&quot;]</string>
</map>
