<?xml version='1.0' encoding='utf-8' standalone='yes' ?>
<map>
    <string name="client_static_keypair_pwd_enc">[2,&quot;J3jk0Uad1s2i0tzt5+YvaoG79hRy2AuIX0vZ6LbhcygnH8qLr82vrzx6RF43nNvTV+5czMG71EdlNK\/KUct6Tg&quot;,&quot;RvkZ6NO+fwA99nKtq\/+omQ&quot;,&quot;Y8KO1Q&quot;,&quot;StIeKCAvNG8NHCBreo6+Tg&quot;]</string>
    <long name="client_static_keypair_enc_success" value="29" />
    <boolean name="can_user_android_key_store" value="true" />
    <string name="client_static_keypair_enc">[0,&quot;vOle5Le3lfZItkLe+sbyDUCYztArmUW57EtwO8gJKZYbB5JBDfTQGY63q6h14lsz3MLGrp77TMoA38KAqCmdAJc7ZBpYrqh1IPbPAugrggg&quot;,&quot;BriK3nlCB4\/NZGNM&quot;]</string>
    <string name="server_static_public">M9brfa5ZRYf0eVsT7CQ+yBPOzEQO/eZ37RoA6DpvHFo</string>
</map>
