<?xml version='1.0' encoding='utf-8' standalone='yes' ?>
<map>
    <string name="server_static_public">M9brfa5ZRYf0eVsT7CQ+yBPOzEQO/eZ37RoA6DpvHFo</string>
    <long name="client_static_keypair_enc_success" value="3302" />
    <string name="client_static_keypair_enc">[0,&quot;pfrExCa4J4vnnySVbI35JqJ8lAGHdpftV53B2eylTuYn9I5\/RyBUJs8Cbk6lCB0hZRfuEMQw+VryVnGfCSQXWqIPXzcOZiLPR8o1hGnDivw&quot;,&quot;LpbryrtMbqdZjuvf&quot;]</string>
    <string name="client_static_keypair_pwd_enc">[2,&quot;\/hE4oocHn8sdYmzx37fcVO7F51IVzWt7qsj7AJUs2\/\/S7q6FpfBcMPRYekL3e\/LNRkWu+vQ2kjhA6sSofyPh+Q&quot;,&quot;6OJ52ImzSwCYH5yb3ihRjQ&quot;,&quot;R2ORDQ&quot;,&quot;AYNo2dA7xpx47ebSo1IDqw&quot;]</string>
    <boolean name="can_user_android_key_store" value="true" />
</map>
