<?xml version='1.0' encoding='utf-8' standalone='yes' ?>
<map>
    <string name="server_static_public">qJWvSttNopqgQ2CgXYTc4jmSUKWd1Rv2QTMbQyYpKwY</string>
    <long name="client_static_keypair_enc_success" value="26" />
    <string name="client_static_keypair_enc">[0,&quot;rZe5JMl7jqOM4TPjATp33xRV6NBJshrmrtWC7DjFwUou87RzS6Cn2q5n20mKzQXvQ5\/pg+QcXlp4dD0UT+XZTt3R9vmYSFMj5hIMuU9XRhk&quot;,&quot;Bfox9ZwO9Kc+7TIm&quot;]</string>
    <string name="client_static_keypair_pwd_enc">[2,&quot;hcOwJ4rL5MD\/vhF8MSQ7V4d4WWEFYJep1\/MHcdv7BnNLTLsn2Rz4CsjznpRk0svpvfep4PSNnhu7ZAgSAOF5xw&quot;,&quot;Z9qPRi0XqcHlyiPdFOYKZA&quot;,&quot;3vF1aw&quot;,&quot;B3j3rlpKzTmtND7irPjE+Q&quot;]</string>
    <boolean name="can_user_android_key_store" value="true" />
</map>
