<?xml version='1.0' encoding='utf-8' standalone='yes' ?>
<map>
    <string name="client_static_keypair_pwd_enc">[2,&quot;W+0\/5wIta+iu5PP8Hr8U1K2+ONsOqKFRGlh+LfKB4goG8N445WxfXTBQEgGkW0tAe0vh11X7w1gwnNtbXqiBLA&quot;,&quot;YsA9qaVk8\/3gv2Qqn1i4UA&quot;,&quot;8IUZSA&quot;,&quot;1Q1bV+tSucEPjQKnrhzE1Q&quot;]</string>
    <long name="client_static_keypair_enc_success" value="1" />
    <boolean name="can_user_android_key_store" value="true" />
    <string name="client_static_keypair_enc">[0,&quot;16Q2S6YIwHD4eOHHKQXqC1H3yKTQyzMFDG6SCB7xbjMyLycbTNji0GMipfGo4UfA\/FcRC\/aLSaU2zTBVD0kT+qTt20FVy8K\/sPnxBmXrXa4&quot;,&quot;JYF8dFu7v3XnwWkB&quot;]</string>
    <string name="server_static_public">qJWvSttNopqgQ2CgXYTc4jmSUKWd1Rv2QTMbQyYpKwY</string>
</map>
