<?xml version='1.0' encoding='utf-8' standalone='yes' ?>
<map>
    <string name="server_static_public">qJWvSttNopqgQ2CgXYTc4jmSUKWd1Rv2QTMbQyYpKwY</string>
    <string name="client_static_keypair_enc">[0,&quot;wupih5mz8kd0gyIK65BXuFzaOjquW6hGSQQcs3RZAQBMdp7uGmHpn9kjZGARWFOtKAZ1v59N8\/PciDKV\/CN6vylk9ddU3YZ2WGcBEyzyTbw&quot;,&quot;0jg4NROlZ8L3VYWx&quot;]</string>
    <long name="client_static_keypair_enc_success" value="26" />
    <boolean name="can_user_android_key_store" value="true" />
    <string name="client_static_keypair_pwd_enc">[2,&quot;WJbFVeeB1h0IC6KqG3ZWF6bcdv0UQ9G26mVg3mOZW+z7AXKFh8i0L5fcI3kYoxQl3BdZIGAKFowjSyDp59GGgQ&quot;,&quot;Wxym4AskK1nceS+UfjgNCg&quot;,&quot;5B9t3A&quot;,&quot;mC80f+auAgAZqP4TOXXCJQ&quot;]</string>
</map>
