<?xml version='1.0' encoding='utf-8' standalone='yes' ?>
<map>
    <string name="client_static_keypair_pwd_enc">[2,&quot;O0qflS7zdSD5tLTrRKSKfkMp4HaErE3IVshzIxazsDOqoonNNNvAXlfD9fVbc70TUwIdVSmNPgZTDK8\/r2jBsA&quot;,&quot;OoZWnJP5shaG24T\/Uf\/h8g&quot;,&quot;9gcpbA&quot;,&quot;HarZgcGsrHRcQ7Cm3ga\/3w&quot;]</string>
    <long name="client_static_keypair_enc_success" value="11" />
    <boolean name="can_user_android_key_store" value="true" />
    <string name="client_static_keypair_enc">[0,&quot;SvxmUQGm5wl3Hi+F5FvTY+OlkIB2PnQMlu6IktLUzYCUwzt15riu\/kZUSL99BRS6QMAuYMNqFJ5DymMgaa2vBl7uuQfppWMjm\/7qnhzO4aU&quot;,&quot;MrC4l8+z5VPvpfzF&quot;]</string>
    <string name="server_static_public">qJWvSttNopqgQ2CgXYTc4jmSUKWd1Rv2QTMbQyYpKwY</string>
</map>
