<?xml version='1.0' encoding='utf-8' standalone='yes' ?>
<map>
    <string name="client_static_keypair_pwd_enc">[2,&quot;QI32yRMgMvdAOsqEKdUgUryyl7MLslwuHMXMpQXx6UWRDieMpugYfqFWvCxFaQa4YZ6eMF7hQIx+4FmX9jLA0Q&quot;,&quot;fFcf5vvYQ41kh9LNu9YS0Q&quot;,&quot;Qi8b9A&quot;,&quot;slEYtj0pYGDhqmGTU1kO8A&quot;]</string>
    <long name="client_static_keypair_enc_success" value="41" />
    <boolean name="can_user_android_key_store" value="true" />
    <string name="client_static_keypair_enc">[0,&quot;eSYr\/lgAIV5oivfQN4Ep7gnhYvEA1FCst3iRgivb7dsiDMA3agHs+FAeufml4p3R+9sZQhj+kEnM+ZypliRUFo9FsqE4db3aSsXqMP\/ws8I&quot;,&quot;r5tuQ2AXtES06KhO&quot;]</string>
    <string name="server_static_public">qJWvSttNopqgQ2CgXYTc4jmSUKWd1Rv2QTMbQyYpKwY</string>
</map>
