<?xml version='1.0' encoding='utf-8' standalone='yes' ?>
<map>
    <string name="client_static_keypair_pwd_enc">[2,&quot;KZOk1Z4roTm7pU1t4MEm0LCVsKv\/ixUPSKGhp8BKaUVzz3JYm1xFzmNhsmQZVlXRhhe6qkAbvx+wKiczYZlDCg&quot;,&quot;Bv2nUeXNPWMHT4mGjauRZg&quot;,&quot;vSxOyw&quot;,&quot;C65TQhflaXMTm8xeAL6MOQ&quot;]</string>
    <long name="client_static_keypair_enc_success" value="75" />
    <boolean name="can_user_android_key_store" value="true" />
    <string name="client_static_keypair_enc">[0,&quot;TVqfXufsMsadKzSXWnliv+51q3iQobdid0pPuSbGuJyxB3GEc4DEx9Qdz5r3Col\/B2tTgz3+8EW3FRqDjUeqBKsMyXHqQ8iSB9p5kKBb5mQ&quot;,&quot;9+AUZ8hbhnhuhUJf&quot;]</string>
    <string name="server_static_public">qJWvSttNopqgQ2CgXYTc4jmSUKWd1Rv2QTMbQyYpKwY</string>
</map>
