<?xml version='1.0' encoding='utf-8' standalone='yes' ?>
<map>
    <string name="server_static_public">M9brfa5ZRYf0eVsT7CQ+yBPOzEQO/eZ37RoA6DpvHFo</string>
    <string name="client_static_keypair_enc">[0,&quot;VHjY77wURKs6y4GtUBufKyuAJgnrfaqKmPVZxiTbty5NyWZI0Px\/+xUAZeMojaiuhM\/Gansi4w9g+0CdGcBfkZ20E8Sa4QtgnDacfhRb3w8&quot;,&quot;2wXvWl\/TgRiW+eKf&quot;]</string>
    <long name="client_static_keypair_enc_success" value="42" />
    <boolean name="can_user_android_key_store" value="true" />
    <string name="client_static_keypair_pwd_enc">[2,&quot;xkaUjL9J+JNn0hYrTyhsH+4Olq12pgJTompOdbheB3r8nH9hRgQHuRGJfQRYQCorYXrk5h9KAwVsyQGAmTHEsQ&quot;,&quot;SyZ3JjqwELRSolcml3muUg&quot;,&quot;1nXTUg&quot;,&quot;AIB8AdkdM0zN3IQqNWrW\/A&quot;]</string>
</map>
