<?xml version='1.0' encoding='utf-8' standalone='yes' ?>
<map>
    <string name="client_static_keypair_pwd_enc">[2,&quot;oGdQY03shMAOM5lqfhFQnoR3Cm+Hb3luKft4hqWA+6j2myqduiGdx\/20eiwBmnvIgL\/b34\/U+oGJGy2jkm26sQ&quot;,&quot;5QmoTe5zWspRx7+rK9RT+A&quot;,&quot;dcNlig&quot;,&quot;7sPm8juIxgqIDVpHcTcxMg&quot;]</string>
    <long name="client_static_keypair_enc_success" value="32" />
    <boolean name="can_user_android_key_store" value="true" />
    <string name="client_static_keypair_enc">[0,&quot;PDR0efG+mMZ76TjZgDuhyVX\/ewHtSCPD+9ooLaUgzn9h5FckGUJhp43\/UkQNCcvuGBTZeDcOpThFz2xZhAM7yOZK0qtPtgZ2Fo8KcU40YaE&quot;,&quot;HHDbs+uGZW859u20&quot;]</string>
    <string name="server_static_public">qJWvSttNopqgQ2CgXYTc4jmSUKWd1Rv2QTMbQyYpKwY</string>
</map>
