<?xml version='1.0' encoding='utf-8' standalone='yes' ?>
<map>
    <string name="client_static_keypair_pwd_enc">[2,&quot;TFQ\/tOSurwyHN3KDq8M5+wwKV6sdLPhr+hvfI9fv\/fao9TtWnydceK6VT8RtpMfQahg9g6DeB635v3tsbosD+w&quot;,&quot;K98afZyNUHwEZimSHCsFXQ&quot;,&quot;1edtvQ&quot;,&quot;dHD01Jw4a5D8gAnV\/ctNvQ&quot;]</string>
    <long name="client_static_keypair_enc_success" value="199" />
    <boolean name="can_user_android_key_store" value="true" />
    <string name="client_static_keypair_enc">[0,&quot;B\/WR+8Y47DB2f5ynldJzlyJlEU33397R3ZMZvEYV\/6gZRM\/JhjXnzLy0SbpmEh9R91Yb53950dgF1jrIf50xVLvrdMuNFfVoD6Yh\/GRDVXY&quot;,&quot;7a\/oWc8kgGIZ7R6K&quot;]</string>
    <string name="server_static_public">qJWvSttNopqgQ2CgXYTc4jmSUKWd1Rv2QTMbQyYpKwY</string>
</map>
