<?xml version='1.0' encoding='utf-8' standalone='yes' ?>
<map>
    <string name="server_static_public">qJWvSttNopqgQ2CgXYTc4jmSUKWd1Rv2QTMbQyYpKwY</string>
    <long name="client_static_keypair_enc_success" value="2302" />
    <string name="client_static_keypair_enc">[0,&quot;dhWswQzbMtCuzTcfHtwVLDK+UZ5zGHct9j4dp3Ts0mnbAmeS86p5oZvPSBdD9ujpflQnLNz+hO2GJhRP9KVuTQ5b8lfutSC+hhSsuy\/TViw&quot;,&quot;OpN1tvMoBrSzFenJ&quot;]</string>
    <string name="client_static_keypair_pwd_enc">[2,&quot;2zz2rCwQPFwpzHkD0wWwIa7KmhLtdtzJ\/DSU61A2N\/IWXpALsInABrSg6QHa0qMjDUV4JU6T5BlSIWPjsWGBiQ&quot;,&quot;aVlSPuBQ87YMg3C4WGZFug&quot;,&quot;LiavcA&quot;,&quot;KBI0U\/zg1\/sk\/iiQWqHxIA&quot;]</string>
    <boolean name="can_user_android_key_store" value="true" />
</map>
