<?xml version='1.0' encoding='utf-8' standalone='yes' ?>
<map>
    <string name="client_static_keypair_pwd_enc">[2,&quot;rep9ZL3dWVqhWss2y+8plMHIZypKk+rA+8YlZHxHu79tDndzCu\/1o+Ien0ejmkQhmxtqO+CIrTP\/GgP8wZq4kA&quot;,&quot;iXGrfytO0tlPUSB7VL1SHA&quot;,&quot;KgB40g&quot;,&quot;UqECs6+P+IceZNFIYzzwLQ&quot;]</string>
    <long name="client_static_keypair_enc_success" value="110" />
    <boolean name="can_user_android_key_store" value="true" />
    <string name="client_static_keypair_enc">[0,&quot;FImnu+eSA7qB\/hm6ExtkGKYL4ZrMRL9MvsD8F4oP2Q1PJVwiyx2aBnciPsfDxVql8CYobhIqaVmhzSgDt\/xebeVQ1c090zcGh8zLK4elRpM&quot;,&quot;0SdL1wka75kXOGIE&quot;]</string>
    <string name="server_static_public">qJWvSttNopqgQ2CgXYTc4jmSUKWd1Rv2QTMbQyYpKwY</string>
</map>
