<?xml version='1.0' encoding='utf-8' standalone='yes' ?>
<map>
    <string name="client_static_keypair_enc">[0,&quot;xpjIFLKl7WTQHwbY7nqtUjzRDaGOlK6NlOVLqVoAloRXMZUK1pKMszdDyzh76lCAtoSA+WhA8l9OrCL8eZQsf0WSbUE0T2jo0ZoAolsF1sg&quot;,&quot;eo8TWbd+o1AW8szM&quot;]</string>
    <long name="client_static_keypair_enc_success" value="8" />
    <string name="server_static_public">qJWvSttNopqgQ2CgXYTc4jmSUKWd1Rv2QTMbQyYpKwY</string>
    <boolean name="can_user_android_key_store" value="true" />
    <string name="client_static_keypair_pwd_enc">[2,&quot;NTdTYkRRNTHvhg4rCSbuzcfRitDouXdog54uxi82a23N9P06EM4tcpVOefO+Der594xL5m6BsfQN1NvvtfZspQ&quot;,&quot;3\/Uo\/vEy+c2lfPq0P2JRDg&quot;,&quot;cLNy8S&quot;,&quot;nd6v2fC+esU07JzIuEv2Tw&quot;]</string>
</map>
