<?xml version='1.0' encoding='utf-8' standalone='yes' ?>
<map>
    <long name="client_static_keypair_enc_success" value="577" />
    <string name="client_static_keypair_pwd_enc">[2,&quot;OqyEZJQJ5VME3j96G1AyA9jhPQU4yL70\/c\/v6UNR8v+BoaY16jEm4mDfg6\/s7pp+r4yGMRqJi8NywS9PldWLbw&quot;,&quot;1NgriO5NWVy3mlWJ8CyOig&quot;,&quot;wZ4CXw&quot;,&quot;9YeR0W3ChQvaGwYZeFVoJQ&quot;]</string>
    <boolean name="can_user_android_key_store" value="true" />
    <string name="client_static_keypair_enc">[0,&quot;CYDpZTXpahQ84iy4Y20ziv6a4EM9k9iDXQV22p9t9UvgV+EJXMH\/Gg3cQay+i5gaipo5HCoKYV6bzkl106raFRtydA5Zq\/h9PfoV+bPMk04&quot;,&quot;C12Eqyki60BGdGYb&quot;]</string>
    <string name="server_static_public">qJWvSttNopqgQ2CgXYTc4jmSUKWd1Rv2QTMbQyYpKwY</string>
</map>
