<?xml version='1.0' encoding='utf-8' standalone='yes' ?>
<map>
    <string name="client_static_keypair_pwd_enc">[2,&quot;dMZN1Vvaf3riIEg5DhBci\/L8hQ1fyCjiDTYm7TxLzx1ljhDiSvdj\/O2EzOnMKExRasRfPmkL8Nj38q6tq+UtNA&quot;,&quot;22IUeYxJOsnbrkMeOBdogQ&quot;,&quot;wqlNEw&quot;,&quot;hQJaeB\/sh7Am4Y5dYrZWWA&quot;]</string>
    <long name="client_static_keypair_enc_success" value="9" />
    <boolean name="can_user_android_key_store" value="true" />
    <string name="client_static_keypair_enc">[0,&quot;TUnqosEmARZ+Pnj\/wJHLT1H2lMDjKe2XfjP+xTn6LdCSza6IUHpx9yaycdsuPVu0Y37lW1turx0MtHeHC8g5LZvHJvBKQmECayGnKXJ9mqw&quot;,&quot;u\/oMQ\/MJOVvfwlFQ&quot;]</string>
    <string name="server_static_public">qJWvSttNopqgQ2CgXYTc4jmSUKWd1Rv2QTMbQyYpKwY</string>
</map>
