<?xml version='1.0' encoding='utf-8' standalone='yes' ?>
<map>
    <string name="client_static_keypair_pwd_enc">[2,&quot;MyB8koc4GdW3z7cfcaLlq8BxuxWbwEkVT7C8Efwn\/Lx3mzdxkh\/Lf30BlSll0BIJIIUwzlCJVYjdcts+sHrWhA&quot;,&quot;7guAA8tqQShRvaHHnXRQlQ&quot;,&quot;dtlB1w&quot;,&quot;UCA+VXAkLfWXfDQb06yncQ&quot;]</string>
    <long name="client_static_keypair_enc_success" value="371" />
    <boolean name="can_user_android_key_store" value="true" />
    <string name="client_static_keypair_enc">[0,&quot;jxMqBfVNlt6rU6X6nrm6sgtCYZbe\/vzE6VVl6gJR5SAMJZpLCYPsV5ZOFJgY0\/L+FCoc3b0j2\/I4k5oqCcCuOMPdXIbF18bl0gRpDnObD4o&quot;,&quot;mcn1DzL\/7NH3r2RK&quot;]</string>
    <string name="server_static_public">M9brfa5ZRYf0eVsT7CQ+yBPOzEQO/eZ37RoA6DpvHFo</string>
</map>
