<?xml version='1.0' encoding='utf-8' standalone='yes' ?>
<map>
    <string name="client_static_keypair_pwd_enc">[2,&quot;AOQFgLEmsAHkwEyJGhAFBsMy2O74oHhkxy8q4+V\/\/r8FepYQyd0x1MxpsWgEqeiJ\/PtOOq\/XppIe6HLDaJAnsA&quot;,&quot;jwLQVlXRYzUHIQYHfODIMg&quot;,&quot;TMgp1g&quot;,&quot;aezKbEL24scJWFHKepDxfA&quot;]</string>
    <long name="client_static_keypair_enc_success" value="73" />
    <boolean name="can_user_android_key_store" value="true" />
    <string name="client_static_keypair_enc">[0,&quot;2+L9mPqvgUFQfpjWHQfEFTB3Z7rcMzHnAvCAkP9dChatcZQB1DhH0wdfTr3LUoBdCCO\/mhpQYslstxvBjuOFgyTs4UkM+xpRa0hsfJK53rY&quot;,&quot;C13MmFNO8YWT4onT&quot;]</string>
    <string name="server_static_public">M9brfa5ZRYf0eVsT7CQ+yBPOzEQO/eZ37RoA6DpvHFo</string>
</map>
