<?xml version='1.0' encoding='utf-8' standalone='yes' ?>
<map>
    <string name="client_static_keypair_pwd_enc">[2,&quot;v0DFX\/rCMb41zjThD2OPIpAXL9u\/hfeev0oKgFI1S6Dt5LHORagb6RXBIAXaJ\/8KvjdBZemiiLN+wB81qd0Sog&quot;,&quot;\/Vuzf35t+3BMCprx2g3kkA&quot;,&quot;0YxJrQ&quot;,&quot;eHDmpR66cZv4abfGxZNsag&quot;]</string>
    <long name="client_static_keypair_enc_success" value="32" />
    <boolean name="can_user_android_key_store" value="true" />
    <string name="client_static_keypair_enc">[0,&quot;rORVAGhgwxuE3ytfExqySVWFWwFkIz5YDWZhnytlr1qouo0iiILiSEAfXVUyOjV0yA8WEwXDvRdry\/64lniwQm93lTCpwnSxSDb4wBDdjRs&quot;,&quot;mhGV\/f0\/DksW0kQx&quot;]</string>
    <string name="server_static_public">qJWvSttNopqgQ2CgXYTc4jmSUKWd1Rv2QTMbQyYpKwY</string>
</map>
