<?xml version='1.0' encoding='utf-8' standalone='yes' ?>
<map>
    <string name="client_static_keypair_pwd_enc">[2,&quot;M+TmLJ0hV9gT\/tXzN6zfJbetG2hGXTzYCN0TnYeQNDMDY\/P7YUDvajqg9KOXWop17TVe2NXSAzUBn+AzZv5cLQ&quot;,&quot;RGH7XAOKwPH4k6wRGgoVpA&quot;,&quot;yjrOkw&quot;,&quot;QsKI1HSHiR3ZzKKFPZjE+A&quot;]</string>
    <long name="client_static_keypair_enc_success" value="72" />
    <boolean name="can_user_android_key_store" value="true" />
    <string name="client_static_keypair_enc">[0,&quot;G+bN\/mAjrfbGX0Jbt8RNWzsjISi88QfBfv5bgfH79C2McenHIxdGVYhITkmOgYHfg8lT3MbaXzQpO9zuTI8ILC0AE5XMVArWqMnIrXYYM3o&quot;,&quot;DboidNI2LMv4B7vU&quot;]</string>
    <string name="server_static_public">M9brfa5ZRYf0eVsT7CQ+yBPOzEQO/eZ37RoA6DpvHFo</string>
</map>
