<?xml version='1.0' encoding='utf-8' standalone='yes' ?>
<map>
    <string name="server_static_public">qJWvSttNopqgQ2CgXYTc4jmSUKWd1Rv2QTMbQyYpKwY</string>
    <string name="client_static_keypair_enc">[0,&quot;3F6XakoYq\/\/lyosPis6Ohd4LK5rSU6BjuU\/DFmVdb9sg2ZnfZJxV9WaOd50K67tgPnx+iygt0xlYY6U4l6dXd4WTwNewN6W31DHCOKYSvcU&quot;,&quot;PXhj5KteozRMGogG&quot;]</string>
    <long name="client_static_keypair_enc_success" value="444" />
    <boolean name="can_user_android_key_store" value="true" />
    <string name="client_static_keypair_pwd_enc">[2,&quot;0diJ7StT676q\/eKhzRPlOg\/78BSBJxAz0\/b58eBw6KylgGU4LZjqM8U7sr\/YMeDnybS6pXmh3RPYGsq6okgKmg&quot;,&quot;c6zWsjPq0rGQlPHH0HIugA&quot;,&quot;RGTMdQ&quot;,&quot;s1LGwa9EvjDHC2w4qFfK+g&quot;]</string>
</map>
