<?xml version='1.0' encoding='utf-8' standalone='yes' ?>
<map>
    <string name="client_static_keypair_pwd_enc">[2,&quot;W4jbg0uAWoa8HiEbVBuu9oUGSddrDa4HhfXYYkELVWIgPYEKLYyQIHJp6U8970k1g8NXfWJC91kivS153olgXQ&quot;,&quot;9Rn4wCcTUKaE4muX\/pA8xQ&quot;,&quot;uvFvSA&quot;,&quot;rfi3hdvUIFLdF9xSCPjthA&quot;]</string>
    <long name="client_static_keypair_enc_success" value="43" />
    <boolean name="can_user_android_key_store" value="true" />
    <string name="client_static_keypair_enc">[0,&quot;r49t8xVNT8CPplL8144NzyRDG4Wup7ylV5lHJWMLX+cXXQqkd1Zw4qvbn2omIJmzy1BO6vGJHGM1m6osWezjYjKkfoxLAy9o7D+lcRmBETI&quot;,&quot;zgyAVx2DnUIhcfbX&quot;]</string>
    <string name="server_static_public">qJWvSttNopqgQ2CgXYTc4jmSUKWd1Rv2QTMbQyYpKwY</string>
</map>
