<?xml version='1.0' encoding='utf-8' standalone='yes' ?>
<map>
    <long name="client_static_keypair_enc_success" value="325" />
    <string name="client_static_keypair_pwd_enc">[2,&quot;4hUXPTnA+uS5bWUs86J7qLQPTRZkl9D8DA+R8W6CBt7uH1oVRs\/hLiPHXnMghMnzzvE77QpqzRLHOUoKDfakUw&quot;,&quot;K9SjdddAIHz8y9kEWNWZ7w&quot;,&quot;Q5Sl0a&quot;,&quot;aoTk5OVVagB+E2DuIz\/4EA&quot;]</string>
    <boolean name="can_user_android_key_store" value="true" />
    <string name="client_static_keypair_enc">[0,&quot;MNGGojJxFbAzNiqx8hrOVdTpUyOnH\/x0Q0KO4nou382wDvHAuhpnkPY7c7WsT1XKMx424dnghxqk+xkzouxJMUJwRyuDto4SuNPEZe8K3HE&quot;,&quot;l6GIrBRXpFx5Pzjt&quot;]</string>
    <string name="server_static_public">M9brfa5ZRYf0eVsT7CQ+yBPOzEQO/eZ37RoA6DpvHFo</string>
</map>
