<?xml version='1.0' encoding='utf-8' standalone='yes' ?>
<map>
    <long name="client_static_keypair_enc_success" value="32" />
    <string name="client_static_keypair_pwd_enc">[2,&quot;3kPD0hRZK3TjdP98jqDpcYJeQ0RUHjpKehVitML\/bBRSDCdjlCukrRRj\/Q4Hn\/9U2IsKzo4frnoPduniykSDgQ&quot;,&quot;B4Nh8p4cSzeoZ2isCT6tCg&quot;,&quot;WQrTCw&quot;,&quot;3U6gMHKmMAjWZRxoP7FDmw&quot;]</string>
    <boolean name="can_user_android_key_store" value="true" />
    <string name="client_static_keypair_enc">[0,&quot;P5foerjLUrrxSiQIc5uyK\/HkNWOb9qe1dDahvRuubZUYrQIhqzSiA317y8rfChiZE6SWnGZHWvms2MJ5QFPi5TzzyAXib8fWUhMaR11H+Yc&quot;,&quot;SnOVIYEWXlbn8oRe&quot;]</string>
    <string name="server_static_public">M9brfa5ZRYf0eVsT7CQ+yBPOzEQO/eZ37RoA6DpvHFo</string>
</map>
