<?xml version='1.0' encoding='utf-8' standalone='yes' ?>
<map>
    <string name="server_static_public">qJWvSttNopqgQ2CgXYTc4jmSUKWd1Rv2QTMbQyYpKwY</string>
    <string name="client_static_keypair_enc">[0,&quot;C\/vsBDYwef\/koBfvornYrNyng0kM9oziW\/S1MbBMX9t6py3ICOc1ogDo2B1mwqBYEeQnaipThcSRQ2hRLjhSz1QEb9f2pekC9KIQyLgWEqk&quot;,&quot;Hq3RCfNH3n\/4kAVA&quot;]</string>
    <long name="client_static_keypair_enc_success" value="170" />
    <boolean name="can_user_android_key_store" value="true" />
    <string name="client_static_keypair_pwd_enc">[2,&quot;Ts0iI2JDkVPVeP6Xr6AB0mISBnb6SLaR\/OW9Lr+\/4\/6LJaW1mot45EJDXJlaifqvhojuQd8qY2ku3inWPyvoog&quot;,&quot;I2Lf9zbThIxjA3G7iMvljg&quot;,&quot;Mtmqjg&quot;,&quot;gtF1yc\/SZAoGsFwTUNvyzQ&quot;]</string>
</map>
