<?xml version='1.0' encoding='utf-8' standalone='yes' ?>
<map>
    <string name="client_static_keypair_pwd_enc">[2,&quot;It8RKc7XnZzJ0N59+lTN1n+\/xGhJq+LI8N49YLUtENNX1OZnsorSzOlPlw2Eb8woat2JMCSYfMQRxN2e9yPWAw&quot;,&quot;uNVeQEiyK\/4i+zJdSDJYOg&quot;,&quot;MIZFvQ&quot;,&quot;c8iDGsVmcGgAdoXDQfOYEQ&quot;]</string>
    <long name="client_static_keypair_enc_success" value="1" />
    <boolean name="can_user_android_key_store" value="true" />
    <string name="client_static_keypair_enc">[0,&quot;zaz6BIGvQOArr93uYH6GqyPAGBAegmEyZDOZyyIT2Q3MvA7sZFryftzFac9I8xkktzquVWLH4I8dlsHk8yv+Dw1R30dqaH01TVqjJ5vE7Sc&quot;,&quot;Zr3Gyv6FD4kmdtPZ&quot;]</string>
    <string name="server_static_public">qJWvSttNopqgQ2CgXYTc4jmSUKWd1Rv2QTMbQyYpKwY</string>
</map>
