<?xml version='1.0' encoding='utf-8' standalone='yes' ?>
<map>
    <string name="server_static_public">qJWvSttNopqgQ2CgXYTc4jmSUKWd1Rv2QTMbQyYpKwY</string>
    <string name="client_static_keypair_enc">[0,&quot;a9jMOQQr1vvD20nwlWiFkUGY6eyk5ONQb0gfHe1aWTY6\/1CfIZWY3JIqgLw\/k5rsX4k\/b\/nIDgTUFQSRA\/angaEv5LWYFTgeNOzzJxfkasc&quot;,&quot;ZNkasasQP99vXOKK&quot;]</string>
    <long name="client_static_keypair_enc_success" value="18" />
    <boolean name="can_user_android_key_store" value="true" />
    <string name="client_static_keypair_pwd_enc">[2,&quot;kyU7ObRZlwIHA\/i2IZsKA09YMVk\/UW5Kg2xdNBxMBqvO2yGaAoQ8FhOszaUAF+ZMTgTrV\/iH4QMsnMmxRrJ8ZA&quot;,&quot;sSTuLqw+hi0NVhQk6CWjmw&quot;,&quot;Iu8b3g&quot;,&quot;6DPWEvko9\/gzwobHCw9UsQ&quot;]</string>
</map>
