<?xml version='1.0' encoding='utf-8' standalone='yes' ?>
<map>
    <string name="client_static_keypair_pwd_enc">[2,&quot;KEiHMtKry\/SNud9S1UakmBg2axjLoZwxKyfdAqWkcpPO8ZeymHW0q8QGj+U\/JRlYZyW\/u\/ngEBxYj8DwpcYDSA&quot;,&quot;XeyI\/Fc8b6BLLhQTMLNJUA&quot;,&quot;5QvQhw&quot;,&quot;hTEHB5utODvcCil2FyPRew&quot;]</string>
    <long name="client_static_keypair_enc_success" value="5" />
    <boolean name="can_user_android_key_store" value="true" />
    <string name="client_static_keypair_enc">[0,&quot;3y2AEOXwiBhnOCDtghHaAEJT539vGL\/8IHL4QFm8qPeC2qfVs8M2FDftj43bD3FaTbaMeVc1cHXAmlGk4g6lwMxMPj\/3BUdvBNrDwps1MCg&quot;,&quot;jE4WkOBdyVcGt9S4&quot;]</string>
    <string name="server_static_public">M9brfa5ZRYf0eVsT7CQ+yBPOzEQO/eZ37RoA6DpvHFo</string>
</map>
