<?xml version='1.0' encoding='utf-8' standalone='yes' ?>
<map>
    <string name="client_static_keypair_pwd_enc">[2,&quot;o5EOXScO2Z0q65NxzD9c71y+iWro30tZPQK+E3qFZUE06b231Dd9nO5d9i4k1Qg242R18HQw7F40dabegGrE7w&quot;,&quot;9rloqPG+2HryCGjL3t8Clg&quot;,&quot;77J7Fw&quot;,&quot;OEF6pw7GGJylRoBiZtvapA&quot;]</string>
    <long name="client_static_keypair_enc_success" value="89" />
    <boolean name="can_user_android_key_store" value="true" />
    <string name="client_static_keypair_enc">[0,&quot;1CpySPy9Z3m5+O2kouEzPhrr0O5ri6S3ONZy3SGjS6q4MCbQ1r+xVZcO3XHx22cEWGt\/tsaDNVo2O8GwxjFSr6D7oG9S8yjLsG7ImDE\/7wM&quot;,&quot;CPTSMGd+kIfFugXX&quot;]</string>
    <string name="server_static_public">qJWvSttNopqgQ2CgXYTc4jmSUKWd1Rv2QTMbQyYpKwY</string>
</map>
