<?xml version='1.0' encoding='utf-8' standalone='yes' ?>
<map>
    <long name="client_static_keypair_enc_success" value="3" />
    <string name="client_static_keypair_enc">[0,&quot;fgc4rjxCYmL5uTkAt8NoFaY8za8Kb0Mkh+5AL0tqrzlF2tm5KkGDPo01qeYhU3mdlXOOQLPwFo\/RccKxMMQPjVYPbat5pkNFeoW64zyoCDE&quot;,&quot;smD9Fu\/KOIXZ0g5F&quot;]</string>
    <string name="server_static_public">qJWvSttNopqgQ2CgXYTc4jmSUKWd1Rv2QTMbQyYpKwY</string>
    <string name="client_static_keypair_pwd_enc">[2,&quot;xgR\/OU0CzuLwHBIGycZwa6Ypi9qADSscTqPSN17n1lKLdkWXffiZfzrvUoT1DOynR+wSMl3FZeUH9zz3qkqEgg&quot;,&quot;wfnD+IJMKZabTibPON96HQ&quot;,&quot;LgdFOQ&quot;,&quot;ofqffHsEv3Xn9hQ3WcurzA&quot;]</string>
    <boolean name="can_user_android_key_store" value="true" />
</map>
