<?xml version='1.0' encoding='utf-8' standalone='yes' ?>
<map>
    <string name="client_static_keypair_pwd_enc">[2,&quot;GoiinUL7RPOwlnADTcOTXsy7\/T9R9HqhCLqFkoNO3tQr3xbEmFGR908K8Ws9gShXbBWolQO82Np80M9bNwXVfw&quot;,&quot;aw7PuY0kg0R\/c9fWUKvSUA&quot;,&quot;ql\/ChA&quot;,&quot;snVm3aflhWKJiU\/N3d2AUw&quot;]</string>
    <long name="client_static_keypair_enc_success" value="143" />
    <boolean name="can_user_android_key_store" value="true" />
    <string name="client_static_keypair_enc">[0,&quot;DF1sUKa4VCpMpejd9hnCPhH19\/uxi9MApioAtELunVMC\/k2cK+lVa4976EMsyaAy4JGqn2cMpfiQIcGPAGhnM3LCvILZahsRRsGawlQ0evA&quot;,&quot;fQ8xnFWp3p7FpaND&quot;]</string>
    <string name="server_static_public">M9brfa5ZRYf0eVsT7CQ+yBPOzEQO/eZ37RoA6DpvHFo</string>
</map>
