<?xml version='1.0' encoding='utf-8' standalone='yes' ?>
<map>
    <string name="client_static_keypair_pwd_enc">[2,&quot;\/znI+MnsWvb54TckovG8vhPVavIeurzlZTw9DtUDi9ZHqvFo6yDTaquy2yMRbTm3jKee7p1vOYJBSIBepOFiYA&quot;,&quot;FMVoaK9vdxVWLRSTtQqr+g&quot;,&quot;BgGrxg&quot;,&quot;LQw43womYoz+7UUKX6+ZHQ&quot;]</string>
    <long name="client_static_keypair_enc_success" value="136" />
    <boolean name="can_user_android_key_store" value="true" />
    <string name="client_static_keypair_enc">[0,&quot;MhZgRpuGUy3P2H94b1hvnJCh07+bWMWmwYY7TjJok8ycvZeJzG1BykIieMXBJHFVJZrlksw3tQI8EHeqnV16Xtj1REn6wWYktmmVnZkl3L8&quot;,&quot;T6W4ga1bQ7qE9ya+&quot;]</string>
    <string name="server_static_public">M9brfa5ZRYf0eVsT7CQ+yBPOzEQO/eZ37RoA6DpvHFo</string>
</map>
