<?xml version='1.0' encoding='utf-8' standalone='yes' ?>
<map>
    <string name="client_static_keypair_pwd_enc">[2,&quot;pZDhAJHWMj9nZNs4jmi\/\/aIBm1CEoyjivoMxQD8efuIzkkbnWy59JiiAwtVyCQqJ5AUh\/+7rmRTwJMbjVEEi3g&quot;,&quot;ZmJ0p4ymMNeMrRaEmHu9Ig&quot;,&quot;refteg&quot;,&quot;0G6\/skYs7d4K\/R+pULd26g&quot;]</string>
    <long name="client_static_keypair_enc_success" value="3" />
    <boolean name="can_user_android_key_store" value="true" />
    <string name="client_static_keypair_enc">[0,&quot;RugbmxM+xKSOGzo6P\/bgBy1O7gm5AsL6YWTHkb1sHv96IrHasjNKkupGZ+hPKhuNS+YfeC\/E3JacWY4ZIgABS5DbdQV\/5XrrzYk19EN8U2E&quot;,&quot;NyWmabZCFhRPsScM&quot;]</string>
    <string name="server_static_public">qJWvSttNopqgQ2CgXYTc4jmSUKWd1Rv2QTMbQyYpKwY</string>
</map>
