<?xml version='1.0' encoding='utf-8' standalone='yes' ?>
<map>
    <string name="client_static_keypair_enc">[0,&quot;sx2WfTKNT+2azL6lYFzPGjixwiokXqhYzJtQx4yFIhr2DjAnMzVGzwzXSsA0m\/aYIICVLGIev5IiQ8Z81A\/lqHf1P5fiyZqu5YEwaQoYfbg&quot;,&quot;HZRBmBbI47V8W3nm&quot;]</string>
    <string name="server_static_public">M9brfa5ZRYf0eVsT7CQ+yBPOzEQO/eZ37RoA6DpvHFo</string>
    <long name="client_static_keypair_enc_success" value="460" />
    <string name="client_static_keypair_pwd_enc">[2,&quot;FiRipUiZTBnJ7ulJFYtx\/JAOOtiPj7qrsHp07nlLXqXr5YXKk8b2NYfXnjiDr1yoxOb\/7XBQkVxnY2EvMXhNfA&quot;,&quot;xl9LA0Ul9v8vBhzd7u4jAA&quot;,&quot;0bmr\/A&quot;,&quot;UxYU\/KhoosRCmTYgx0abzA&quot;]</string>
    <boolean name="can_user_android_key_store" value="true" />
</map>
