<?xml version='1.0' encoding='utf-8' standalone='yes' ?>
<map>
    <string name="client_static_keypair_pwd_enc">[2,&quot;ohi8dtH\/VAyC3w\/30rLjOZSiFdB5ccyHt+EbEP7YSfKiWuGgROb\/B5x900ZEjI7TYyslxNf9gHJrhEHjp7LHCQ&quot;,&quot;tflErtboQH3bE4CMHJt06w&quot;,&quot;x8C+sQ&quot;,&quot;XlFQsp10yG3k0+BVGVDivg&quot;]</string>
    <long name="client_static_keypair_enc_success" value="9" />
    <boolean name="can_user_android_key_store" value="true" />
    <string name="client_static_keypair_enc">[0,&quot;b1LmGd+3MaGrGLe\/AcgnNPijKX2YOTvfHxBt7dSFHuTS9Vs2TaUPOWrKBtQrZzg8GYJ3BrXFpfuKrJ7BufoGabIZrl\/lZgC1JEBrf4Q+4ao&quot;,&quot;rfLRkVtUepsodEEe&quot;]</string>
    <string name="server_static_public">qJWvSttNopqgQ2CgXYTc4jmSUKWd1Rv2QTMbQyYpKwY</string>
</map>
