<?xml version='1.0' encoding='utf-8' standalone='yes' ?>
<map>
    <string name="client_static_keypair_pwd_enc">[2,&quot;kxkPzytbqAZIcb61hBXDfkLbyeIBXJq1jIErcaJNcWI+URIw\/5vyqhhoHnzl8XCJUQQvPuQHYvXBt+X\/mJsV+g&quot;,&quot;EewpdZbvyBi3LiBD0EgE2w&quot;,&quot;M9vmJQ&quot;,&quot;O5TmmQudAoncqGivv4PGkA&quot;]</string>
    <long name="client_static_keypair_enc_success" value="12" />
    <boolean name="can_user_android_key_store" value="true" />
    <string name="client_static_keypair_enc">[0,&quot;32It21tH36xB4Ozdodth1eu1cWFbx9FEHIZA2cHNa5E9IjJfyeEviqWo9wX6Mx2ioxWX5kp7ru\/T6g3bPRPJw2LROot+efGyi6Hwsjb7tqY&quot;,&quot;1\/mwNAWPuF0hgIrg&quot;]</string>
    <string name="server_static_public">qJWvSttNopqgQ2CgXYTc4jmSUKWd1Rv2QTMbQyYpKwY</string>
</map>
