<?xml version='1.0' encoding='utf-8' standalone='yes' ?>
<map>
    <string name="client_static_keypair_pwd_enc">[2,&quot;ufKLAD6wW0\/WU+a7GuudW07dOlFA2ycJh0zvSqwI20mNtef\/131l1Pvv\/+XonJKNge24xBa3RknuAGzxB+qj8w&quot;,&quot;utbzjgyzzIWDPKLIXMM5Cg&quot;,&quot;8PF5+A&quot;,&quot;9WtG4YTtmjnWjIP6l7Oepg&quot;]</string>
    <long name="client_static_keypair_enc_success" value="156" />
    <boolean name="can_user_android_key_store" value="true" />
    <string name="client_static_keypair_enc">[0,&quot;LKt\/GvshlHk3VcqxkzQS55znDLdt9LeXEWopTsjubIXHZ77XXpKykHiBoR+EMGmzkJ36H\/p5JtLRSp2XBwadIuyzwa3q8AL+u4FluneFc4Y&quot;,&quot;WlciUkDCbwMwvpnx&quot;]</string>
    <string name="server_static_public">qJWvSttNopqgQ2CgXYTc4jmSUKWd1Rv2QTMbQyYpKwY</string>
</map>
