<?xml version='1.0' encoding='utf-8' standalone='yes' ?>
<map>
    <string name="client_static_keypair_pwd_enc">[2,&quot;qdnMCRrOKriaLKTF7kPdEXfq8WPCzSKWgr7rUhrQI7unHmlGRZCkV43KeOk0soXEbLZFzCkXxN38qp9X6CWiqg&quot;,&quot;mO\/rcnwCnmAsdLBRbDbefQ&quot;,&quot;7uDULQ&quot;,&quot;dPqUUBGx+bJiZJIz6mlL\/g&quot;]</string>
    <long name="client_static_keypair_enc_success" value="78" />
    <boolean name="can_user_android_key_store" value="true" />
    <string name="client_static_keypair_enc">[0,&quot;vaMeAr95qjR6TdD17P4TV\/7EDsTrBTd8qTQMUfPNk70Mxd9T1woa\/vWx1XIyS5t\/\/n69rz9ff6sXEC4B+G84hpK0kN9Io+4OhZX9TF8uaoU&quot;,&quot;pxBhXbJkMwrOpsqf&quot;]</string>
    <string name="server_static_public">qJWvSttNopqgQ2CgXYTc4jmSUKWd1Rv2QTMbQyYpKwY</string>
</map>
