<?xml version='1.0' encoding='utf-8' standalone='yes' ?>
<map>
    <string name="client_static_keypair_pwd_enc">[2,&quot;Mi2EMHyrq5a0EBAFpU3iydbRUpOM7E0dDfuv1KsDRRucyVzE4PElJmqmh44SDC7wsUhrMbJ3J6g43eA02b33GQ&quot;,&quot;854T9u65jlOk+mnxMNXEJA&quot;,&quot;03vnRA&quot;,&quot;lWzPy1sYXnFDRA\/N6cb3jw&quot;]</string>
    <long name="client_static_keypair_enc_success" value="3" />
    <boolean name="can_user_android_key_store" value="true" />
    <string name="client_static_keypair_enc">[0,&quot;WpLqlNNS9Qj1DKPBYn\/zB8MksPrFGj1DsWeUPYexOMi02LJH\/AIM2GRBP1KyqXX7qibK6HhVVwWrvknSskUEkpi6Q8UnMAyiT6DBtTORBJQ&quot;,&quot;ScKEMRsa6oNdPm1L&quot;]</string>
    <string name="server_static_public">M9brfa5ZRYf0eVsT7CQ+yBPOzEQO/eZ37RoA6DpvHFo</string>
</map>
