<?xml version='1.0' encoding='utf-8' standalone='yes' ?>
<map>
    <string name="client_static_keypair_pwd_enc">[2,&quot;wjxRVwFOFC41TzwCS38OJwkmfQeYbg2bGhEUqeP2l98uv+aZj5qYwZRokrs2SWWMs61Cq85mZI9ih93hjEwhDw&quot;,&quot;Bw12JvnroqqJt4Xeezr+uQ&quot;,&quot;HvtZlQ&quot;,&quot;OJcUO\/MJ1x\/TX\/1qlOZzmw&quot;]</string>
    <long name="client_static_keypair_enc_success" value="9" />
    <boolean name="can_user_android_key_store" value="true" />
    <string name="client_static_keypair_enc">[0,&quot;Ettr7hD2GmI5DEPhaLSgmmKNlrv00mxjlQkOFdToCRjFak0bCZAsF5r0N1ueukRamNTcktoWBnqwHk8owNElrVIS4sXGjMQNdifBKZJOTBU&quot;,&quot;Nh9RV1nVVsw6l+y6&quot;]</string>
    <string name="server_static_public">qJWvSttNopqgQ2CgXYTc4jmSUKWd1Rv2QTMbQyYpKwY</string>
</map>
