<?xml version='1.0' encoding='utf-8' standalone='yes' ?>
<map>
    <string name="server_static_public">qJWvSttNopqgQ2CgXYTc4jmSUKWd1Rv2QTMbQyYpKwY</string>
    <long name="client_static_keypair_enc_success" value="6" />
    <string name="client_static_keypair_enc">[0,&quot;\/ErUgTx2e6RjHFYQZ+V1FOrjbmSU4kIwmiFuhwfff8TQfN1RdUkMdRdF24U+hy2kyH2s+Xgeep318fzCJ+3V6q5C\/AMM\/eliVoVn\/CsDdUc&quot;,&quot;MFPpUhULLwiCiRJG&quot;]</string>
    <string name="client_static_keypair_pwd_enc">[2,&quot;W+DOkA4rPFfA87k8A28b+v1egeBrWubJAxhlEtSWbn6dLHPQLr3M4PmVdyGJZNhAXwgdTplrO0Hyde+bm5pTMw&quot;,&quot;ZeTQr2QGw\/iIXPlAxcF97A&quot;,&quot;uiJyTA&quot;,&quot;Q6rSessq5d1dXrOer609ng&quot;]</string>
    <boolean name="can_user_android_key_store" value="true" />
</map>
