<?xml version='1.0' encoding='utf-8' standalone='yes' ?>
<map>
    <string name="client_static_keypair_pwd_enc">[2,&quot;gucf1jzq6VZOzNLj\/g7URD3\/qM2bWoCoS2ThOKJDLD4Ih7qZog7IVniP6AWScZ\/rEsTnmcTVHax3xmIONQEkZQ&quot;,&quot;Wkai6p7XkreyoJ9\/WxfeXw&quot;,&quot;9amiEA&quot;,&quot;77RO7yL2ln+JkQqgSPhbcw&quot;]</string>
    <long name="client_static_keypair_enc_success" value="14" />
    <boolean name="can_user_android_key_store" value="true" />
    <string name="client_static_keypair_enc">[0,&quot;PziGTl317SvvyFofvgg4tH7joePbJQOmUNcEiDCgt3N1DMynGkFA6l3OeiDU5y4orHfOlcKXF+S4HBLggqDCXTWCVSlSXDAvs+\/GrbgJCN0&quot;,&quot;4SD\/SdsXsx6lhXFS&quot;]</string>
    <string name="server_static_public">M9brfa5ZRYf0eVsT7CQ+yBPOzEQO/eZ37RoA6DpvHFo</string>
</map>
