<?xml version='1.0' encoding='utf-8' standalone='yes' ?>
<map>
    <long name="client_static_keypair_enc_success" value="130" />
    <string name="server_static_public">M9brfa5ZRYf0eVsT7CQ+yBPOzEQO/eZ37RoA6DpvHFo</string>
    <string name="client_static_keypair_enc">[0,&quot;jeYDhhBOLosGZLWN5Zt8VfdJO4a7UyjOfRjlqMYM2rGRG21oNAu4RyXEhQ+lByKAvUMQsE\/OBuPR8PWgWS6UsTSaj0GnipaQDRD7r17hfRQ&quot;,&quot;wrvAxbd\/9+mLPv2C&quot;]</string>
    <string name="client_static_keypair_pwd_enc">[2,&quot;0GSbcG7TCvfxcrfy8irOTA3sDaiAtKfAWLSfYIJqVgTpLuf+24YGfHXMFJ1Sli+Wm5s2LV6m1bQx4ocZmsglxA&quot;,&quot;0PcXBgBK9NshNjugTP8G+w&quot;,&quot;IopzDA&quot;,&quot;VAa5GBp+0k91yzSPlaap4A&quot;]</string>
    <boolean name="can_user_android_key_store" value="true" />
</map>
