<?xml version='1.0' encoding='utf-8' standalone='yes' ?>
<map>
    <long name="client_static_keypair_enc_success" value="106" />
    <string name="client_static_keypair_pwd_enc">[2,&quot;Z0407ktmuD1iSiacD2c\/n4dihI\/kWFvtbhMLaNgDQSD2A6zOXPY0uZ1EOEv9N0839YQOvS72HFMYiHic6xKwGw&quot;,&quot;oWqeQEWeAgKIPwISBVlxmA&quot;,&quot;JqtIzQ&quot;,&quot;Z5D+c7RN0tWUv0FwH6gEuw&quot;]</string>
    <boolean name="can_user_android_key_store" value="true" />
    <string name="client_static_keypair_enc">[0,&quot;OrUtUwY94oYufLIna9wqAL466oe8Y6OWkvg2LZlEMoRok6yIWYjx+kTAvE77nIPvjHhsDS+xLAbm7TcDbFOIrVgNtU6cIGki9Mto9ML+T2Y&quot;,&quot;60l7QA\/ubAT16sxu&quot;]</string>
    <string name="server_static_public">qJWvSttNopqgQ2CgXYTc4jmSUKWd1Rv2QTMbQyYpKwY</string>
</map>
