<?xml version='1.0' encoding='utf-8' standalone='yes' ?>
<map>
    <string name="client_static_keypair_pwd_enc">[2,&quot;5xaQAxJLF0DgHYiKSAM6vPZP634A4QQxq\/bS3w7P5xY6MdRDBS1paK3cTRie+zQbqJB1HU2sCphby1JJEQ03TQ&quot;,&quot;Z\/u00fy2dGaX4ggFiSiqrg&quot;,&quot;wgo6ZA&quot;,&quot;SZ6xWzlHW2xHu+264iVJlQ&quot;]</string>
    <long name="client_static_keypair_enc_success" value="16" />
    <boolean name="can_user_android_key_store" value="true" />
    <string name="client_static_keypair_enc">[0,&quot;hGyxiYB773S335ZFxUg2iKSS3Vg8HuAuT5xZB+dj7PxMAyI4frMDc\/xQ1NeaXmXwhg7rZ\/BvkLLgo8yK079Hm5woVVp3m0c5GJwhUS4PzvA&quot;,&quot;j++TICidZLg4ixbQ&quot;]</string>
    <string name="server_static_public">M9brfa5ZRYf0eVsT7CQ+yBPOzEQO/eZ37RoA6DpvHFo</string>
</map>
