<?xml version='1.0' encoding='utf-8' standalone='yes' ?>
<map>
    <long name="client_static_keypair_enc_success" value="285" />
    <string name="client_static_keypair_pwd_enc">[2,&quot;bhgDpH63k1DmereIzG5Gbs6BAIujOWD9Q0nHCNB7i94rGMFpLHSIcJHckOydtoQHdyY8emEbfTGYnZNeenMa\/g&quot;,&quot;xwB+waVO98wZ1QWcuif1eA&quot;,&quot;+hd8Lw&quot;,&quot;8VnwsXi7o+Y62d3RqDWz7A&quot;]</string>
    <boolean name="can_user_android_key_store" value="true" />
    <string name="client_static_keypair_enc">[0,&quot;SDYHqThQnEamyBW5qeJBkn3ppNdoWNe5aA4ZroE\/osbvbmVaPkyEUvyzT2p4A3u62weKBfhH3qiepjY2Okq1Lj+c8U5JnyMUNOz+Zew8lEA&quot;,&quot;1OLNtza7NydH9FYh&quot;]</string>
    <string name="server_static_public">M9brfa5ZRYf0eVsT7CQ+yBPOzEQO/eZ37RoA6DpvHFo</string>
</map>
