<?xml version='1.0' encoding='utf-8' standalone='yes' ?>
<map>
    <string name="client_static_keypair_pwd_enc">[2,&quot;SmcPE6n0m0WD7aQFzKE4kcUSVhtQB0FoJaihqxs5SnXpAhNJ6ppU2kbOlxf+OMaWy5Dt0iQLRG\/kMdi0nVIXew&quot;,&quot;4CONfOvuq6rALN8SIbh5Eg&quot;,&quot;kYB5YQ&quot;,&quot;VihJXf\/fSY0KNJ+h+n7ZZQ&quot;]</string>
    <long name="client_static_keypair_enc_success" value="3" />
    <boolean name="can_user_android_key_store" value="true" />
    <string name="client_static_keypair_enc">[0,&quot;qaGp0GI\/M0Pl9q30pd0Cv97lecCa3PmWyRuf0qZKPXSUMGdh\/EUt7reauSATEp4QpUY+ZEarljtNUZPEBcV73be6c+8armURl\/vsxyKEeJs&quot;,&quot;VEAEhrIcj5+RSRRI&quot;]</string>
    <string name="server_static_public">M9brfa5ZRYf0eVsT7CQ+yBPOzEQO/eZ37RoA6DpvHFo</string>
</map>
