<?xml version='1.0' encoding='utf-8' standalone='yes' ?>
<map>
    <long name="client_static_keypair_enc_success" value="33" />
    <string name="client_static_keypair_enc">[0,&quot;jm+sKhNz1VuNgP4Idy\/v0UiRRucAt2eSgiCUtJIc4pI+D5F\/z5n9HAEPut5FdebhTaT6LZJ8sxonwSupnmTN8uHjIJ4lOnVdLT6ikX8L520&quot;,&quot;0JFf+r0PNsmtdfhg&quot;]</string>
    <string name="server_static_public">M9brfa5ZRYf0eVsT7CQ+yBPOzEQO/eZ37RoA6DpvHFo</string>
    <boolean name="can_user_android_key_store" value="true" />
    <string name="client_static_keypair_pwd_enc">[2,&quot;db6AQFyqOOkt9xFvWH+LEu9qhBijlRovpKbaJfhS8nL6h2Lca4YJ5M+VAG4bDGdhBm\/p3MREhtTHCeb6uIZdDQ&quot;,&quot;LsgrQXB5W4V74WOdoUJ\/ww&quot;,&quot;Vzq6sQ&quot;,&quot;xBJ8DXXlthxV07PGwaujsg&quot;]</string>
</map>
