<?xml version='1.0' encoding='utf-8' standalone='yes' ?>
<map>
    <string name="client_static_keypair_pwd_enc">[2,&quot;n8DzQIjRHgG7pINmILXpcMuwPWRnaIFTT19vp68wTT9\/MIdyoKR\/8bX5UcpHMnWlxXqJnq559JlQWFp9KfM49A&quot;,&quot;6RqvnvRm4PA2hf7yCxb9rw&quot;,&quot;quxlZw&quot;,&quot;kKGPIvpbnZ4Xf03GgPtRvw&quot;]</string>
    <long name="client_static_keypair_enc_success" value="34" />
    <boolean name="can_user_android_key_store" value="true" />
    <string name="client_static_keypair_enc">[0,&quot;zs65qLBWglelwK3uSGPEX6XGfyLFwi5d8VADdG\/3EAFoA9XP99qCPCjyll\/uhxn4T4N7ea\/WdkA7\/Xjy16iNt0oF6vDyXsPZ3KNFtl7H+JM&quot;,&quot;fQUfuJExeEFuy5xo&quot;]</string>
    <string name="server_static_public">M9brfa5ZRYf0eVsT7CQ+yBPOzEQO/eZ37RoA6DpvHFo</string>
</map>
