<?xml version='1.0' encoding='utf-8' standalone='yes' ?>
<map>
    <string name="client_static_keypair_pwd_enc">[2,&quot;3XRYVzpnTXASldCT1nxrXUTrts6XOObfiNJdN6V8baTJ1Mq5ZsbXz3qzCryyw1WSPymwlZS\/pZmZs6OOLVKE\/Q&quot;,&quot;t3E0NZMAiea\/wPmF495+Yw&quot;,&quot;5tmpyA&quot;,&quot;yoQVu\/6+CJuenypKhUHXKA&quot;]</string>
    <long name="client_static_keypair_enc_success" value="9" />
    <boolean name="can_user_android_key_store" value="true" />
    <string name="client_static_keypair_enc">[0,&quot;4ex1e9iW0mLznkOJwOL6VaUHcWWSgwYFLSXBd\/QqpyMzqz9gWZqQQ0HdFvNIy5nb79veMc0cCFNFZNjisaSS1Bf58GpSbOxdhBVyDi94GgQ&quot;,&quot;fxBpHY2EgwyYN1YF&quot;]</string>
    <string name="server_static_public">M9brfa5ZRYf0eVsT7CQ+yBPOzEQO/eZ37RoA6DpvHFo</string>
</map>
