<?xml version='1.0' encoding='utf-8' standalone='yes' ?>
<map>
    <string name="client_static_keypair_pwd_enc">[2,&quot;7UqOjvh0gxmuigl+0SICJq2iWtrxnwQwUGPAnWQOo7fdcHphmltls1oNCvqHMrYwvYmDcwngs9yIaUdfx7Du2g&quot;,&quot;2PSPLPdW1PGJGpIVXIpP6g&quot;,&quot;wazEYA&quot;,&quot;SyKXySEkDPLIrgz9yzYFnQ&quot;]</string>
    <long name="client_static_keypair_enc_success" value="18" />
    <boolean name="can_user_android_key_store" value="true" />
    <string name="client_static_keypair_enc">[0,&quot;4RVE1RqRvxGN3oWNz8Zc11HevzJGL9M13ICmd7DQujKKRXpPclrYAFqX2qWUa8DaDtd4r1H8i0nZ0WUhLR70tvY7WunKQIFhxEkNjou0Ugg&quot;,&quot;qjA4kdXSiIvmh3A4&quot;]</string>
    <string name="server_static_public">M9brfa5ZRYf0eVsT7CQ+yBPOzEQO/eZ37RoA6DpvHFo</string>
</map>
