<?xml version='1.0' encoding='utf-8' standalone='yes' ?>
<map>
    <string name="client_static_keypair_pwd_enc">[2,&quot;K2ItB+X7hB\/PtYuKLf+enNQ6ccPvJgbaIuXhhl277bVYmO6dPrzUcIVGpi2cx+AjQpBYkRFoixjclF+jpKq+BA&quot;,&quot;lpAZGKaMcudZrggPaQGGJg&quot;,&quot;VmaN6A&quot;,&quot;K8G6D2C0CbwGmFwoD993Cw&quot;]</string>
    <long name="client_static_keypair_enc_success" value="8" />
    <boolean name="can_user_android_key_store" value="true" />
    <string name="client_static_keypair_enc">[0,&quot;n\/\/tbSqj4d7bqINUuW+zTKLGQiU93+3HoKlzn3ctmBTOfqvuuSRCeFYLNFVCQNoyvP8xMMQCcF9jLQXecg5HQGHLSsyXgZVa7OLSiemBAJQ&quot;,&quot;bZ+gCC1Nuwu+sD60&quot;]</string>
    <string name="server_static_public">M9brfa5ZRYf0eVsT7CQ+yBPOzEQO/eZ37RoA6DpvHFo</string>
</map>
