<?xml version='1.0' encoding='utf-8' standalone='yes' ?>
<map>
    <long name="client_static_keypair_enc_success" value="1122" />
    <string name="client_static_keypair_pwd_enc">[2,&quot;0DRq0H0gp9E1bMQbSd1grdmmN1V9Hmf3XcZ8qoovuGe6KVQ0pYMdDd4BECduM4S3wPq3BT4mPIDPdCjF95HetA&quot;,&quot;YSc4JGP83gsmqftuI2wccg&quot;,&quot;6cu1vw&quot;,&quot;YaheSA1nd3fqzhEztbMF1g&quot;]</string>
    <boolean name="can_user_android_key_store" value="true" />
    <string name="client_static_keypair_enc">[0,&quot;CB+EiS30wC1TU5Kev6O7tRMavUxZMqZzkDG5M8629A0lTF0VZdYPAqDLW5eT+yPGzjx44AK7\/VfyffhY\/iAwc73upFd+tPIemOo2JZSZVfg&quot;,&quot;Meju9z+iT9l+wZYT&quot;]</string>
    <string name="server_static_public">qJWvSttNopqgQ2CgXYTc4jmSUKWd1Rv2QTMbQyYpKwY</string>
</map>
