<?xml version='1.0' encoding='utf-8' standalone='yes' ?>
<map>
    <string name="client_static_keypair_pwd_enc">[2,&quot;sbqXrBTXrojq1v0TmsQw6DK3Wxc5c0Z9lYCZtUrJZVmZot04k1tpvcDIR3ZceajXGd7imVNlFY8\/t3PzMNxp7A&quot;,&quot;uC7gqru4QpSP8Qh\/8sQUiQ&quot;,&quot;fwOltQ&quot;,&quot;l5hSBvn1my\/Ad4r18JuAsQ&quot;]</string>
    <long name="client_static_keypair_enc_success" value="33" />
    <boolean name="can_user_android_key_store" value="true" />
    <string name="client_static_keypair_enc">[0,&quot;zjlaXP3PFB7mcNxTPKDGdzlfK5muA2vLdXg8PbRRELTJ3EYyFCrnfJWjFhRbAFZ4GlvhIqc8Hw+d6jxZZjrBLJj\/uXNItCpM8g+\/jm1GBLc&quot;,&quot;tDav0aWzz1L3KsCx&quot;]</string>
    <string name="server_static_public">qJWvSttNopqgQ2CgXYTc4jmSUKWd1Rv2QTMbQyYpKwY</string>
</map>
