<?xml version='1.0' encoding='utf-8' standalone='yes' ?>
<map>
    <string name="client_static_keypair_pwd_enc">[2,&quot;xpITokpKdonmeNpHWNArAqny55TDm4cc955qWX0UKJC3dp2CbS15q\/9p4KUbTogGp6Brr5RxiUsTH\/q9oMkO8A&quot;,&quot;qCAZbNGwbTnG+A1eNbPzTA&quot;,&quot;UyHoyA&quot;,&quot;6dU8VhGF+0T45CqHYWutYA&quot;]</string>
    <long name="client_static_keypair_enc_success" value="29" />
    <boolean name="can_user_android_key_store" value="true" />
    <string name="client_static_keypair_enc">[0,&quot;ytm8wBM0PIZ8otyWFMS36WJwYflw6IqcxMnnxVTURuFyfGoLxUE0V006uLu1S7p3VgPv7q0zZCdVcRtUZbTpupzdfZ5d7yp+zzlw+CIAUAI&quot;,&quot;iCpVh\/sc3G\/Fa2Xr&quot;]</string>
    <string name="server_static_public">M9brfa5ZRYf0eVsT7CQ+yBPOzEQO/eZ37RoA6DpvHFo</string>
</map>
