<?xml version='1.0' encoding='utf-8' standalone='yes' ?>
<map>
    <string name="client_static_keypair_pwd_enc">[2,&quot;Lu4bBcoD4oDPA\/1elwQ05tOdeG4luxVyI11UsCMnxLLZXkqIDDXuocNOcSh1YsyZtJIiD+lIuG21SJpZDx\/5pw&quot;,&quot;mPiF6OQCb\/AUpbI5OfqL+g&quot;,&quot;QFMiTg&quot;,&quot;NMKPtzaw3QwjcOGX2j108Q&quot;]</string>
    <long name="client_static_keypair_enc_success" value="4" />
    <boolean name="can_user_android_key_store" value="true" />
    <string name="client_static_keypair_enc">[0,&quot;X4M0RigAXpZi3uDOlujU77EvCMnhuKIZ\/wy1CnqNaURl7iYySjGWTLh4vovEolQf7jd1zJtQl17aiIIMCWT8+vELWsyjdt10+BROxFZZNYk&quot;,&quot;dD9Z6VZxM8HHb8mj&quot;]</string>
    <string name="server_static_public">qJWvSttNopqgQ2CgXYTc4jmSUKWd1Rv2QTMbQyYpKwY</string>
</map>
