<?xml version='1.0' encoding='utf-8' standalone='yes' ?>
<map>
    <string name="client_static_keypair_pwd_enc">[2,&quot;TK+pWDPXmcXy6w8u7laJJzw\/NWxNqC9drJHm1mkhWKxdbZb5PRy3tMF+2RGKKrHCf5AmwBlVrqnPPp360e9kMw&quot;,&quot;Kk\/I1dCOKM0ka9smF0GMsQ&quot;,&quot;l6LrIA&quot;,&quot;4qs7lVHo57v82BUP6z5BeQ&quot;]</string>
    <long name="client_static_keypair_enc_success" value="28" />
    <boolean name="can_user_android_key_store" value="true" />
    <string name="client_static_keypair_enc">[0,&quot;3vJ3k\/ed0KGTv7MamLHlGOFcnVWmx76m8OM1weg7tUBBglh7rUgCOA7dpi5RMMuLzwmMiBLI00SyqWiNylfrfRZdT2bouQj6UNlAdq8DUg0&quot;,&quot;z3FJF\/F8jYiW\/zkz&quot;]</string>
    <string name="server_static_public">qJWvSttNopqgQ2CgXYTc4jmSUKWd1Rv2QTMbQyYpKwY</string>
</map>
