<?xml version='1.0' encoding='utf-8' standalone='yes' ?>
<map>
    <string name="client_static_keypair_pwd_enc">[2,&quot;fJIaY6WJNfd6Lv36WVxcHZh4WKLt9tCstkKu7aPJ+bB4GpBzLDPwDe3hQ\/+flcbNIqMUkqNYd8Hk+s2Yu7cSlQ&quot;,&quot;uFAZMS9J1DLcAc41HYyTgQ&quot;,&quot;tLterg&quot;,&quot;AdMEfcO1WPAajRnWg7SkLQ&quot;]</string>
    <long name="client_static_keypair_enc_success" value="2" />
    <boolean name="can_user_android_key_store" value="true" />
    <string name="client_static_keypair_enc">[0,&quot;eKqozphJa6XJ7SNEYAlLMC7qGaO78H5ptNqP0ZnJP3ZCBXNK1FnDh0iCOKOjNImsx9qZF9klnjz+323eadcG7SuJ0FxFWhEv3HPgZrmNGgU&quot;,&quot;K+irZQxV6z9o0ORH&quot;]</string>
    <string name="server_static_public">qJWvSttNopqgQ2CgXYTc4jmSUKWd1Rv2QTMbQyYpKwY</string>
</map>
