<?xml version='1.0' encoding='utf-8' standalone='yes' ?>
<map>
    <string name="client_static_keypair_pwd_enc">[2,&quot;xnNeded0xD0aypICbD8uciV1S+bEkB96dE\/RIe9Jl4nspl4YbqxXRN2IWTQAJzPQ7FpWm3cxgbotGHdjOLcv6w&quot;,&quot;rikowwLPpBzsLcfjG9JSFQ&quot;,&quot;vwZipg&quot;,&quot;u2T6OtEHIwF4P7UCg9PWDQ&quot;]</string>
    <long name="client_static_keypair_enc_success" value="43" />
    <boolean name="can_user_android_key_store" value="true" />
    <string name="client_static_keypair_enc">[0,&quot;nwuzL\/4DAYMG2Ze38uaVLF3BIhWf4VeBXwsu4jq07NnuDcsWKoMiaBO\/o9cZg9LG+Ird\/UOcH8aQVedevzv14d1yPjTmbKin311DrrXhsUI&quot;,&quot;34NQ7CxMZqouGiu3&quot;]</string>
    <string name="server_static_public">M9brfa5ZRYf0eVsT7CQ+yBPOzEQO/eZ37RoA6DpvHFo</string>
</map>
