<?xml version='1.0' encoding='utf-8' standalone='yes' ?>
<map>
    <string name="server_static_public">M9brfa5ZRYf0eVsT7CQ+yBPOzEQO/eZ37RoA6DpvHFo</string>
    <long name="client_static_keypair_enc_success" value="5" />
    <string name="client_static_keypair_enc">[0,&quot;nVkrmNfuauhuheT4Sh0L0YuiFPw10TrVlFEGFfsaW8OziXnvOHHbn4s\/1uHwnIiH1M40qy3mOniPrcfdJd8lf1PdLK2J8pEiGB5ur5wmi4U&quot;,&quot;0DNLgzmJAWq\/MOUn&quot;]</string>
    <boolean name="can_user_android_key_store" value="true" />
    <string name="client_static_keypair_pwd_enc">[2,&quot;2pDlFIk7IEoq7ODEYan024K4PNVRqvINdgMKotpFNropUbJ901MBYcD8LI6wXAx0oXn6ymOkII8dRASdqRkaDQ&quot;,&quot;izI7Eui+PtnuaA2zy05QcQ&quot;,&quot;1Km7hQ&quot;,&quot;dNujpsyvGmNj4ZYpA99eQQ&quot;]</string>
</map>
