<?xml version='1.0' encoding='utf-8' standalone='yes' ?>
<map>
    <string name="client_static_keypair_pwd_enc">[2,&quot;\/k2Tj4p0cPr6SEOSZLqdtB82NMD39o6Bt\/WhaVr7VRKBgdTjQWjZuZZ25hqugi\/h2BS1Sc1jkvqoLtohlvLT\/g&quot;,&quot;626uRoe0Yi6Qmmg0IzZzcg&quot;,&quot;PiEjJA&quot;,&quot;O+ycMXqKV7oza6a7x7Cd3g&quot;]</string>
    <long name="client_static_keypair_enc_success" value="10" />
    <boolean name="can_user_android_key_store" value="true" />
    <string name="client_static_keypair_enc">[0,&quot;XYet6Q\/+ZPaG9O1nq9wqGeY\/iPM0wMHQdb2gUgqNZJqiiSDCSQVI5cBF98s2M7\/lRRR+V354rcDWw\/HCpA8CqwzxnY3Bu3397ccLRYCe5jk&quot;,&quot;rlsTjOXCp+FYfGi4&quot;]</string>
    <string name="server_static_public">qJWvSttNopqgQ2CgXYTc4jmSUKWd1Rv2QTMbQyYpKwY</string>
</map>
