<?xml version='1.0' encoding='utf-8' standalone='yes' ?>
<map>
    <string name="client_static_keypair_pwd_enc">[2,&quot;mQ3mnCRaLDtDRumJS96MWoQqk16KURqB+pLvD8k9aoVMjWC2OH6hHhkKhdN+smUHiOmlrzCzoViz8uOXPBjCnw&quot;,&quot;qHlFRFcdnUUuWdLzfJQgcg&quot;,&quot;HgWEQg&quot;,&quot;nqLFkfeqQaPXq6VXibfeXQ&quot;]</string>
    <long name="client_static_keypair_enc_success" value="83" />
    <boolean name="can_user_android_key_store" value="true" />
    <string name="client_static_keypair_enc">[0,&quot;JiIMHrDCM32z+gY5DNO1j2Uyqt45Pxgxxbhq6HvDg7HoLpwNdEfInx7RBycG0DIVsQTra2f0J0rfxpQDIuMvfU3eXn601GjBlflqnv+BkHE&quot;,&quot;DMGaMpqKFkt6312\/&quot;]</string>
    <string name="server_static_public">qJWvSttNopqgQ2CgXYTc4jmSUKWd1Rv2QTMbQyYpKwY</string>
</map>
