<?xml version='1.0' encoding='utf-8' standalone='yes' ?>
<map>
    <string name="client_static_keypair_pwd_enc">[2,&quot;Em5XheU8tSgELbUi1WJw4dnA7bi06nPGy9Xq0sxCOAX+agUJNJHQh\/QdykTBT0jzsUbAXPuP+7uDROqD7I66mQ&quot;,&quot;807v0nyggjC5ap6ki\/Coog&quot;,&quot;20bhDw&quot;,&quot;YPriH0trSQGioFGZUzBRpw&quot;]</string>
    <long name="client_static_keypair_enc_success" value="35" />
    <boolean name="can_user_android_key_store" value="true" />
    <string name="client_static_keypair_enc">[0,&quot;EmQJalNFpwhRkzzkDLwqVqNy\/OT4B\/ArYTB\/UsIzyPDQFbcyUbTZuM3ooBYTbn0jvUYAgj3ulSD085RWQKajwWyRdTwfP1asxylFppoEt0I&quot;,&quot;YXUwswORdOKv+7w+&quot;]</string>
    <string name="server_static_public">qJWvSttNopqgQ2CgXYTc4jmSUKWd1Rv2QTMbQyYpKwY</string>
</map>
