<?xml version='1.0' encoding='utf-8' standalone='yes' ?>
<map>
    <long name="client_static_keypair_enc_success" value="707" />
    <string name="client_static_keypair_pwd_enc">[2,&quot;6f+0RiCPpwMN2sGOPRyJSoLPc9fj\/O3oQdui90vxhxXOoEZwhOb+LNJ8Xm6jOSvUJ0TDKCzFsm7+sZHvQCZwbA&quot;,&quot;ZmsyZy59h4lafCqgsolzrw&quot;,&quot;E3M2xQ&quot;,&quot;BOdkbkIUvx98LCDSVcmfsw&quot;]</string>
    <boolean name="can_user_android_key_store" value="true" />
    <string name="client_static_keypair_enc">[0,&quot;JqDHcB8YyVo0u+V8NFHpSVvGBQTRasTa+ROs1u5psR9dUfWWYHV\/qTtc46UjCPr3mixKYRAwL7T7d1aPAvbwXAMnWKKlVBTDX2yUSiLHV2g&quot;,&quot;091CKwb27YGiVwnF&quot;]</string>
    <string name="server_static_public">M9brfa5ZRYf0eVsT7CQ+yBPOzEQO/eZ37RoA6DpvHFo</string>
</map>
