<?xml version='1.0' encoding='utf-8' standalone='yes' ?>
<map>
    <string name="client_static_keypair_pwd_enc">[2,&quot;BBEaNCfJTj7ZjttOzE2B5T+3aMYcj9gUCNh1YKT4eqiREAT3gbKT2myxgqh9TKijh3N1IjcxA5K+Oo18x\/kQag&quot;,&quot;NuH1+Qx9E9H4KxZ1i5RM6w&quot;,&quot;C1uCCA&quot;,&quot;pJpNvHG07p9wkI2TKX+61Q&quot;]</string>
    <long name="client_static_keypair_enc_success" value="1" />
    <boolean name="can_user_android_key_store" value="true" />
    <string name="client_static_keypair_enc">[0,&quot;CMWqFSWVQwETsFpiVqrOgr3IGwrtosjRrUHRY3pjApFIXJGCw5zZYU+lVUPWJ1YWRTycx7HECQnR6xYNLUX+zlwvRe1oVG+nXbK0EiwEn2M&quot;,&quot;5SiC4vzlNZHBV2z\/&quot;]</string>
    <string name="server_static_public">qJWvSttNopqgQ2CgXYTc4jmSUKWd1Rv2QTMbQyYpKwY</string>
</map>
