<?xml version='1.0' encoding='utf-8' standalone='yes' ?>
<map>
    <string name="client_static_keypair_pwd_enc">[2,&quot;4D767dsvbX4Gs4ud9eIvCmSoY++HsInLrxiyUh8X1e4IQ06CL7PIR+NLsoKd8aFN8rv7J8RgF6nu\/1HyWoCtXg&quot;,&quot;U0j6vDRNH\/GWHK8qbbYbog&quot;,&quot;MKdw9A&quot;,&quot;MdLKa7Vyqw1OdzGRE1hwPA&quot;]</string>
    <long name="client_static_keypair_enc_success" value="104" />
    <boolean name="can_user_android_key_store" value="true" />
    <string name="client_static_keypair_enc">[0,&quot;I42ZbcX+g67fS+eOfo7L4L3ZW86gmCG49coL2BMYvCJ3U7hvKtTNW+RBnPq9LEIYBEkl1WFNT0X3BYF7eoQcoDn2XBnXkNgVHBi1C5cj1lk&quot;,&quot;Bhe4TYhIRtBPkw7d&quot;]</string>
    <string name="server_static_public">qJWvSttNopqgQ2CgXYTc4jmSUKWd1Rv2QTMbQyYpKwY</string>
</map>
