<?xml version='1.0' encoding='utf-8' standalone='yes' ?>
<map>
    <string name="server_static_public">qJWvSttNopqgQ2CgXYTc4jmSUKWd1Rv2QTMbQyYpKwY</string>
    <string name="client_static_keypair_enc">[0,&quot;0\/iKPo5Rc8BXg2ioZ1KplDEEdLoOrvALMqZR8RN3GoiSmngQelQe8NdvuhqxaUb+CYG1vfG2eczGc+lSbRMqv0Y1FmtaZsBS4KKziIc3wXw&quot;,&quot;YwdNUmn6k6b\/Vy1m&quot;]</string>
    <long name="client_static_keypair_enc_success" value="8" />
    <boolean name="can_user_android_key_store" value="true" />
    <string name="client_static_keypair_pwd_enc">[2,&quot;GZ+9NoYOUnNTnED1LVAoFChL0xkWfL\/KbVMju2zzm5y7sZhMf+Id6uyB+\/c\/wTauWcpdHUpD3iaUWoewGdQsjQ&quot;,&quot;q9wIfap\/lWSCOLFqn6BgWA&quot;,&quot;LyE+qg&quot;,&quot;xgbskMONbIka2wi4n5WbFg&quot;]</string>
</map>
