<?xml version='1.0' encoding='utf-8' standalone='yes' ?>
<map>
    <string name="client_static_keypair_pwd_enc">[2,&quot;wWSko9KfIk2IHl79G1gj8hSt45yQFC\/lPrlyMHLnqqDqT6gIyJlQLtCnzIzB91CVhh0A5Q38QUp0WfwwmKYP2w&quot;,&quot;T0JfiLauC2xFZJtZ\/LdldQ&quot;,&quot;xqtdkw&quot;,&quot;+CWqIzNv8zax6iIfFbsIDg&quot;]</string>
    <long name="client_static_keypair_enc_success" value="7" />
    <boolean name="can_user_android_key_store" value="true" />
    <string name="client_static_keypair_enc">[0,&quot;vJc8YVo8zP4g5E1rOKqL8K79xGsD5myTosI0rfwUDbL2kiku1hnfX9kBUbMqbUHphTcaink3Dp6onZaqx+qenVBDP1uiK3EZadw1Xs+XlMM&quot;,&quot;gjEYH3MEu3zpKpzp&quot;]</string>
    <string name="server_static_public">M9brfa5ZRYf0eVsT7CQ+yBPOzEQO/eZ37RoA6DpvHFo</string>
</map>
