<?xml version='1.0' encoding='utf-8' standalone='yes' ?>
<map>
    <string name="client_static_keypair_enc">[0,&quot;82YPSC\/7lDhhLdSf4+XNBZwsk5Eig\/djs2vUDKDta91nbQxWFOjAj0geSLT+oMPvIVCxt4NMbXSFF3yVTokWq6cmxoGHPYXTY5cI2iel\/1E&quot;,&quot;2GFvRr\/xNoQU6HDm&quot;]</string>
    <long name="client_static_keypair_enc_success" value="1031" />
    <string name="server_static_public">qJWvSttNopqgQ2CgXYTc4jmSUKWd1Rv2QTMbQyYpKwY</string>
    <string name="client_static_keypair_pwd_enc">[2,&quot;x2JUVLaBqlIxMFC8xKNQXc2Dqtmp3snWDXKooqUbtZbIJ1jP+cQJ6EC48XWXZZ5Z2POWkInavyVbVyp3S9mMEQ&quot;,&quot;oSTJdN8aV6cfg2WhbvXsNg&quot;,&quot;6wxZzA&quot;,&quot;ZxoqnDe0+GqJzCwXXF9elw&quot;]</string>
    <boolean name="can_user_android_key_store" value="true" />
</map>
