<?xml version='1.0' encoding='utf-8' standalone='yes' ?>
<map>
    <string name="client_static_keypair_enc">[0,&quot;puLGdV5jvDoExJKNJWAaDl3RcRK0ikLZsTSdpfFB7AbfhHuRA6NYfsFnuwkEAp\/ZMFuZXxCRTzFm\/n7LIcnOpe5U3dDT\/7OZVqIIGrd6Fbc&quot;,&quot;+s\/xMm4BumKP97G2&quot;]</string>
    <long name="client_static_keypair_enc_success" value="1986" />
    <string name="server_static_public">qJWvSttNopqgQ2CgXYTc4jmSUKWd1Rv2QTMbQyYpKwY</string>
    <string name="client_static_keypair_pwd_enc">[2,&quot;+4vn5aELfpwQ9YNMZIDv4fa1qIHEMgfQc9Qu7nrtfM0Z4gQ+Qq8V\/Xd8nDVpeOFuda9WHKgqLfIgVvN98APhiA&quot;,&quot;67CnhH7mgpfnkBs78gOldA&quot;,&quot;npCj4g&quot;,&quot;s1fPHF0aC3L999fjkmFsLw&quot;]</string>
    <boolean name="can_user_android_key_store" value="true" />
</map>
