<?xml version='1.0' encoding='utf-8' standalone='yes' ?>
<map>
    <string name="client_static_keypair_pwd_enc">[2,&quot;MGlTpll+ANUHKveWNPkulVyoIpkwAbFJ4SIwhCGUV4zyqqRbRBpcRS6FakLufVCE0CB53zb1pxlc+\/608q0JGA&quot;,&quot;5JHb6XQ4py\/f+P0PGrXXVg&quot;,&quot;NyL6+A&quot;,&quot;t5vT8MkBU\/Gsz\/2u9z1+rQ&quot;]</string>
    <long name="client_static_keypair_enc_success" value="156" />
    <boolean name="can_user_android_key_store" value="true" />
    <string name="client_static_keypair_enc">[0,&quot;mKhXw2IGHq43ANn6RjEYQk0tfFMBtTbLh2H1SzrgJn8vj59m38IKtxBbRBIQqMbARTUTcemtkdowoAxACu8kGT\/1AW3ZLyZjlqNbLzwUeRk&quot;,&quot;eggFcixVNbQ+SLFr&quot;]</string>
    <string name="server_static_public">qJWvSttNopqgQ2CgXYTc4jmSUKWd1Rv2QTMbQyYpKwY</string>
</map>
