<?xml version='1.0' encoding='utf-8' standalone='yes' ?>
<map>
    <string name="server_static_public">qJWvSttNopqgQ2CgXYTc4jmSUKWd1Rv2QTMbQyYpKwY</string>
    <long name="client_static_keypair_enc_success" value="1" />
    <string name="client_static_keypair_enc">[0,&quot;5y8WraOXKbsJvIdgPoQZeQZ4b7XtJzYEpH6iE\/dh9XFGa2ee1HhYocIoxTu1\/niu6c7qUSWbNlHdTA8Vmw\/B+nY2z9g25tOfiAAUcaXR\/08&quot;,&quot;okXkrHhy3rYg5izV&quot;]</string>
    <boolean name="can_user_android_key_store" value="true" />
    <string name="client_static_keypair_pwd_enc">[2,&quot;r8PT2cCzgrANfPjhoLjvyCcOyB0l8kfgKGwoHVauqwAh1uFNzKPF9lQ3YQFaA58qMwJ\/myrTrmX6BOdFfk5MyA&quot;,&quot;pu8cK44yrw1MjKQB+IVBPQ&quot;,&quot;GT2ySw&quot;,&quot;wD\/hIHyhTzCIWziCiwdB3A&quot;]</string>
</map>
