<?xml version='1.0' encoding='utf-8' standalone='yes' ?>
<map>
    <string name="client_static_keypair_pwd_enc">[2,&quot;\/nbdKeECvL5otOzv8tQWxAEJxUFyYMDn+bTJGHWxwPpeP\/JbSBswCAqde7+hHrpmIBDQQtVSFKTHrtYkQMD+rg&quot;,&quot;VnLPgBKPdHYGSulPKbedHA&quot;,&quot;CeizHQ&quot;,&quot;B8J3hOsmyP5nkWzf0XBZew&quot;]</string>
    <long name="client_static_keypair_enc_success" value="23" />
    <boolean name="can_user_android_key_store" value="true" />
    <string name="client_static_keypair_enc">[0,&quot;PK5SarCHctkmc6pHt2qlOkjff0nCkyFxQ\/7AXPEP9VK\/E5rwMWjpzz\/SSqqug\/8dXyzwlz01Qj2l\/MIcsjgLQn2Oq4HCwmqLurbWaXAFrPY&quot;,&quot;62SyMjxHq63IlxIb&quot;]</string>
    <string name="server_static_public">qJWvSttNopqgQ2CgXYTc4jmSUKWd1Rv2QTMbQyYpKwY</string>
</map>
