<?xml version='1.0' encoding='utf-8' standalone='yes' ?>
<map>
    <string name="client_static_keypair_pwd_enc">[2,&quot;4+GOhqMXLzhBxEuFBXqqme6pOSZYctqyp5BweZkb8xsf+MsTwgHIfzdin+W+08bhsI9QdK+TBCSv94TyrqRiKA&quot;,&quot;8G5rMw6c6BVyF9XZmRANKw&quot;,&quot;\/UOLUg&quot;,&quot;ekWftBW0h0O5L+JbSiQGvQ&quot;]</string>
    <long name="client_static_keypair_enc_success" value="15" />
    <boolean name="can_user_android_key_store" value="true" />
    <string name="client_static_keypair_enc">[0,&quot;GRhERkFSzKaaVqz3dzunPevLLPui0+JYV800LjcMhLsU8uXzAVN6ulxnh6AJar6bqUFnAySAicZXu1NaHdp+6MPRXAMWItIlgSSd+URrOko&quot;,&quot;vn3o4TDPbaxN31Qy&quot;]</string>
    <string name="server_static_public">M9brfa5ZRYf0eVsT7CQ+yBPOzEQO/eZ37RoA6DpvHFo</string>
</map>
