<?xml version='1.0' encoding='utf-8' standalone='yes' ?>
<map>
    <long name="client_static_keypair_enc_success" value="21715" />
    <string name="client_static_keypair_pwd_enc">[2,&quot;gUUSHfjPp53T4g2QIInai+\/MsLWmklKQvuq7YEhH+\/otDlfklRgDwfSD7cA7LkNHyHTgirQp6Y1GbTchJGgEgA&quot;,&quot;xaR9mRoW\/e3QRx6\/fEq4sQ&quot;,&quot;INvbPw&quot;,&quot;in6u0GUJKDSYkie67KF9Vw&quot;]</string>
    <boolean name="can_user_android_key_store" value="true" />
    <string name="client_static_keypair_enc">[0,&quot;UZmxxV1IFI9VaQUcdKiCYhDWTrRbqXzGIcpNE++vOomS1XkzsdvW1AI7v0FBNPlqAQ5F7zI68N36UaRijVAFCpinqc\/7gaf3brabQLy6q7M&quot;,&quot;bHWtERwaYd\/vbAWT&quot;]</string>
    <string name="server_static_public">qJWvSttNopqgQ2CgXYTc4jmSUKWd1Rv2QTMbQyYpKwY</string>
</map>
