<?xml version='1.0' encoding='utf-8' standalone='yes' ?>
<map>
    <string name="client_static_keypair_pwd_enc">[2,&quot;IPH0wVITQUr79bKd62RAKWVQasAv0nhIjzmAWMRGncmvGj\/vf4LMz7xSMnd9wOL2TqzLTtLJMUG8uoKO4JPoGg&quot;,&quot;TP2uNq7okmqDfYFXhI3eMQ&quot;,&quot;fjLZSQ&quot;,&quot;TDNwcTpK6lXWcyqWXsrYVw&quot;]</string>
    <long name="client_static_keypair_enc_success" value="3" />
    <boolean name="can_user_android_key_store" value="true" />
    <string name="client_static_keypair_enc">[0,&quot;4CRfGoB9cTUFyRe5qy1hmxDHRArO38B4Qh3lqJ7cLF5DWHClN+itLmujEMaDuzbZY\/Q6Tnh1z+XAOMVVFMX7G6jnsdZmJGwgsVKS061mx7c&quot;,&quot;kI6tmORvt75gFRzT&quot;]</string>
    <string name="server_static_public">M9brfa5ZRYf0eVsT7CQ+yBPOzEQO/eZ37RoA6DpvHFo</string>
</map>
