<?xml version='1.0' encoding='utf-8' standalone='yes' ?>
<map>
    <string name="client_static_keypair_pwd_enc">[2,&quot;pE2DF3wSSc9Bs\/DnmDqsnLlf4HPvKa2YaKTEXkMcPJ2ljlmYgcLOmZjeHLne8A75rEHJUgbk4Fy0iId6qyj1hw&quot;,&quot;BOU0dYgK6FKfzBJzx\/dKmw&quot;,&quot;f5uYdH&quot;,&quot;uWc1L\/SvKkSQoVSSmaKYWg&quot;]</string>
    <long name="client_static_keypair_enc_success" value="8" />
    <boolean name="can_user_android_key_store" value="true" />
    <string name="client_static_keypair_enc">[0,&quot;t51dQfT1BL23WvRhG6h6ix7wbAoXtGnN5DcRcijggxKKguYQQID+\/1vPXjjBeeYcz8zMHqT2ulPrzign8cir4I4XpVqiv+DeFHKMzBgBBMc&quot;,&quot;4po7pqHt4mgeUb8m&quot;]</string>
    <string name="server_static_public">M9brfa5ZRYf0eVsT7CQ+yBPOzEQO/eZ37RoA6DpvHFo</string>
</map>
