<?xml version='1.0' encoding='utf-8' standalone='yes' ?>
<map>
    <string name="client_static_keypair_pwd_enc">[2,&quot;bCrnUC7sfLOGh8G1zCnSznlHH1C\/F71igqcbgNnRrzQC1cF\/M+hG7jsg02poNLua1QwojC+HdPFKO7GzH9p9sw&quot;,&quot;igkk7GPznFCCNGM\/s6edMg&quot;,&quot;txxhww&quot;,&quot;pnsMR\/uPO8\/Hq8c7rHSqqg&quot;]</string>
    <long name="client_static_keypair_enc_success" value="881" />
    <boolean name="can_user_android_key_store" value="true" />
    <string name="client_static_keypair_enc">[0,&quot;CKnvOtrIlNF2+YvIBnP9zDX5wFtTReYtHHNRSGhGHbMXlnhJcChd9UVYmTaGF\/Nntg1xJeP6UU1mUODpJrpTcK7ar\/3UaNV+f4XO0MB6EZg&quot;,&quot;MzS6xabGfvGnXDLp&quot;]</string>
    <string name="server_static_public">M9brfa5ZRYf0eVsT7CQ+yBPOzEQO/eZ37RoA6DpvHFo</string>
</map>
