<?xml version='1.0' encoding='utf-8' standalone='yes' ?>
<map>
    <string name="client_static_keypair_pwd_enc">[2,&quot;kwH6kUqC6wt8ve5d6qnqFhTZakF7nn9IYyccIbp7ulfz9Q3u3Pq3qLl06ZCAHIYEF\/HA7qji1qlGHoz3EZhLKw&quot;,&quot;yF1+l631l1k0xfOOZafEoQ&quot;,&quot;s4Q2GQ&quot;,&quot;Qn4SDeSsoVBYEnVB+oTbVQ&quot;]</string>
    <long name="client_static_keypair_enc_success" value="13" />
    <boolean name="can_user_android_key_store" value="true" />
    <string name="client_static_keypair_enc">[0,&quot;iQBVcfctIMq30Ybx+ypvu0\/iFvNxYgHZ3G4iADozt+qrpIqS5vGsnfwThjo9q27kCAh5lcJaoOs\/o+6\/SnR8hnO23WLxTfO6klxW7ltoTIs&quot;,&quot;zb4KDGXXEphLZCjP&quot;]</string>
    <string name="server_static_public">M9brfa5ZRYf0eVsT7CQ+yBPOzEQO/eZ37RoA6DpvHFo</string>
</map>
