<?xml version='1.0' encoding='utf-8' standalone='yes' ?>
<map>
    <long name="client_static_keypair_enc_success" value="42" />
    <string name="server_static_public">qJWvSttNopqgQ2CgXYTc4jmSUKWd1Rv2QTMbQyYpKwY</string>
    <string name="client_static_keypair_enc">[0,&quot;jiYvBSZ6pKFUBY3pw9ZNhMbfqG8JL5Q6YAS1SmVa0c2ZIE6zlSzO+YoHF37Shu3FBaoIMAzTxIaDDwPCJbvmSLi4Q1+3zSycmtTFesLQOvo&quot;,&quot;LTQ1M0EtjjU2DIf0&quot;]</string>
    <string name="client_static_keypair_pwd_enc">[2,&quot;KX21iEeZRmYgk5fNGbluXc3q88NxM981wManjXCjoum0qDVcjizpJkMd+NsCKaIZRZRsj1Tru3eWeP2Lcj2U9w&quot;,&quot;Ea0br4xvTG3XvqgILxn4AA&quot;,&quot;ZbDZ8Q&quot;,&quot;2CYHSo5BQF1G3KzSbf0jJQ&quot;]</string>
    <boolean name="can_user_android_key_store" value="true" />
</map>
