<?xml version='1.0' encoding='utf-8' standalone='yes' ?>
<map>
    <string name="client_static_keypair_enc">[0,&quot;+d6JS5TJHJfqCv2begj0tpz1ozCKge9O2hFUpEc9qO5Nc\/aMATte9YeIVcGF4pWi8SL7OSayvv6TJSA\/uCzPJamUGea7fTiTFJxwfutEMLU&quot;,&quot;AlKw1WnY8sBvVV+f&quot;]</string>
    <string name="server_static_public">M9brfa5ZRYf0eVsT7CQ+yBPOzEQO/eZ37RoA6DpvHFo</string>
    <long name="client_static_keypair_enc_success" value="80" />
    <string name="client_static_keypair_pwd_enc">[2,&quot;Y8U9q7Ff4j8c\/+Qddx0FJ47Vi57e3vlWImOtJVQ0k9DEj33ISrON5gPGtmmzqiMRjgL6lnWTAVSRJuriCWPKtA&quot;,&quot;IJ2WGxKV8+24mDLQ+cf7NA&quot;,&quot;m1HGIA&quot;,&quot;lSzUblA7sqCqPLJdATpNMQ&quot;]</string>
    <boolean name="can_user_android_key_store" value="true" />
</map>
