<?xml version='1.0' encoding='utf-8' standalone='yes' ?>
<map>
    <string name="client_static_keypair_pwd_enc">[2,&quot;ATO36hCXPhbyU1RTygXNlI+SAKBw3ythhK6fLPSeBbiVkgug83rhB+79SOsNfsAkd4LggbO2Hr\/GsoaMKWecPA&quot;,&quot;9aB8EhJvfhbUBoyQ6U5Ehw&quot;,&quot;dHoAlQ&quot;,&quot;v9ku3wtYeGVljjXLxiTKuA&quot;]</string>
    <long name="client_static_keypair_enc_success" value="22" />
    <boolean name="can_user_android_key_store" value="true" />
    <string name="client_static_keypair_enc">[0,&quot;o+KINUrZYW7P+FJO4LsAGXVGvDH5WPDBBkSS3\/Y6J1OJetcNqOCnaxzWIf0qmSq4auwMnX2RhnTQRPHU5FFAd+86ik2fCojYHvw5AuOKFKE&quot;,&quot;MxgKSB0t5VTjGpsR&quot;]</string>
    <string name="server_static_public">M9brfa5ZRYf0eVsT7CQ+yBPOzEQO/eZ37RoA6DpvHFo</string>
</map>
