<?xml version='1.0' encoding='utf-8' standalone='yes' ?>
<map>
    <string name="client_static_keypair_enc">[0,&quot;BaoptjDErNaVtwtKyUEufM0da37lYqsjxZln+NLFwo7+9m1uvGjBIA\/wXR4Z3Ui8EkGaHXzl7TkUBeAIMotwMBqyYgSNuxrLXYWy5xAwFDY&quot;,&quot;Fo9sZrqqRJMRbAQR&quot;]</string>
    <long name="client_static_keypair_enc_success" value="22" />
    <string name="server_static_public">M9brfa5ZRYf0eVsT7CQ+yBPOzEQO/eZ37RoA6DpvHFo</string>
    <string name="client_static_keypair_pwd_enc">[2,&quot;P070bzIVuCgtMvRQXOl\/rzKaQrVtR+AMOWKOGRCbd6Sa9VBXG\/5OBCD9BQcc5elFbJOXsRF8cFbegbUnymyu4A&quot;,&quot;+qVKdb5Kkut0FqfUkt2x7w&quot;,&quot;SI7EQQ&quot;,&quot;9l1uiC27O40YVmr\/h2Ho5w&quot;]</string>
    <boolean name="can_user_android_key_store" value="true" />
</map>
