<?xml version='1.0' encoding='utf-8' standalone='yes' ?>
<map>
    <string name="client_static_keypair_pwd_enc">[2,&quot;1KswPZZa6luGS\/ZOJwLGm3j2LrSd+iqD5pcUI\/cN\/mLyoq9Wxh69eNPRdYqy9YXz+bVhVy6I2H0fw9ukd4p6zg&quot;,&quot;W6YCgPHuuztar5\/N5+MXaw&quot;,&quot;9O3ewg&quot;,&quot;8iapyrq9IpyJfNl7Pr4NZQ&quot;]</string>
    <long name="client_static_keypair_enc_success" value="50" />
    <boolean name="can_user_android_key_store" value="true" />
    <string name="client_static_keypair_enc">[0,&quot;KRNbkViqWuvE3YYg7KIkVryEaxFTQzXo6D9OYcdr9Vh6ZmeGJkX6le+vymylashpUuaHnjQ+0vnDuhfMLDJqpcPiPoFZAsfhm9GpdqbCVRc&quot;,&quot;V47SavJKouT3gS23&quot;]</string>
    <string name="server_static_public">M9brfa5ZRYf0eVsT7CQ+yBPOzEQO/eZ37RoA6DpvHFo</string>
</map>
