<?xml version='1.0' encoding='utf-8' standalone='yes' ?>
<map>
    <string name="client_static_keypair_pwd_enc">[2,&quot;uFsjmCernwclN7i+3F6w3YfdS8NinLPCv2trv0ORurG2bVM6KJnfUSk\/iQf74NXliD+TCz7DqtVbb00qjC8s4g&quot;,&quot;tmdm8OHVU775T8wxnh2nJQ&quot;,&quot;KwyfUw&quot;,&quot;EM0iFfJjQSb7WiRinsnsDQ&quot;]</string>
    <long name="client_static_keypair_enc_success" value="56" />
    <boolean name="can_user_android_key_store" value="true" />
    <string name="client_static_keypair_enc">[0,&quot;1PhIoV57ZPr\/HuGCSewQ2FvdmVpaTZzq6rZe7zTbfNJeUAHY+m3GwBzEwivzyLkizUi0lCJ5M\/+wZ78jsyriCDi5Uo0iRBS3fhzsQf+gZkU&quot;,&quot;zelNqYFsyE+OxTsM&quot;]</string>
    <string name="server_static_public">qJWvSttNopqgQ2CgXYTc4jmSUKWd1Rv2QTMbQyYpKwY</string>
</map>
