<?xml version='1.0' encoding='utf-8' standalone='yes' ?>
<map>
    <string name="client_static_keypair_pwd_enc">[2,&quot;iA5GajVrnKTOfcybDA6HIj90XnrzY2BDdFIG2B5V8MzMFYh6w0etKDws2MRTSJ08Bl\/cwWjQiLQjL+exYiRoCQ&quot;,&quot;o9q88xaDqo7MNZstqEwNTQ&quot;,&quot;BAhAGg&quot;,&quot;k+l04A\/jC\/s1bAZruv7zow&quot;]</string>
    <long name="client_static_keypair_enc_success" value="4" />
    <boolean name="can_user_android_key_store" value="true" />
    <string name="client_static_keypair_enc">[0,&quot;pQSQGHIpt6DL2keyQhHsJdD4XKEJVWB7Mv\/QJbjX29Nmy5nMmmWQpGLustUB8Kvn9ntC9Oz0jEQIby8h\/jWcSiBX2bp6fbnJa9A81nAVhYI&quot;,&quot;W4KvCK5aVOoTzRwm&quot;]</string>
    <string name="server_static_public">qJWvSttNopqgQ2CgXYTc4jmSUKWd1Rv2QTMbQyYpKwY</string>
</map>
