<?xml version='1.0' encoding='utf-8' standalone='yes' ?>
<map>
    <string name="server_static_public">M9brfa5ZRYf0eVsT7CQ+yBPOzEQO/eZ37RoA6DpvHFo</string>
    <string name="client_static_keypair_enc">[0,&quot;tvjbEqpywnpoyzHdilwNHc1hWsSzlR1tqEySmKehmGuV6UvmgZOjHjMNvjafezCgQmpQygYSo6x05VN\/e4rPoG4l9hpsPj69nPAfZzsfQ8I&quot;,&quot;SLz8IV9FIvYNmSsC&quot;]</string>
    <long name="client_static_keypair_enc_success" value="66" />
    <boolean name="can_user_android_key_store" value="true" />
    <string name="client_static_keypair_pwd_enc">[2,&quot;3T0uWm3wRrKFWgihVlTm4DZl+UMBjVJDQx\/C6v+U6FaIdf8BLudzFZ\/ReHhtzsWpvB6GY593mzZbnabO9B6KjQ&quot;,&quot;khxEprjo2acybWGTdAURUw&quot;,&quot;LE3Ibw&quot;,&quot;rmVPIR6edKgH5ZeA+yAHug&quot;]</string>
</map>
