<?xml version='1.0' encoding='utf-8' standalone='yes' ?>
<map>
    <string name="client_static_keypair_pwd_enc">[2,&quot;mH7KP12bHdsrUJWg+IY6Wd2lW9VlKLgEt86Cs0abPDWz1Zlq3pDmz9C5cEbWcbF\/FocXmWwWYQ\/Xq1vvaH\/Bcg&quot;,&quot;KvQY7EcMi9oJhXhtQNixZA&quot;,&quot;i+ATDA&quot;,&quot;WssIqhVAwN7Eulv6gmQiGQ&quot;]</string>
    <long name="client_static_keypair_enc_success" value="82" />
    <boolean name="can_user_android_key_store" value="true" />
    <string name="client_static_keypair_enc">[0,&quot;2yH+b6HQH6iM4qNigmdy9dqEenzqeqMMyzGUj3GdVsZB1uiG69G0oq6F0yXWTSnfzeEba3ic5hdpojskLJVKQFHsEby5kzOOnKmaP+ufsJk&quot;,&quot;aY12nztIF93RGx5Q&quot;]</string>
    <string name="server_static_public">qJWvSttNopqgQ2CgXYTc4jmSUKWd1Rv2QTMbQyYpKwY</string>
</map>
