<?xml version='1.0' encoding='utf-8' standalone='yes' ?>
<map>
    <long name="client_static_keypair_enc_success" value="603" />
    <string name="client_static_keypair_pwd_enc">[2,&quot;mORcMZN+MBtp7S6yyrK0hT2zQX2qdkqeqYHp0B9A0u1ZxGQIdcherUHIVdIt8MARUoioT2GigZgD94vc6OG0\/A&quot;,&quot;0K8ZILV5GgrGkRji8diI1Q&quot;,&quot;DXjzTw&quot;,&quot;2Faqnw9zxQW9mFddyrOyeg&quot;]</string>
    <boolean name="can_user_android_key_store" value="true" />
    <string name="client_static_keypair_enc">[0,&quot;Bq9fekeezQx+FSWsG4vzb1RwAut6GcVQwhOXgUDiY8IsjK0yLq66+1He2QTws84Agl7LT+Y+uX+HqDrB3Mu+hyzq817\/tt\/vGPLCK1yjUTw&quot;,&quot;q7m5Sz\/3qsR1HhPe&quot;]</string>
    <string name="server_static_public">M9brfa5ZRYf0eVsT7CQ+yBPOzEQO/eZ37RoA6DpvHFo</string>
</map>
