<?xml version='1.0' encoding='utf-8' standalone='yes' ?>
<map>
    <string name="client_static_keypair_pwd_enc">[2,&quot;\/r8wuDz\/JtDd9hUcy1YnF8+Q+EplHwPezfyByvkyy\/mDa4JIIO6AeJTha1SY1RQoDIToUVw3rCBlA\/jBBXEFMA&quot;,&quot;oowUXbn3PHMG0UnEvNt7OA&quot;,&quot;nQqcyw&quot;,&quot;dCOxNGmMt\/WBBINwPRwGgA&quot;]</string>
    <long name="client_static_keypair_enc_success" value="267" />
    <boolean name="can_user_android_key_store" value="true" />
    <string name="client_static_keypair_enc">[0,&quot;lJLtdIr\/veONLcBagDag6cAznioAG5r+kgDcFKkOeIKFYdj\/X1kZpmgN5RFU\/S+RfjMcoDNGES\/s42VUjTxf9VvAKPKps3IKufbRbEXqmSc&quot;,&quot;mZPDsekd\/yHghF3H&quot;]</string>
    <string name="server_static_public">qJWvSttNopqgQ2CgXYTc4jmSUKWd1Rv2QTMbQyYpKwY</string>
</map>
