<?xml version='1.0' encoding='utf-8' standalone='yes' ?>
<map>
    <string name="client_static_keypair_enc">[0,&quot;fuilQkMaW4ps64eKAXYIv+B+gUH\/+8p66hKReW9vGlKp6JU2a5snKoAZPTJK0J2JGyZLBten0buqKsmhgQvhdVXQhm5TFrkYSYkXpMda6XU&quot;,&quot;yqcXsSIrR223SEFn&quot;]</string>
    <long name="client_static_keypair_enc_success" value="1154" />
    <string name="server_static_public">qJWvSttNopqgQ2CgXYTc4jmSUKWd1Rv2QTMbQyYpKwY</string>
    <string name="client_static_keypair_pwd_enc">[2,&quot;gEw5S2UKur2lk5tR3xoP00hOUFBTxzd9H6QKT9UY5\/9PO1oKCeK0T4uHLEOF3BqlhUQIZjNT8G9GY3znleRbOA&quot;,&quot;JSfoAOb6eFgTZhj0BCVgvA&quot;,&quot;u55t+g&quot;,&quot;PQE2wDhTyCNNf0RL8Oiyag&quot;]</string>
    <boolean name="can_user_android_key_store" value="true" />
</map>
