<?xml version='1.0' encoding='utf-8' standalone='yes' ?>
<map>
    <string name="client_static_keypair_pwd_enc">[2,&quot;bew\/v+hlIVqpSYWnHYRXPiYgU9X2VRMXeHVHZVlvJuNqIOwZq4YIXC6Pyv2bm2c7xi1k767hFAJLGKTc1ntJeQ&quot;,&quot;0cV4iegrIcXg+3xENMPvFw&quot;,&quot;4\/OhyA&quot;,&quot;XN\/MDUQ8KXRt9FO8TrW7VQ&quot;]</string>
    <long name="client_static_keypair_enc_success" value="55" />
    <boolean name="can_user_android_key_store" value="true" />
    <string name="client_static_keypair_enc">[0,&quot;W7BbBHzhHx7jWraz+gZC\/DPf5VeKERLy4xFsXw56KWYa3PDjG46xQyjGmw2o+bvQKAle17GO7Rlx\/uV2HdGM\/iXLdbbzqNTBVfYI4bPsNMM&quot;,&quot;WkbzRY4yLPVMbHPK&quot;]</string>
    <string name="server_static_public">qJWvSttNopqgQ2CgXYTc4jmSUKWd1Rv2QTMbQyYpKwY</string>
</map>
