<?xml version='1.0' encoding='utf-8' standalone='yes' ?>
<map>
    <long name="client_static_keypair_enc_success" value="5" />
    <string name="client_static_keypair_pwd_enc">[2,&quot;1ZypyZZI4bO2Wkv\/YnyqlXSCXhjSQ+KWZzfJrRVYEdgireLTgBp7ZmOH+5OfgdN9W9gZAmDgxyHns2cUvPCG6A&quot;,&quot;mq4c4k2gNgtRk47T6joDHw&quot;,&quot;lNmc5Q&quot;,&quot;wS\/IMszvnM6fJ9Iry+diRQ&quot;]</string>
    <boolean name="can_user_android_key_store" value="true" />
    <string name="client_static_keypair_enc">[0,&quot;FCo6e0yQEW9K2VPht1GV1IFWekyJgtv9mwnfQI653TI+hZt6i7NwdtSgo8Eur3sbvGJxwHd6cOe6LVzVDlPtn1m5rhFgZWQ\/k4iijj8la8k&quot;,&quot;sMQrRduA3C\/zbNQA&quot;]</string>
    <string name="server_static_public">M9brfa5ZRYf0eVsT7CQ+yBPOzEQO/eZ37RoA6DpvHFo</string>
</map>
