<?xml version='1.0' encoding='utf-8' standalone='yes' ?>
<map>
    <string name="server_static_public">qJWvSttNopqgQ2CgXYTc4jmSUKWd1Rv2QTMbQyYpKwY</string>
    <string name="client_static_keypair_enc">[0,&quot;d8pec1seMW3Aani62Vh410gFYH6sDWPHSdczpd26URRMuEWyJ7FAi8BDHtofYP0qPtAwyAcdl1ZUFSbqAvmcy5veEk1W+eZWcUG0wdBzRZ4&quot;,&quot;EkF5MdNJY\/KwqWIS&quot;]</string>
    <long name="client_static_keypair_enc_success" value="1178" />
    <boolean name="can_user_android_key_store" value="true" />
    <string name="client_static_keypair_pwd_enc">[2,&quot;BKdzIX27NIcmg1v5x3LPd3NqJzhz1XMhws4WE6ANGDhQkOlDHSgKbHOLrVfJCFhtd+XufOiVfztnpWNvcMvZnw&quot;,&quot;xggDyn2o3x5LcI\/RMVHpNQ&quot;,&quot;0jFwsy&quot;,&quot;uZiYCh1u0LEGZ0K2pyouPg&quot;]</string>
</map>
