<?xml version='1.0' encoding='utf-8' standalone='yes' ?>
<map>
    <long name="client_static_keypair_enc_success" value="65" />
    <string name="client_static_keypair_pwd_enc">[2,&quot;1VBuGBA2WxcckKiPdqFcb+JpHic4tSTRYPAWkihAojIeYju7c8i\/pz8ggD1cS82tKI0Me4Agk1Bsyb+hQf9ekQ&quot;,&quot;1mV0VpwhY1LyjzpR3RCaMw&quot;,&quot;OT9haw&quot;,&quot;YSQjayjKzd4sNyXyR2SRuA&quot;]</string>
    <boolean name="can_user_android_key_store" value="true" />
    <string name="client_static_keypair_enc">[0,&quot;ouzbe8BeAak7cY6+LXqsf0+pDJ80KrnJC6qB5ukOw3m2slpQISHe8v38lra98mMeCYrDwwDrm9w+KqFyTOz9fGJpMXCTpA\/7B1wYpBEcPAs&quot;,&quot;U\/6jQC5GmHJLDUBS&quot;]</string>
    <string name="server_static_public">qJWvSttNopqgQ2CgXYTc4jmSUKWd1Rv2QTMbQyYpKwY</string>
</map>
