<?xml version='1.0' encoding='utf-8' standalone='yes' ?>
<map>
    <string name="client_static_keypair_pwd_enc">[2,&quot;149yAxzkA7eRfN3lQ3tlYvHTaV7SizswlxYUfB6V+g2gcQxz9W64wK6RmLcXYr9G2h5GylBr7\/YoliUQHZ7fjA&quot;,&quot;P2nSpPBhbsPTzymbV4cZCw&quot;,&quot;4GMRCg&quot;,&quot;sVdsV0fempr86hsP9SlTBQ&quot;]</string>
    <long name="client_static_keypair_enc_success" value="1" />
    <boolean name="can_user_android_key_store" value="true" />
    <string name="client_static_keypair_enc">[0,&quot;wyXBMkVLGxj0jeeoEmIvxzjThwc0AUnvbwYm87liWMKxejf\/xZoaNcAAtj72fQsVQJc6brxSyxOZKXpuqDrDVoDjLZGSKKUOREI1UVEorXY&quot;,&quot;t7DO56xDoiitR71+&quot;]</string>
    <string name="server_static_public">qJWvSttNopqgQ2CgXYTc4jmSUKWd1Rv2QTMbQyYpKwY</string>
</map>
