<?xml version='1.0' encoding='utf-8' standalone='yes' ?>
<map>
    <string name="server_static_public">qJWvSttNopqgQ2CgXYTc4jmSUKWd1Rv2QTMbQyYpKwY</string>
    <long name="client_static_keypair_enc_success" value="1" />
    <string name="client_static_keypair_enc">[0,&quot;lh4gwi0xr122LB96\/yfG\/RM\/cR3aGLewi9vepR9oKZ+ybl1K8LRzux\/PaGpQVyzehMot1MpGiA6RsAzJoTlTmGlzpjqeDA8dcXBGNkLawgw&quot;,&quot;z8bQjZtu7y7Nm9fj&quot;]</string>
    <string name="client_static_keypair_pwd_enc">[2,&quot;0XVAzY6aAunEFKGKUfW9UWEUjPNBaa\/Aqi0R7WAYtp+she0R1h2\/LkBldC5LrubKs68VF7O6du9CUKo2sNlerg&quot;,&quot;aVcNRrwWf5ZZp0ZDkXKSNQ&quot;,&quot;xjihjQ&quot;,&quot;XW9qA+d2GNED25xq5klOmA&quot;]</string>
    <boolean name="can_user_android_key_store" value="true" />
</map>
