<?xml version='1.0' encoding='utf-8' standalone='yes' ?>
<map>
    <string name="server_static_public">qJWvSttNopqgQ2CgXYTc4jmSUKWd1Rv2QTMbQyYpKwY</string>
    <string name="client_static_keypair_enc">[0,&quot;t0syhk0D0zeiOU5hm3Zn990cErV6U7eKtFFO+hgsr7fZNA\/V5GJbobUTI+l40zaGTrx2\/T2kxl3\/PzQ2gIpn4a5i\/dNtgLVdbV1flmHTUJE&quot;,&quot;dj8D748sjlc8dczJ&quot;]</string>
    <long name="client_static_keypair_enc_success" value="174" />
    <boolean name="can_user_android_key_store" value="true" />
    <string name="client_static_keypair_pwd_enc">[2,&quot;mFslHDCYlSflYmc1maQbVg9xUGbAykqORf5gILuJQ2YORq7XLYFfJepQPwlc8FJh8ahuSRYwPi84cq3IBFtSBQ&quot;,&quot;+mZT8iaGdd3me9GT\/v6FtQ&quot;,&quot;8E3wGw&quot;,&quot;Zxk2i0Dz0v9UY2pG7nf+cQ&quot;]</string>
</map>
