<?xml version='1.0' encoding='utf-8' standalone='yes' ?>
<map>
    <string name="client_static_keypair_pwd_enc">[2,&quot;6rzbMbT8CUI6B9hwRhPCcKt64hJfWuC\/f9a7+2Ha3\/UxliRd3I3X4+Efe0J2irtcgANxEXOEE5LCKW9LZYifpA&quot;,&quot;p2zVLpJ30mJWZc8fB6t0ZQ&quot;,&quot;hXFk7Q&quot;,&quot;Zwtw5ytjMx87hOF8U\/cpVQ&quot;]</string>
    <long name="client_static_keypair_enc_success" value="120" />
    <boolean name="can_user_android_key_store" value="true" />
    <string name="client_static_keypair_enc">[0,&quot;B+f3G6ajvF9\/8R\/QSxLgiDKZT5NNECaI\/10ovyG+mvuOPK0hWdGyzxuh9yubp45POpxS6VL9RtGCvYEAckmfLJvR3eIpRUot+n2lcaAsRig&quot;,&quot;MgoyCoR1nWUqpAVX&quot;]</string>
    <string name="server_static_public">qJWvSttNopqgQ2CgXYTc4jmSUKWd1Rv2QTMbQyYpKwY</string>
</map>
