<?xml version='1.0' encoding='utf-8' standalone='yes' ?>
<map>
    <string name="client_static_keypair_pwd_enc">[2,&quot;\/kHfxeG+GKKBzz33DmP\/msYyjcu8QfhAEYXRsu+sQFfzMxDVaPlgChQepS2KkgYJFkNcF50u7Oa2sfRMyB+NQw&quot;,&quot;e7CHoKP2nR650gVRdCsADw&quot;,&quot;5M0eNQ&quot;,&quot;18PTaPhNlOalLClyjlzXzw&quot;]</string>
    <long name="client_static_keypair_enc_success" value="11" />
    <boolean name="can_user_android_key_store" value="true" />
    <string name="client_static_keypair_enc">[0,&quot;iJf4aBSBvMLEFH3ds6ZR3nNsGbhL1zSSPyPlNhlDTIRJRE23Kh429oD8\/hvxintEfM1gyn8ZiMOBvJuHewCV3isnZzmrB3sNZRsshZMqZI4&quot;,&quot;Twc1Ynh3BpGIfR8S&quot;]</string>
    <string name="server_static_public">qJWvSttNopqgQ2CgXYTc4jmSUKWd1Rv2QTMbQyYpKwY</string>
</map>
