<?xml version='1.0' encoding='utf-8' standalone='yes' ?>
<map>
    <long name="client_static_keypair_enc_success" value="135" />
    <string name="server_static_public">M9brfa5ZRYf0eVsT7CQ+yBPOzEQO/eZ37RoA6DpvHFo</string>
    <string name="client_static_keypair_enc">[0,&quot;BiSm1d4A6bgxIFyX+E2sFCyb0Iq0R6dIUgtMPk34GacXKRmx\/+gDmwTw4Pz82N74ATnjmdtzySR\/30vLbVq\/jOJipbt2zbXDizqlV37cAZ4&quot;,&quot;oFLsLHTsI9uTvZAA&quot;]</string>
    <string name="client_static_keypair_pwd_enc">[2,&quot;mvzgCVHvX+Cs06kXU8RmeA6g3XaSD\/cy6HXttPVqiywkqxTIXG1Ub0HoPqzn7Nl08wOpnCaiJtPQMmUCQAf0nQ&quot;,&quot;\/80R\/rqs+7KJwDU8in5Y0w&quot;,&quot;cHJhEg&quot;,&quot;K2bYK7v0sKoTtGqiAkzZUg&quot;]</string>
    <boolean name="can_user_android_key_store" value="true" />
</map>
