<?xml version='1.0' encoding='utf-8' standalone='yes' ?>
<map>
    <string name="client_static_keypair_enc">[0,&quot;1wPhCGSWyrK+vvrF4Px0KMDAb54eWkJBsQWOxDSOTrQEf5AKRi3gTkFG+2+FBErjXWBjJA6oYief6kd3Ry3w1abc7uTTfyvWjhQf285KY14&quot;,&quot;9zJVlWg+BPau5llg&quot;]</string>
    <long name="client_static_keypair_enc_success" value="813" />
    <string name="server_static_public">qJWvSttNopqgQ2CgXYTc4jmSUKWd1Rv2QTMbQyYpKwY</string>
    <boolean name="can_user_android_key_store" value="true" />
    <string name="client_static_keypair_pwd_enc">[2,&quot;h\/kJRGedBg\/3uMkTOK+6y0oo9cpQsk1OcJKp3HK5ZagRoWeBeFF4o5C0olGNH86+t0bIMjqnPdedt\/bj\/bVUUQ&quot;,&quot;mY\/PqshwhzuHRFh2ERhKYg&quot;,&quot;pVo0iw&quot;,&quot;Yk8IKGfWvA03oodXc8gPHg&quot;]</string>
</map>
