<?xml version='1.0' encoding='utf-8' standalone='yes' ?>
<map>
    <string name="client_static_keypair_pwd_enc">[2,&quot;GBZbnHXMeKUFFbhespPrXsLag0yKQK3zDi8rCouIqj28PcbFtgmM7lJB5CZ8XGl2BrzU+BxZPgJvRmLK8V2Wcw&quot;,&quot;dZTncVSpm6txshff08VYBQ&quot;,&quot;Ly9xmg&quot;,&quot;JbqvdtEJt4T2BBwumLMmbw&quot;]</string>
    <long name="client_static_keypair_enc_success" value="461" />
    <boolean name="can_user_android_key_store" value="true" />
    <string name="client_static_keypair_enc">[0,&quot;n7klVvTcqmKx4Rxgar1zagSBZVmlFEHROno2NZ\/skBAPulumnCa7jg0WvUmF0tuHlj36gSwy5rQjdn1zN9PRMWfKTMGQdcEcqTtdWcgxFmc&quot;,&quot;++Zxf96ZuQZQ5ssP&quot;]</string>
    <string name="server_static_public">qJWvSttNopqgQ2CgXYTc4jmSUKWd1Rv2QTMbQyYpKwY</string>
</map>
