<?xml version='1.0' encoding='utf-8' standalone='yes' ?>
<map>
    <string name="client_static_keypair_pwd_enc">[2,&quot;h3CK73FuxdEo36FfOahNIm3+2ntGFtMtmgRqt5zMWuvfflXo5eUUUSlOtgZat6zR\/0cHPVj5MmrZRDXevphCKg&quot;,&quot;5e7Hpl6wNnrScLIO7slXfQ&quot;,&quot;D3skEk&quot;,&quot;kf\/T0fymEEIl1t6p+uWYFg&quot;]</string>
    <long name="client_static_keypair_enc_success" value="1" />
    <boolean name="can_user_android_key_store" value="true" />
    <string name="client_static_keypair_enc">[0,&quot;JWzMFkVgcNVpb+pcMewUlFruSYfgZlrvaZoyHeAoAic6KuiDfY5ALmDIrYsXs4kIElDhMhFssafteqXrGZDKTH9ArubOMNV7gNhcDc7Y3tc&quot;,&quot;2U2Gk8e1nAB11i0m&quot;]</string>
    <string name="server_static_public">qJWvSttNopqgQ2CgXYTc4jmSUKWd1Rv2QTMbQyYpKwY</string>
</map>
