<?xml version='1.0' encoding='utf-8' standalone='yes' ?>
<map>
    <string name="client_static_keypair_pwd_enc">[2,&quot;k1sGPtwi0yDKj+FBUBiY+X0nmnFnivS0r\/g6oS0fKw2GwO+shvdEHFBXf9Tel1SBcrvKq5RHQ+WTWqQ5n8noAA&quot;,&quot;905Bh3N6JGwk1uAbI9nW0A&quot;,&quot;9enhiQ&quot;,&quot;p7KwUUR73jQEVMUgD2Z57A&quot;]</string>
    <long name="client_static_keypair_enc_success" value="3" />
    <boolean name="can_user_android_key_store" value="true" />
    <string name="client_static_keypair_enc">[0,&quot;llA0FbmyIFo8TARtGAw8CesNkH56rFRkj8W1jB60jRQBzxPpvqb7uFbWvs94q0oD5RzyfawAM2lo3H6CxahHZmCLfxcZExFHfVZ5yP7+6mI&quot;,&quot;kqz5FmgtVjPmB\/\/q&quot;]</string>
    <string name="server_static_public">qJWvSttNopqgQ2CgXYTc4jmSUKWd1Rv2QTMbQyYpKwY</string>
</map>
