<?xml version='1.0' encoding='utf-8' standalone='yes' ?>
<map>
    <string name="client_static_keypair_pwd_enc">[2,&quot;hF+LygVJLYpN0FHSZeZ0QYTbw1dpIcMZTWfcSXjndOSrrQ87O8Ozmp5B5JJZDlkQO2hqRzb9L1KQKdqSI14YHw&quot;,&quot;R6vQpT5wC0WFshl5QTAKMw&quot;,&quot;kEbytw&quot;,&quot;OEH4D6++cvN1URTVp3pSEw&quot;]</string>
    <long name="client_static_keypair_enc_success" value="3" />
    <boolean name="can_user_android_key_store" value="true" />
    <string name="client_static_keypair_enc">[0,&quot;1t8Uzwp8BqEb4bW7eG35Ixaq41o55G2Vmn04fLa9otZgxo+\/NXVCmZheZfo63J335\/6cZZHr+GfZZ4gKqtSgui9nTQPrUGdv9mjbXSwdP4s&quot;,&quot;MM+Y+wXmCPcToEHP&quot;]</string>
    <string name="server_static_public">qJWvSttNopqgQ2CgXYTc4jmSUKWd1Rv2QTMbQyYpKwY</string>
</map>
