<?xml version='1.0' encoding='utf-8' standalone='yes' ?>
<map>
    <string name="client_static_keypair_pwd_enc">[2,&quot;rh3Bbc2UNJ2aguhdu3n7TIldPIhZcQ5C4tRbT936pe7ZboKU0pbUb00l95ywZ71Q0Owr3moyVAVe7X3aYkqwMQ&quot;,&quot;s9GMqa2uZADF27mOGIyEyA&quot;,&quot;e2nYvg&quot;,&quot;gqSxB+KBRUg3UFLrKgrp1Q&quot;]</string>
    <long name="client_static_keypair_enc_success" value="9" />
    <boolean name="can_user_android_key_store" value="true" />
    <string name="client_static_keypair_enc">[0,&quot;t1T4sBIbbdyiq9Vz2HIC18D8dkUmjU3ceq1OlKia1LBwJt4NLvPiTsOA4PIzZYJ3z2MP4ap0AJ0bR\/bWw3ZXzvqUk7l3XMkWCH4UiBVkYhw&quot;,&quot;hIM\/92JYEY2VRZrX&quot;]</string>
    <string name="server_static_public">qJWvSttNopqgQ2CgXYTc4jmSUKWd1Rv2QTMbQyYpKwY</string>
</map>
