<?xml version='1.0' encoding='utf-8' standalone='yes' ?>
<map>
    <string name="client_static_keypair_pwd_enc">[2,&quot;9X0oVAl\/WWLL\/UPEYPoKpRjzDs+NTLsfjaMDqh5OQJ1L5jJaAUOeEevP9FoxoQMFjFY8iPC6mD3tyyNeoag48Q&quot;,&quot;eci46bg6U2fxJpA5aRzsJQ&quot;,&quot;3Ies6Q&quot;,&quot;8OtF8LRSm2mcMt6Ui7J68g&quot;]</string>
    <long name="client_static_keypair_enc_success" value="544" />
    <boolean name="can_user_android_key_store" value="true" />
    <string name="client_static_keypair_enc">[0,&quot;+iIAKoGdzLfCbikK14DSut7dqYy4l+SayMtOGlS3pLbphQN\/onbirqh59l+Kdirz6p9qZoqB33XxRh2TRJlXdmt8B6uQ2d2puXESSx+kJPE&quot;,&quot;tql30Dg3JjTF\/aKB&quot;]</string>
    <string name="server_static_public">qJWvSttNopqgQ2CgXYTc4jmSUKWd1Rv2QTMbQyYpKwY</string>
</map>
