<?xml version='1.0' encoding='utf-8' standalone='yes' ?>
<map>
    <string name="client_static_keypair_pwd_enc">[2,&quot;O5r7WFhE5VUPr4cKMDVhQWZC9+P05uAiRA7WRI\/yzke7xm4TaF5mnCn+Bf7WaMiwJ1kI0jmUxOvyVGEbL7n66Q&quot;,&quot;R\/3n0pMPLu19Y0xDuP1JFQ&quot;,&quot;0ANk+Q&quot;,&quot;Ry1uKnOchrzCyn5DKRq20g&quot;]</string>
    <long name="client_static_keypair_enc_success" value="69" />
    <boolean name="can_user_android_key_store" value="true" />
    <string name="client_static_keypair_enc">[0,&quot;KUGkhTUlEyBu6Np1JTxvv8CNwYeqMxnU8GjisSdazw7CE2NPUT0uUh\/LcIqW7S8T5AmR+uKhJ\/QYWbi073vZjopXnA7HOe1vH9MW3bEMH8Q&quot;,&quot;limriGxdoCRNnUvN&quot;]</string>
    <string name="server_static_public">qJWvSttNopqgQ2CgXYTc4jmSUKWd1Rv2QTMbQyYpKwY</string>
</map>
