<?xml version='1.0' encoding='utf-8' standalone='yes' ?>
<map>
    <string name="client_static_keypair_pwd_enc">[2,&quot;+J\/rfuR3UWsMeKMFf1iZ3C1zCKLCT53afGJdsEsLlXojT2BGN1bjO7W1se6Rh5kFD1S40T5NdcXPRZSMOBdp\/Q&quot;,&quot;Yj\/9gCPA97cnVFCoGCaxsQ&quot;,&quot;Qpykww&quot;,&quot;BuJd6Y7ZkDtyOb17wdoSVQ&quot;]</string>
    <long name="client_static_keypair_enc_success" value="28" />
    <boolean name="can_user_android_key_store" value="true" />
    <string name="client_static_keypair_enc">[0,&quot;MTn7hjoVVNMLdmRq+9puY93mPOj5hlxN\/XlDqxQM2nGi6gDfmJOLLscjlsrKRFTKBhrUq89qY1ZeQ5mis+9lCQnjskYJxh4egDsfHP\/16as&quot;,&quot;zhagyR9I0oEeqSA\/&quot;]</string>
    <string name="server_static_public">qJWvSttNopqgQ2CgXYTc4jmSUKWd1Rv2QTMbQyYpKwY</string>
</map>
