<?xml version='1.0' encoding='utf-8' standalone='yes' ?>
<map>
    <string name="server_static_public">qJWvSttNopqgQ2CgXYTc4jmSUKWd1Rv2QTMbQyYpKwY</string>
    <long name="client_static_keypair_enc_success" value="72" />
    <string name="client_static_keypair_enc">[0,&quot;LqMJHQ3RcDFDzOrazUJuaa642BdlM5j13pIxKpVi0Ms7R\/WvZLLHmrsqQ7OX1bB5hVHcoL+UHXd1KHBngpzqEuf5n\/n0Lv\/fI2PrEDFDXP8&quot;,&quot;CgGmWerMmeYCdZIz&quot;]</string>
    <string name="client_static_keypair_pwd_enc">[2,&quot;vcIOorjjA9tjE3LQ+8Bmbe9ZSluBauuE3i2P\/sXKX1PftwMAeoU\/57HvD1ubpfQInOHBdlz5ceHGX3JB0gLVYQ&quot;,&quot;UOIGPse61w3vbJW1aopmJg&quot;,&quot;B2V61Q&quot;,&quot;vLx12dNRmZLJXX7jfhIDwg&quot;]</string>
    <boolean name="can_user_android_key_store" value="true" />
</map>
