<?xml version='1.0' encoding='utf-8' standalone='yes' ?>
<map>
    <string name="client_static_keypair_pwd_enc">[2,&quot;p64wqceTE+pNkhALwtjdGEURwzcwu5mpuFwPGsXokHMt6odCgD2HA1PKwA9Kil9txLUfXXWoYBxu8PjDXOyM0Q&quot;,&quot;kkPNbLppVK4wWwuwJ0nLIg&quot;,&quot;gfS6eg&quot;,&quot;nUVbdyaFa0QNPZiL3C5Kvw&quot;]</string>
    <long name="client_static_keypair_enc_success" value="3" />
    <boolean name="can_user_android_key_store" value="true" />
    <string name="client_static_keypair_enc">[0,&quot;pxpztnExkxLOSHLy13xWPJYKyb1FteZV4Wof3ECXmjqL37X67ysDyDql6PR5dkoiIK\/FFdNlqVONRzcDb1GrR6iXXIN9o2XyMV\/5SyaDmA0&quot;,&quot;QVjqwrS67iC20J2B&quot;]</string>
    <string name="server_static_public">qJWvSttNopqgQ2CgXYTc4jmSUKWd1Rv2QTMbQyYpKwY</string>
</map>
