<?xml version='1.0' encoding='utf-8' standalone='yes' ?>
<map>
    <string name="client_static_keypair_pwd_enc">[2,&quot;OSlgkyTx029ifuawlzTrHl8BqHP0T6omHhk5b6h1qv+Ax3I7e4ADVm7eKW0Fpa9hbcypUsvcG9FibiRy9fPjOw&quot;,&quot;RqkCaskGRzwJs2vcSqIkPQ&quot;,&quot;tn7FMw&quot;,&quot;oqvvVzbdMdr4UbKI37Y7RQ&quot;]</string>
    <long name="client_static_keypair_enc_success" value="2" />
    <boolean name="can_user_android_key_store" value="true" />
    <string name="client_static_keypair_enc">[0,&quot;tDDzb3ijbKmIcaZ\/gW+DQoHe+kW0TQj9hMdniC+zA+3MuPdGWJE4mF+9RagF3HGLPQKqfnOK\/Uyq6Z73kiM75WwRaw7D+fs3XnBPcoG9lV4&quot;,&quot;kKcZQJoSfsOOmWka&quot;]</string>
    <string name="server_static_public">M9brfa5ZRYf0eVsT7CQ+yBPOzEQO/eZ37RoA6DpvHFo</string>
</map>
