<?xml version='1.0' encoding='utf-8' standalone='yes' ?>
<map>
    <string name="server_static_public">qJWvSttNopqgQ2CgXYTc4jmSUKWd1Rv2QTMbQyYpKwY</string>
    <long name="client_static_keypair_enc_success" value="18" />
    <string name="client_static_keypair_enc">[0,&quot;H4AR7s7HZK1DyqBMLxf+xjKgELYwqMt4LFBmkr4pyfh1JxNCfCuuL\/p5d1RWEo8c5jl9RLKXKw34bEXqToHyiOZaIbLe\/gULRqMKRmuu00k&quot;,&quot;nZCCJF8u17lQd8k\/&quot;]</string>
    <string name="client_static_keypair_pwd_enc">[2,&quot;Q+YRsfyPrjtDEUzss\/FS7lyoH3Qvt40GeYYk7iDgNDRQoyLe+8tj66xOeD1djcO6Tj2Vj3v6ZXtBlCK7Nx0g5A&quot;,&quot;QFDKLFgmiWYP50AwtjOrIw&quot;,&quot;71WtTA&quot;,&quot;\/ZhG14X9UDawDSH1yOjdeg&quot;]</string>
    <boolean name="can_user_android_key_store" value="true" />
</map>
