<?xml version='1.0' encoding='utf-8' standalone='yes' ?>
<map>
    <long name="client_static_keypair_enc_success" value="111" />
    <string name="client_static_keypair_pwd_enc">[2,&quot;q0HIUfOVFkUhY+iaxaQionnPypZRXG6GhHUJI39ODUaazm57y62rxyGG6e6dvmBhuLItahE8ka\/JQdRWvEG4Ig&quot;,&quot;vx5ZJWrZjG7cb+QtiEZ8yA&quot;,&quot;+YzdZw&quot;,&quot;FhNbKD6YGOsivlY0u79TgQ&quot;]</string>
    <boolean name="can_user_android_key_store" value="true" />
    <string name="client_static_keypair_enc">[0,&quot;9VkTzUE2yA9IT1ziUr59Ft3DV09sX+OOAAky9qx79iMVd1ipJcUrXU7zMka4JXmXxfGnBGfoRdr4cVEiHuDd\/r0yrFKSh5NcHi2zQnKUf00&quot;,&quot;EclKONlZZlJUu26x&quot;]</string>
    <string name="server_static_public">M9brfa5ZRYf0eVsT7CQ+yBPOzEQO/eZ37RoA6DpvHFo</string>
</map>
