<?xml version='1.0' encoding='utf-8' standalone='yes' ?>
<map>
    <string name="client_static_keypair_pwd_enc">[2,&quot;jDzvv+BgVvXW+2Xtk\/VbSMf\/GAb16gw4xV+MaXALkPBzoW20oBGAaon36P5+O21V\/M3yEveHsGiTORO7GzlGmw&quot;,&quot;IIuEjkBBX4btFt9hpyEO\/Q&quot;,&quot;zxcMkQ&quot;,&quot;rf6f3Vu84fpDNUfD6IjNMA&quot;]</string>
    <long name="client_static_keypair_enc_success" value="11" />
    <boolean name="can_user_android_key_store" value="true" />
    <string name="client_static_keypair_enc">[0,&quot;1nKJlX6Zh1J6TdQL0h9TOTEQlf0g\/u4U+wRP\/xpwGPS7tr3ziRX+JeYyUk+zIJRRvYWiYM6GMnphedei3KRofTZId8sxEU1PKJorUlWLk3c&quot;,&quot;Z56jSShCxXY2B+EP&quot;]</string>
    <string name="server_static_public">qJWvSttNopqgQ2CgXYTc4jmSUKWd1Rv2QTMbQyYpKwY</string>
</map>
