<?xml version='1.0' encoding='utf-8' standalone='yes' ?>
<map>
    <string name="client_static_keypair_enc">[0,&quot;PZfCVeb\/Kj8swXSBAZtwlGJMjpb+1n0XjdU5z87CjzBFIdulx2n7OfjVE5DJuUJDQLHSkSt\/6DVwmyWV4zDkqIiHed9XauMff+4gyJ29wgc&quot;,&quot;f09c2TWJZQN4v1Ra&quot;]</string>
    <long name="client_static_keypair_enc_success" value="22" />
    <string name="server_static_public">M9brfa5ZRYf0eVsT7CQ+yBPOzEQO/eZ37RoA6DpvHFo</string>
    <string name="client_static_keypair_pwd_enc">[2,&quot;IF74zxjpxVXmBp2MiIuKaIk+LQcAgDMcvBMwNxJMUbHyIAaI\/ewh1NodP0IDa3WchnMGYJZQZ91m4\/nfH61n4A&quot;,&quot;l0rNnQwdWtZWiYF3RwRnsQ&quot;,&quot;Koam\/w&quot;,&quot;vMNQCwQY5bvWn0XuS3A\/HQ&quot;]</string>
    <boolean name="can_user_android_key_store" value="true" />
</map>
