<?xml version='1.0' encoding='utf-8' standalone='yes' ?>
<map>
    <string name="client_static_keypair_pwd_enc">[2,&quot;551czxXUq9S\/E8HooR+DfeI2+iFizt52b56w6xSopfYr+EaBZqXHeWexMwrrte2Dk6fPTJ0n8P4jbvx\/bnfFcg&quot;,&quot;mROAv137BhIlGVmEEDCR+A&quot;,&quot;EKyuwg&quot;,&quot;AhRCAHM3aPhZOqu7K9tp0w&quot;]</string>
    <long name="client_static_keypair_enc_success" value="309" />
    <boolean name="can_user_android_key_store" value="true" />
    <string name="client_static_keypair_enc">[0,&quot;77XRaz1lRHZeu4LuADxj1sVsw\/jAuY4Jt\/cLuBm7PgMKxXjD68eQes6QimbqQtsfVNmtyjID69Kbek3c0immpeWsAth0ca43sSNQld6nJ48&quot;,&quot;u4UJ4g+ecbLfg5kH&quot;]</string>
    <string name="server_static_public">M9brfa5ZRYf0eVsT7CQ+yBPOzEQO/eZ37RoA6DpvHFo</string>
</map>
