<?xml version='1.0' encoding='utf-8' standalone='yes' ?>
<map>
    <string name="client_static_keypair_pwd_enc">[2,&quot;tmsHZP0zDJ7byBEnQSxzEaYet0dmEnqg9Z0eWaGHw5Bi9myi\/02S+QgA1arAYiaGHM8mUHTiOzobCxbPyQYlgg&quot;,&quot;dqHln4sUMQaoOiugtsSsDw&quot;,&quot;bxEGkw&quot;,&quot;UKsFxbakF87ShmjbBXswFw&quot;]</string>
    <long name="client_static_keypair_enc_success" value="7" />
    <boolean name="can_user_android_key_store" value="true" />
    <string name="client_static_keypair_enc">[0,&quot;u\/yERRozjpDPn2wxyCiAveI1DAVxXGCXSznT01e5KjK0viytYR9hTixH3GW2kz0Mav28MqCB5VrjwtF7L4oldxaYD9YWviVSVGVZDhQx0R4&quot;,&quot;gkATPNvGiqR2Ndhs&quot;]</string>
    <string name="server_static_public">M9brfa5ZRYf0eVsT7CQ+yBPOzEQO/eZ37RoA6DpvHFo</string>
</map>
