<?xml version='1.0' encoding='utf-8' standalone='yes' ?>
<map>
    <long name="client_static_keypair_enc_success" value="59" />
    <string name="client_static_keypair_pwd_enc">[2,&quot;wIRrG95NoXtuVwMvVHJZBkvk1rN\/gpSh6p2OvyAOXnsjEjd8jgetklkJ4LWNWpmz4WqK\/m0u3yxcNetepz6x2g&quot;,&quot;nRJjfq3nahk5qFoeiGV3EA&quot;,&quot;HVwfXg&quot;,&quot;8P7posK7qX3vzLZnuR3XSA&quot;]</string>
    <boolean name="can_user_android_key_store" value="true" />
    <string name="client_static_keypair_enc">[0,&quot;2OtQbmql2BLgygDIZTIgtRm+4qwoTwxSsU4iWJS3AUff\/L4gJYcfEpZre72t89uTumlJWB5l4Eo0bLGH2Miv4BeovuzGXi3MYEk0soGgaL4&quot;,&quot;XlKaFA9a97rsYltq&quot;]</string>
    <string name="server_static_public">M9brfa5ZRYf0eVsT7CQ+yBPOzEQO/eZ37RoA6DpvHFo</string>
</map>
