<?xml version='1.0' encoding='utf-8' standalone='yes' ?>
<map>
    <string name="client_static_keypair_pwd_enc">[2,&quot;RKDitbXD+HJOqlH\/nMSJ37n77hY\/hhX8WXZArawYN2khSmwLMV0SlojQTADTNK4+FJDK2ZF0E98kw0wUX\/1lEQ&quot;,&quot;lYyIbVxvsoybXqeciSURBQ&quot;,&quot;x1LBEw&quot;,&quot;gydkm2olhwx1LQfgrMDPKQ&quot;]</string>
    <long name="client_static_keypair_enc_success" value="1" />
    <boolean name="can_user_android_key_store" value="true" />
    <string name="client_static_keypair_enc">[0,&quot;cecdLWvl8b9Ps\/6y7LcEvhMl80Sws7gEmKK6G6H1\/WUsV8NGDuf5IzCAkwsArl5HcHMD6dE6Idvz8cw17cze3O0ZSIMcfi20OIYnkzl435I&quot;,&quot;aZbn5I3U+KvBfp6t&quot;]</string>
    <string name="server_static_public">qJWvSttNopqgQ2CgXYTc4jmSUKWd1Rv2QTMbQyYpKwY</string>
</map>
