<?xml version='1.0' encoding='utf-8' standalone='yes' ?>
<map>
    <string name="server_static_public">qJWvSttNopqgQ2CgXYTc4jmSUKWd1Rv2QTMbQyYpKwY</string>
    <long name="client_static_keypair_enc_success" value="81" />
    <string name="client_static_keypair_enc">[0,&quot;mxsmPvWchVU5EgYUm2vKWa4LB949AFZLLDD6kOKDTpDjUQfiMCbzFeKHBF+N4NyiSAKhDBXVhA6EqC6BLcDoRHii++A7uKwpfmkQHRRfuLQ&quot;,&quot;BGAYpcxirNjAqbej&quot;]</string>
    <string name="client_static_keypair_pwd_enc">[2,&quot;W5VA1zYlS7HyWIBt8xVgoM8E8r4RUaJwuUG5EwtKJxrsurtuOeLAgQMwM4QcIA5p7sOuUc06OWP1EuvT\/kx1pw&quot;,&quot;O8BhkT6I0jW3qA2TAaNHwQ&quot;,&quot;D01heQ&quot;,&quot;Cs8cMoOOoqi7bYMNX7g8Uw&quot;]</string>
    <boolean name="can_user_android_key_store" value="true" />
</map>
