<?xml version='1.0' encoding='utf-8' standalone='yes' ?>
<map>
    <long name="client_static_keypair_enc_success" value="9019" />
    <string name="client_static_keypair_pwd_enc">[2,&quot;euHVUBB80Dwfnx54Q63yIGUcJpW238rDssED3UmOOd7jTH0+smRMvuLxE9fCn\/beeJfITChEJZJRHpPqmdTDLA&quot;,&quot;vSrtfiXTvPlRN4vM264Kbw&quot;,&quot;IiTpmg&quot;,&quot;NIvXWpt6c8rMolkE\/dIM\/Q&quot;]</string>
    <boolean name="can_user_android_key_store" value="true" />
    <string name="client_static_keypair_enc">[0,&quot;QAy6D8CJEYSZU8iymhdF3gz2PH3R5CvxTJlaJZzr4mwPz3iYZ2AqNu0s3y+XIcARGQNdyM+y\/ClNmWonR2SPEwU+Gd32rKDbr40suYpaOB4&quot;,&quot;udBAtd+b7qJUwfev&quot;]</string>
    <string name="server_static_public">M9brfa5ZRYf0eVsT7CQ+yBPOzEQO/eZ37RoA6DpvHFo</string>
</map>
