<?xml version='1.0' encoding='utf-8' standalone='yes' ?>
<map>
    <string name="client_static_keypair_pwd_enc">[2,&quot;BSbIfXIp5ez+lT+aQu9ftGiWu1UkeYk1E4nXnXbURzwmE6lqGldwen8czSj\/U\/3QSZf0JvycdNuc1lCRRkIS0Q&quot;,&quot;0\/hWcUuV9mf1gNhOQd2YaA&quot;,&quot;sJ87KA&quot;,&quot;EYVkYIh2WJ1md762f+LXKA&quot;]</string>
    <long name="client_static_keypair_enc_success" value="4744" />
    <boolean name="can_user_android_key_store" value="true" />
    <string name="client_static_keypair_enc">[0,&quot;YcIypv72lQMeWtwOY\/KGtNeR2yDSMNFVCt9mijT1qKSEs8eU9GWkqWHWb0K1nuBxOHU3Jy5Lc7dWuTcy320a1dP8fP\/BC92jPDZt1k9DrnE&quot;,&quot;+klslHLbdet52VB5&quot;]</string>
    <string name="server_static_public">qJWvSttNopqgQ2CgXYTc4jmSUKWd1Rv2QTMbQyYpKwY</string>
</map>
