<?xml version='1.0' encoding='utf-8' standalone='yes' ?>
<map>
    <string name="client_static_keypair_pwd_enc">[2,&quot;js6BOE\/owwlaJu1ddCuTqrGVDBYspU1x80IkRrppodyu0OGPeJ1xnF3NQt95y0DI4fq1lb17LaCJza6CItw0bA&quot;,&quot;WdRCm\/2iT\/5RrkhfrUDw7Q&quot;,&quot;X+Kk8Q&quot;,&quot;ao\/5LeVY5Hi\/Mdv8r0BV7Q&quot;]</string>
    <long name="client_static_keypair_enc_success" value="52" />
    <boolean name="can_user_android_key_store" value="true" />
    <string name="client_static_keypair_enc">[0,&quot;GjgBvGdm3bYsqI9dCOKfGqCaEuyMeJ+4OheLmkncMVA5ErY4ARQBm2KyZ6qSzZobrjH6fINXlbaPP1MUZyoo1UMYPgKCa9aOorJTqnwJrow&quot;,&quot;pkS+uQEjKEcRWh40&quot;]</string>
    <string name="server_static_public">qJWvSttNopqgQ2CgXYTc4jmSUKWd1Rv2QTMbQyYpKwY</string>
</map>
