<?xml version='1.0' encoding='utf-8' standalone='yes' ?>
<map>
    <string name="client_static_keypair_pwd_enc">[2,&quot;Q1z4HxSMmf5I7qstwWK4CJUaM3a3Zo4Juvmo6+w4xTYELH9flVLbfTfpwJwz3gWsfH+uKw9H+zZtN+khHVL\/FQ&quot;,&quot;JcAfhEn35Ga9MZxi0QKxVQ&quot;,&quot;mVFO6A&quot;,&quot;IKLqr2WUQw15O2gxB4d3Bg&quot;]</string>
    <long name="client_static_keypair_enc_success" value="185" />
    <boolean name="can_user_android_key_store" value="true" />
    <string name="client_static_keypair_enc">[0,&quot;+TYniyuDO0Ppk4\/7+OATuNFZqoVSbA3rfR9q+HWaAaprlmS1jR9LQOxEDutZqxFwlz1tqdlMaoxoUK66A5SnRrbGPbnK6\/msrQaF565yHy8&quot;,&quot;LgKTmPOnsEvmFCGx&quot;]</string>
    <string name="server_static_public">qJWvSttNopqgQ2CgXYTc4jmSUKWd1Rv2QTMbQyYpKwY</string>
</map>
