<?xml version='1.0' encoding='utf-8' standalone='yes' ?>
<map>
    <string name="server_static_public">qJWvSttNopqgQ2CgXYTc4jmSUKWd1Rv2QTMbQyYpKwY</string>
    <long name="client_static_keypair_enc_success" value="26" />
    <string name="client_static_keypair_enc">[0,&quot;a+gGrpqJto1Ehqjc9j\/ubbEFOd72Q0XOKs2A0J2qPYnahneVLoypwGVuKgPTHu01VCu1qz6Q\/PR3RDdTLym3ZhNGZPeXrqE3INGjEntLke8&quot;,&quot;pk8xWY0D3K8ZDMeA&quot;]</string>
    <string name="client_static_keypair_pwd_enc">[2,&quot;dq9H6GRodEwv0EUM01FTU+MNmcGbDH95utZt6dFNb8zOP4PJMrXKcA5auyJC4xz476DWWYfjPj5Sa3DBku5x2w&quot;,&quot;R2jWcRdvR5sebmf65LvqYw&quot;,&quot;LjN7ew&quot;,&quot;v5uwUpImxot8o8W4g\/++UQ&quot;]</string>
    <boolean name="can_user_android_key_store" value="true" />
</map>
