<?xml version='1.0' encoding='utf-8' standalone='yes' ?>
<map>
    <string name="client_static_keypair_pwd_enc">[2,&quot;3GJT4+EXtPaBWqh7llopLeXGT8Mm+Lh7FQUgBaj+Q0PpPwPwGH6aluLgfVY7UTLD2a1nLOvjrIVoVebl\/9UBjg&quot;,&quot;IMU6JXWcxC1LVLsxNY0e3g&quot;,&quot;vMvoKg&quot;,&quot;l+unVx7IkDju9kjVK0lSLA&quot;]</string>
    <long name="client_static_keypair_enc_success" value="33" />
    <boolean name="can_user_android_key_store" value="true" />
    <string name="client_static_keypair_enc">[0,&quot;0bAO0g\/fwEaTDVB\/OEeFC8oxSym\/Xn32AnuZ16SijwRPhLyqr19qU3wAGecgGGMv5dlSV2OcLU7AQ1maOM8b5RtEoB+RlVvTdzWp1CNLTAw&quot;,&quot;hYfpf2xrO7nT0sJa&quot;]</string>
    <string name="server_static_public">qJWvSttNopqgQ2CgXYTc4jmSUKWd1Rv2QTMbQyYpKwY</string>
</map>
