<?xml version='1.0' encoding='utf-8' standalone='yes' ?>
<map>
    <long name="client_static_keypair_enc_success" value="1046" />
    <string name="client_static_keypair_enc">[0,&quot;A7afa6k\/07FFkZMfOH1vkNegcAB1iz\/zVXakrwJ4Z9T8YvPHj1MNcV8KMmf38U\/ouOFRUgyZZXr4CihRLpTjs7pIcg1G+\/wdBRa6ScXEkYE&quot;,&quot;1thJ51A9CNGL3cHB&quot;]</string>
    <string name="server_static_public">M9brfa5ZRYf0eVsT7CQ+yBPOzEQO/eZ37RoA6DpvHFo</string>
    <string name="client_static_keypair_pwd_enc">[2,&quot;YdtOCbw7omXsHgNo8RkwTj8i0wUGJ7h0yC4mG34XsYmvubnOJ7kGGZy1c\/Rs2zA3239YT7omxa6rG6D3Sg1WaQ&quot;,&quot;IgaMQBFWinO1I4yFMSBiZQ&quot;,&quot;QkJS9Q&quot;,&quot;ZpZsbtuS7A7beykkUzyCRg&quot;]</string>
    <boolean name="can_user_android_key_store" value="true" />
</map>
