<?xml version='1.0' encoding='utf-8' standalone='yes' ?>
<map>
    <string name="client_static_keypair_pwd_enc">[2,&quot;nq\/t1dII3XlGB4OhtiMRuQV5pi6sZbwx7FMEqT1d88zSOYgobXOkRxwytPt+EDgxzpduxSW+GCPmOTryyOugyQ&quot;,&quot;fSYcr8ffnUnAEqAYLEOPog&quot;,&quot;AmwUOg&quot;,&quot;uuX9HpbmcTFlaq\/kWEfShA&quot;]</string>
    <long name="client_static_keypair_enc_success" value="25" />
    <boolean name="can_user_android_key_store" value="true" />
    <string name="client_static_keypair_enc">[0,&quot;daleU\/Ire71VSm1ANnCzQzBsk6ECQfe3NjXQoeIrs9B2PFeNUXHpP9\/eHqJDVN6h2HzxKJ+oslSqbjmmMX3UOcARr0otVlskfQRfLA\/94WM&quot;,&quot;XNEwtg2E1v8uytzm&quot;]</string>
    <string name="server_static_public">M9brfa5ZRYf0eVsT7CQ+yBPOzEQO/eZ37RoA6DpvHFo</string>
</map>
