<?xml version='1.0' encoding='utf-8' standalone='yes' ?>
<map>
    <string name="client_static_keypair_enc">[0,&quot;uQ9XKBxAGNfE0hC9S0K1xA0Aq9Xv+\/CRhgCmgcAMwBHHY2w0emYThW\/0ntvruUTrDYnIv0mxRHQvPVLhb5PUeW6y\/QsGEhe1Zw7gsmtxJM8&quot;,&quot;JcPR2gyLbpENdU\/X&quot;]</string>
    <long name="client_static_keypair_enc_success" value="16" />
    <string name="server_static_public">qJWvSttNopqgQ2CgXYTc4jmSUKWd1Rv2QTMbQyYpKwY</string>
    <boolean name="can_user_android_key_store" value="true" />
    <string name="client_static_keypair_pwd_enc">[2,&quot;nsJm9lSA\/Dy4J02Ohbj2st2Nv9Oq9Tt6x99btKp7aSdKJ91pvjuAzE8hqjB+VuQDL6FOQ6tzv9Wro+A3u6e4iA&quot;,&quot;lCG0wWd\/z6WNs0fheDJaaQ&quot;,&quot;RHa45g&quot;,&quot;mnnioEffGd0suWjzbQfD8g&quot;]</string>
</map>
