<?xml version='1.0' encoding='utf-8' standalone='yes' ?>
<map>
    <string name="client_static_keypair_enc">[0,&quot;HhsOM4UtVSs9pantXOwqT1s8chOV38pw\/gBYl985YMw8iUNm71TH8xHTGCXglUlNyhG4CQOBAPySXBQbN9iQgcUt\/4rvk5aL8bwegEGUbqo&quot;,&quot;qSNECAfApwlMES\/5&quot;]</string>
    <string name="server_static_public">qJWvSttNopqgQ2CgXYTc4jmSUKWd1Rv2QTMbQyYpKwY</string>
    <long name="client_static_keypair_enc_success" value="972" />
    <string name="client_static_keypair_pwd_enc">[2,&quot;7Y2sMe+nKH9ABIgpZQUSScEp\/uCgI1Xkd1JjYDT6z5tAKVDfpo9tUzwKi0\/EXAVeNEmtyvL7Xga\/CjDma2k8dg&quot;,&quot;zVP\/ORc9VQhsZUQSAkDkOA&quot;,&quot;1nkVlg&quot;,&quot;SdAKm\/VuWtxDF1LdwzXl5A&quot;]</string>
    <boolean name="can_user_android_key_store" value="true" />
</map>
