<?xml version='1.0' encoding='utf-8' standalone='yes' ?>
<map>
    <string name="server_static_public">qJWvSttNopqgQ2CgXYTc4jmSUKWd1Rv2QTMbQyYpKwY</string>
    <long name="client_static_keypair_enc_success" value="18" />
    <string name="client_static_keypair_enc">[0,&quot;1tF36b7ysU8AccEDNMiyBSIC8gASrP4XL6UkjOgi3UJyYCSmAnf8GSrs0TyX14osudNHLFuHtaVB110sTZsSx7dxGr7s\/i6+mdNTY9dEK5Y&quot;,&quot;7SQlAakgkGnYmPb4&quot;]</string>
    <string name="client_static_keypair_pwd_enc">[2,&quot;MYDVteBB\/825V4B0IIfbrXRsGDTfD4vfCxRjID7wgRXcdrgmUqY3zsFL5+catnfEA+VeTWONlDwWU5EFbwnbHw&quot;,&quot;tEM8wYEC8E60RuXS+0BYRQ&quot;,&quot;bg+npg&quot;,&quot;0sHZptJpJ8OLsbvo1Nm9+w&quot;]</string>
    <boolean name="can_user_android_key_store" value="true" />
</map>
