<?xml version='1.0' encoding='utf-8' standalone='yes' ?>
<map>
    <string name="client_static_keypair_pwd_enc">[2,&quot;drNPMm5nncCzjK2s1gn7nRiZehN8KuH1rYNYwOloP6NNzvFoBh6JQd9pHT6nPILrQPl1gqKqv+FyN2d3popfDQ&quot;,&quot;JMsrRAg0TVixGoWS9k5VHA&quot;,&quot;b7ZgEw&quot;,&quot;IMmuHkJBhKW4S96gmJ7r0Q&quot;]</string>
    <long name="client_static_keypair_enc_success" value="7" />
    <boolean name="can_user_android_key_store" value="true" />
    <string name="client_static_keypair_enc">[0,&quot;0b\/7piqwjQj5vcmIx1t1Zht0B1ZFJNsbPRE2n+WMLoyijbSmEbHzhjhkeemxmrXeJSq9oPsbpa3zpnEctoc2fK2VBJh0hF1ry6fGmkaRU2M&quot;,&quot;dFn6oT7Zqxy53Brj&quot;]</string>
    <string name="server_static_public">qJWvSttNopqgQ2CgXYTc4jmSUKWd1Rv2QTMbQyYpKwY</string>
</map>
