<?xml version='1.0' encoding='utf-8' standalone='yes' ?>
<map>
    <string name="client_static_keypair_pwd_enc">[2,&quot;AKt0dDwl4kLEb0Wzxo7MFyc2S6YidqAIB5cirx12LFvpp2GByJAm64gcYHMh3y6+RNVib0x60Slv5rMrEZ9vIQ&quot;,&quot;ljWyHnuFMPgfXFWY7M2IBw&quot;,&quot;\/rhxug&quot;,&quot;KwCnYMs9IH+GaGcwN9pDrg&quot;]</string>
    <long name="client_static_keypair_enc_success" value="21" />
    <boolean name="can_user_android_key_store" value="true" />
    <string name="client_static_keypair_enc">[0,&quot;WjBwW+Xudb3PgJsysapGhUtp4WiDRmK+kXBoz2gbzD5q8rLlAZGfHdnwK0J1MLfvfRocr80z2H8s7OTt7aSk7ZQxl4BBTgODN4mcVBKkPHM&quot;,&quot;LLMa9MCmamgFQcOZ&quot;]</string>
    <string name="server_static_public">qJWvSttNopqgQ2CgXYTc4jmSUKWd1Rv2QTMbQyYpKwY</string>
</map>
