<?xml version='1.0' encoding='utf-8' standalone='yes' ?>
<map>
    <long name="client_static_keypair_enc_success" value="1795" />
    <string name="client_static_keypair_pwd_enc">[2,&quot;7CAGoNBgjjmRFiVhUJ7WObl\/J+\/q4xchORlpfiDQwXOBQoz2WQclkeCllbuoyOj+zRmnYXCYcIhL9u2+\/K5jGA&quot;,&quot;JPN\/YWQCKpFaeNWG9MDtEw&quot;,&quot;m7OABw&quot;,&quot;igtOlYHJpfmu\/1lW7HQazQ&quot;]</string>
    <boolean name="can_user_android_key_store" value="true" />
    <string name="client_static_keypair_enc">[0,&quot;rjnG8yoTqj25sU7v1g5FcUCRIlfm9cZ4cG+hMr1unyzHJsZU8sPgG4DL6F5wEFoOVIbpPXs0oD1YvTha1x7D4nunFPX7PgtpGE8D6WlKuXA&quot;,&quot;3Xlbs92SWaABryy1&quot;]</string>
    <string name="server_static_public">M9brfa5ZRYf0eVsT7CQ+yBPOzEQO/eZ37RoA6DpvHFo</string>
</map>
