<?xml version='1.0' encoding='utf-8' standalone='yes' ?>
<map>
    <string name="client_static_keypair_pwd_enc">[2,&quot;b7\/oQKbngRQXSWdRJOxDWGwZChKLEuteT4TDZoYPMf9wt0JlJqHp5LfAVh9mZ8z\/QzttD0\/UsV3H5inU1Iklvw&quot;,&quot;pixnHjLfPXHA7K\/fdA5qcQ&quot;,&quot;d4+fVQ&quot;,&quot;uM4\/bWAXXbqqMsJDw731WA&quot;]</string>
    <long name="client_static_keypair_enc_success" value="2" />
    <boolean name="can_user_android_key_store" value="true" />
    <string name="client_static_keypair_enc">[0,&quot;4r\/P10HaI8msv1im9efyCVD1aQsUHJeBwwN9Zympqk5bLLBLPEAi19NIi51HFf4+KrKbxqra15kiC2cVynZSSRVz7LMpp0qXpt4PoN\/0m2w&quot;,&quot;zaBCa2rXG7k88Du5&quot;]</string>
    <string name="server_static_public">qJWvSttNopqgQ2CgXYTc4jmSUKWd1Rv2QTMbQyYpKwY</string>
</map>
