<?xml version='1.0' encoding='utf-8' standalone='yes' ?>
<map>
    <string name="client_static_keypair_pwd_enc">[2,&quot;c+++Vqg7kYau7NSlslUo\/DfmSk4c9xEfZ5\/OiCNNxostvC0SldvOjGmPNiSsVBn9DNB\/uAmt1lcabIgJNnfyQw&quot;,&quot;fVDhjMeuVkMgIYARZtAZDQ&quot;,&quot;nyDwaQ&quot;,&quot;mFrBc1kHW12qr70CvG4HMw&quot;]</string>
    <long name="client_static_keypair_enc_success" value="87" />
    <boolean name="can_user_android_key_store" value="true" />
    <string name="client_static_keypair_enc">[0,&quot;sAa5XCkvUlGnfg3LP73SU4HP67FLuvboGZjT6Fkd5qSONCYDxeffdxhhi28HEzWHXWLwm6B785FmQKEfypr+z6JCkA+wjBH1oVBfGgjnGfg&quot;,&quot;Iq1OvTnc1QPAymUD&quot;]</string>
    <string name="server_static_public">M9brfa5ZRYf0eVsT7CQ+yBPOzEQO/eZ37RoA6DpvHFo</string>
</map>
