<?xml version='1.0' encoding='utf-8' standalone='yes' ?>
<map>
    <string name="client_static_keypair_pwd_enc">[2,&quot;ywb2PxRe+L\/n98wuvgKzYtTB\/u5aKl9j4dE05+vJTRdvuOwzkSpg3yGIZPglPGCTw9CFrtHwtBIC3Ph4O92hcg&quot;,&quot;Si5Vl3rJG3ysiLh3JLa9Gg&quot;,&quot;M+ZK7Q&quot;,&quot;BQ3qPHzKSstuNRNEypMRtw&quot;]</string>
    <long name="client_static_keypair_enc_success" value="16" />
    <boolean name="can_user_android_key_store" value="true" />
    <string name="client_static_keypair_enc">[0,&quot;ZaDMAmVW9HXRpS0oTWao74ge65lgjt5C7o3+b46Mpf0pEErCMY7jqIc6434UflwX6b\/a27aXvuqYpOmag1xxN2e8veOHMglz9HHYeRN\/mW0&quot;,&quot;QWReY0pbja5vaDaw&quot;]</string>
    <string name="server_static_public">qJWvSttNopqgQ2CgXYTc4jmSUKWd1Rv2QTMbQyYpKwY</string>
</map>
