<?xml version='1.0' encoding='utf-8' standalone='yes' ?>
<map>
    <string name="client_static_keypair_pwd_enc">[2,&quot;FBgJseeHWcnfoDSsVhWocoYpp9E3WPNANVz96rA1yevy0PNSLt9mLu5fGToHVFMO8vqY8j6bUGRYqv9giwxk5w&quot;,&quot;oF+GUFO4OgZ9isOd8oZaXQ&quot;,&quot;ov6+ww&quot;,&quot;00ZPH0AA5P+ehkRrp2H3UQ&quot;]</string>
    <long name="client_static_keypair_enc_success" value="142" />
    <boolean name="can_user_android_key_store" value="true" />
    <string name="client_static_keypair_enc">[0,&quot;TI3THLcSf+y\/dSB+bhnM0JnZyZFz+pmux3DCvYPTs3VHUMxqZnVfK5DL6660pRj7CggnODwZJirM5KBDBHB1BnFssaK4lGoYWfHaVpGYcQ8&quot;,&quot;iM7IYCAz1yVQXZ70&quot;]</string>
    <string name="server_static_public">qJWvSttNopqgQ2CgXYTc4jmSUKWd1Rv2QTMbQyYpKwY</string>
</map>
