<?xml version='1.0' encoding='utf-8' standalone='yes' ?>
<map>
    <string name="server_static_public">M9brfa5ZRYf0eVsT7CQ+yBPOzEQO/eZ37RoA6DpvHFo</string>
    <string name="client_static_keypair_enc">[0,&quot;H600QEGJFyq2+XcYYeceK8pt1JO9ZK5ZE2Eavf\/bsscanHkhW7WUDvtMC4SyXdEr9dQSk\/ukO7RUgJrDBT5KyAUKjtcU5AO4a\/185qo2W80&quot;,&quot;Irjw2EnWSCsBpGVF&quot;]</string>
    <long name="client_static_keypair_enc_success" value="138" />
    <boolean name="can_user_android_key_store" value="true" />
    <string name="client_static_keypair_pwd_enc">[2,&quot;+BKmaz6wfnqR1YLH2278wXo7tRoCes2GWoP6rh4UcGWd001PFXqmwDJXAYeZOY2eNo0tGbe5\/zpdHYWO2PVLOQ&quot;,&quot;5cM9ixnEy6Di2CEej47RcQ&quot;,&quot;fhnsCw&quot;,&quot;8T7mQZUB6gXAAU8F45xiWA&quot;]</string>
</map>
