<?xml version='1.0' encoding='utf-8' standalone='yes' ?>
<map>
    <string name="client_static_keypair_pwd_enc">[2,&quot;tGHE4aJ1cLzUKfZszTX8NDqWhrF5OQyuSax4tpbzmhtem1OljaXLvow1iAB29+nVPdbSvntbosP+UddyOneHRw&quot;,&quot;qsVMUIC3KnLt3OSSjROjXw&quot;,&quot;EO3wJg&quot;,&quot;bLx3C30FqBEwJ5ahINiLgA&quot;]</string>
    <long name="client_static_keypair_enc_success" value="69" />
    <boolean name="can_user_android_key_store" value="true" />
    <string name="client_static_keypair_enc">[0,&quot;6k9rS+8WytdIemI+dy7Y3OChhFBhh0SymzZuEaZahQttLCtzYA9ZugN9jPKWDysL95FJHMbMYwHUEUGctIFW6nr8rII1KDAOdBvQ9eC2Unc&quot;,&quot;oScTncncbdLZeSy8&quot;]</string>
    <string name="server_static_public">qJWvSttNopqgQ2CgXYTc4jmSUKWd1Rv2QTMbQyYpKwY</string>
</map>
