<?xml version='1.0' encoding='utf-8' standalone='yes' ?>
<map>
    <string name="client_static_keypair_pwd_enc">[2,&quot;FfXJgaZ1Yjvf1gmIAVeBo3ANhSep9Cb9RtT+KKcZBDfajZ7fzF1eTKp9dcC14xOCRxXXH3QUgepfNv9S8aAVqw&quot;,&quot;bnYJZyWdIyCGVeXxCyVySA&quot;,&quot;rcJ59Q&quot;,&quot;GpzGknnCq7+bz9BTkZ7Xkw&quot;]</string>
    <long name="client_static_keypair_enc_success" value="42" />
    <boolean name="can_user_android_key_store" value="true" />
    <string name="client_static_keypair_enc">[0,&quot;mLF0qVNmS1IYPMLOVJz0r2E9j8fAMkA360nFin0NwdlTO+JpgWmGpD50wpSLGO+P4p0RBasPLVt3J6MqDy19J+RMV8hKyN1KSdtk2AItRxw&quot;,&quot;Bz1eDGIDTGcJZqtb&quot;]</string>
    <string name="server_static_public">qJWvSttNopqgQ2CgXYTc4jmSUKWd1Rv2QTMbQyYpKwY</string>
</map>
