<?xml version='1.0' encoding='utf-8' standalone='yes' ?>
<map>
    <string name="client_static_keypair_pwd_enc">[2,&quot;FAmyue\/5Mzb19CdtjoKe9bFGzhVBbdutozFp1GTPs6vjbRz7g5p08hc1coAq26KZcBRZ3alp9WPnzgeWzfGk\/g&quot;,&quot;ESghG6e2BMi7z7g9zePl\/g&quot;,&quot;I9JWEw&quot;,&quot;x81TLBJads1GdRMMECk9\/w&quot;]</string>
    <long name="client_static_keypair_enc_success" value="7" />
    <boolean name="can_user_android_key_store" value="true" />
    <string name="client_static_keypair_enc">[0,&quot;L+U1POMj5zcUcx58lb0B9lDTDMo9LHQki\/kdMUbACTmm0j0ul2SvSsxeR1RxOP2IAPlXz5OwE1sruw5Z0gN1aDZ1QASyYbe8EK8zl5oiEYI&quot;,&quot;JtruouJb+zb9v1G5&quot;]</string>
    <string name="server_static_public">qJWvSttNopqgQ2CgXYTc4jmSUKWd1Rv2QTMbQyYpKwY</string>
</map>
