<?xml version='1.0' encoding='utf-8' standalone='yes' ?>
<map>
    <string name="client_static_keypair_pwd_enc">[2,&quot;TwPHmcVZj8q2+v3DngXL5GbD\/J9bVLG6oioQ4Ys\/GG5QNWjoEF7euoMN7JHdtfxKratahc4pHkhNr4uV4Q9BVQ&quot;,&quot;l5bZiSatYA5wYpRJBnZspQ&quot;,&quot;6lwiwg&quot;,&quot;s4V0xvbnOvCCe0kFepE5YA&quot;]</string>
    <long name="client_static_keypair_enc_success" value="7" />
    <boolean name="can_user_android_key_store" value="true" />
    <string name="client_static_keypair_enc">[0,&quot;4KAM7mkrovsjQzsWD7BE3Q9M0GNMSAmGDq3Dgw2c1jMfY6+wbUny3TMULBhLf9ia\/OhzfdFukxprSqPMLvcT3KGh1dgw6TJzeLkyEPSoJU0&quot;,&quot;o1Am40uER1\/CMhbP&quot;]</string>
    <string name="server_static_public">qJWvSttNopqgQ2CgXYTc4jmSUKWd1Rv2QTMbQyYpKwY</string>
</map>
