<?xml version='1.0' encoding='utf-8' standalone='yes' ?>
<map>
    <string name="client_static_keypair_pwd_enc">[2,&quot;oGUkHoJwZsYIrCe9R1ZujeLGsYWsiQDNnuSGHGKXlq\/kNcuyJ6BGoKrGYY4gUL25jtZkproLSBk6wNZbmP4iJg&quot;,&quot;Izgrp9\/5L4rC7Al5uJME0g&quot;,&quot;dSOZdQ&quot;,&quot;KcjyOqP3AZz7rM4AwxSHNg&quot;]</string>
    <long name="client_static_keypair_enc_success" value="2" />
    <boolean name="can_user_android_key_store" value="true" />
    <string name="client_static_keypair_enc">[0,&quot;3d8gMveYDt2RSnTPg0zJPwENtpC8rXCs2OA9EiNSz5zVg+dOqUT\/6h\/sz7rs9FywoCHPR55scx68MsvxNh5hKMoANXJrfrAlrJNsVdvRiTA&quot;,&quot;sB5xVZX1smpeMkQm&quot;]</string>
    <string name="server_static_public">M9brfa5ZRYf0eVsT7CQ+yBPOzEQO/eZ37RoA6DpvHFo</string>
</map>
