<?xml version='1.0' encoding='utf-8' standalone='yes' ?>
<map>
    <string name="client_static_keypair_pwd_enc">[2,&quot;ENFM2wBC1\/1riiJsEh7EjRVYsl9Gf3EF6qplvjOYlt6Xulqjfm082RCHe5CNeCX5jP9AHFCREPODjYLvHm7mKA&quot;,&quot;XqfBzKxNpxhR2Zj3pdg\/jA&quot;,&quot;nRgz0Q&quot;,&quot;4Fm\/QFg1Krfn0BwcJhUTgQ&quot;]</string>
    <long name="client_static_keypair_enc_success" value="56" />
    <boolean name="can_user_android_key_store" value="true" />
    <string name="client_static_keypair_enc">[0,&quot;m6xXm3sM1WN4FWpoXSyrpMNryQUQm1jQnN\/iHvkgR0fXAhi8XHLYpj1ZcnyrHMqNQrFBknc3Kf0g0xFHxnLrgUV7iNUFZtWXxVK16r6canM&quot;,&quot;q1OjSwIDoSMfscZS&quot;]</string>
    <string name="server_static_public">M9brfa5ZRYf0eVsT7CQ+yBPOzEQO/eZ37RoA6DpvHFo</string>
</map>
