<?xml version='1.0' encoding='utf-8' standalone='yes' ?>
<map>
    <string name="client_static_keypair_pwd_enc">[2,&quot;nK\/7SF1gQgUjn9M3lWunT1l06228JbeWQACdjEiCUclNCeO4WgFGoSru20AaPR\/jHdVZHEf1buQfbIHoXGb5Eg&quot;,&quot;x7\/+HMFDUiy6df\/BP31bew&quot;,&quot;TMAZGQ&quot;,&quot;Nk+W1fTzyfjD2KMuDhMMVw&quot;]</string>
    <long name="client_static_keypair_enc_success" value="346" />
    <boolean name="can_user_android_key_store" value="true" />
    <string name="client_static_keypair_enc">[0,&quot;bYO0P9WPICpmWZjUAPAYPLcVuXb8p1Oborj42R52XSj6EgwPtcgLe3V0gksZ\/cV0IeTQ+s868RrWjVUW+mUeHm9k7vATM7e3PnrFq\/M4gxk&quot;,&quot;eDiOe7ZuLaN7+9vT&quot;]</string>
    <string name="server_static_public">M9brfa5ZRYf0eVsT7CQ+yBPOzEQO/eZ37RoA6DpvHFo</string>
</map>
