<?xml version='1.0' encoding='utf-8' standalone='yes' ?>
<map>
    <long name="client_static_keypair_enc_success" value="14" />
    <string name="client_static_keypair_enc">[0,&quot;Fr+YoJd1GKzVrJJgfLVbOkGgGQwujwcxK8dzpM6WlLn8hqPlx3hooywsHAwyL0eDNhRVcF\/wn4rnCIFzfUz+OUThQbP3M3I1Lb5O9VtbKHA&quot;,&quot;l80YKmo3gtz31UON&quot;]</string>
    <string name="server_static_public">qJWvSttNopqgQ2CgXYTc4jmSUKWd1Rv2QTMbQyYpKwY</string>
    <string name="client_static_keypair_pwd_enc">[2,&quot;ZTAximUZ6KPv\/JTXqU7F\/M+FatYx5CzJWQbsHe7GsQSQ6\/BfdMIw9drbLbzd9vXhriawj\/TJc05TURD7Q3ZpGQ&quot;,&quot;+zvur31sRlCU9VshQFRb\/g&quot;,&quot;DHIGMw&quot;,&quot;ru+\/\/mXmHz3DhMIKwlTFow&quot;]</string>
    <boolean name="can_user_android_key_store" value="true" />
</map>
