<?xml version='1.0' encoding='utf-8' standalone='yes' ?>
<map>
    <string name="client_static_keypair_pwd_enc">[2,&quot;wN\/gxjDNQFfaXRByIHE3JUp\/I+2sOK9FLXLT2qSGOjKiqWGE\/rtSKtO4psehDfOAfY7acUo46VMKRskgNVKLyg&quot;,&quot;7Qpv1\/VxLitfp3nsl5iBFA&quot;,&quot;vsbEaw&quot;,&quot;n92Ff74HGYcwao0qw1soxg&quot;]</string>
    <long name="client_static_keypair_enc_success" value="159" />
    <boolean name="can_user_android_key_store" value="true" />
    <string name="client_static_keypair_enc">[0,&quot;jy07OmxjG5EZ0dv2aaW8nNrgib\/+eAEElkJHcd2tTqMMmjUkXmzYW1\/ibLnWa8ObPxEUYmD8x3GB1PXQrUogoGPpG8oMXAXSeWH6DFsaSJM&quot;,&quot;sFE7stDE\/CiQenHh&quot;]</string>
    <string name="server_static_public">qJWvSttNopqgQ2CgXYTc4jmSUKWd1Rv2QTMbQyYpKwY</string>
</map>
