<?xml version='1.0' encoding='utf-8' standalone='yes' ?>
<map>
    <string name="client_static_keypair_pwd_enc">[2,&quot;CQuaM\/jn\/2RP6bZ1LtMr9mr0+klXtoPLKKm4REtRJ9szeR7UtVl0CLuNOBbmXaBeubHfYyFUvTZAhGb3XAvoJQ&quot;,&quot;y1MBB0C61VsJFZRfGvP4YA&quot;,&quot;G8c2ig&quot;,&quot;8XgrlIjEE\/6nEsuYcOc2pA&quot;]</string>
    <long name="client_static_keypair_enc_success" value="5" />
    <boolean name="can_user_android_key_store" value="true" />
    <string name="client_static_keypair_enc">[0,&quot;RA7sbKgTS5FZ8gQnxrCwNnqQKrWthtp\/RK4gS26iQt0ZpsPfnR9Ky4W74ismPPyLamx6nVGKlCw6BzoEwAnOKqPORRgzTmHlfsHfzD8x818&quot;,&quot;Dq1hRDf\/ui+uNa1P&quot;]</string>
    <string name="server_static_public">qJWvSttNopqgQ2CgXYTc4jmSUKWd1Rv2QTMbQyYpKwY</string>
</map>
