<?xml version='1.0' encoding='utf-8' standalone='yes' ?>
<map>
    <string name="server_static_public">qJWvSttNopqgQ2CgXYTc4jmSUKWd1Rv2QTMbQyYpKwY</string>
    <string name="client_static_keypair_enc">[0,&quot;1\/SApX2KfuYKB4Oue+Z6VLVah+7cGb4UW6wVdT5J2soC865oMxknx45J5WnSNx285MrD4dNCwBDAg8RkjCP6xONDOOVui2FZRnGXcemoi8Q&quot;,&quot;EYw8\/+RLEWK6kw3t&quot;]</string>
    <long name="client_static_keypair_enc_success" value="8" />
    <boolean name="can_user_android_key_store" value="true" />
    <string name="client_static_keypair_pwd_enc">[2,&quot;QtHd0ZKkgmjyXiT1SKLY5\/rcgRWEWwj1rKDZhvDmFHysUwmWEDoPb6SdhrMz8vnA8vqJcPK8Vx7RoMI5mBoong&quot;,&quot;\/Mf3ESU3hhZHEsmNC98RhQ&quot;,&quot;PiZafg&quot;,&quot;6pjQkoeZKlNkJ6Us2gPmCQ&quot;]</string>
</map>
