<?xml version='1.0' encoding='utf-8' standalone='yes' ?>
<map>
    <string name="client_static_keypair_pwd_enc">[2,&quot;SFdhn2waHk1ij8G8M0WuoB9RlvOjPPfwawpAWQe3LCPy5Zx7nZMN9wjCxs3xfY8mZw7UnE+oR7j0PjuN8YjSgA&quot;,&quot;Jp3Zu8+bILDtgk0Jh6eo3Q&quot;,&quot;SAe98Q&quot;,&quot;k6ZFBI+B8k5OaUTOmNXtKw&quot;]</string>
    <long name="client_static_keypair_enc_success" value="21" />
    <boolean name="can_user_android_key_store" value="true" />
    <string name="client_static_keypair_enc">[0,&quot;s74TO+2OOIF7srLSE77ut\/Uj1jiBmXnwrieS15OWOVqPS3oem3KulTl+2JjUPGUCfa36TBoI3SW2OwbYMOubAb8tQtq4hSGIV2kwfzWjtZ4&quot;,&quot;G5aeSnw2HThwcyU\/&quot;]</string>
    <string name="server_static_public">qJWvSttNopqgQ2CgXYTc4jmSUKWd1Rv2QTMbQyYpKwY</string>
</map>
