<?xml version='1.0' encoding='utf-8' standalone='yes' ?>
<map>
    <string name="client_static_keypair_pwd_enc">[2,&quot;tQ664lI2Qrr\/x6yGruXlStgErKfJ\/ldQWK5h5L6g9lM6HyE7S0LS\/piGSfQdOOu+DfuGz+3KhKE7XXDbC9tzDg&quot;,&quot;EjNfum90MBvuxH7V63H01w&quot;,&quot;esBl5g&quot;,&quot;HlsVSaOYNmAzj1MHwNy+5A&quot;]</string>
    <long name="client_static_keypair_enc_success" value="54" />
    <boolean name="can_user_android_key_store" value="true" />
    <string name="client_static_keypair_enc">[0,&quot;ux12yGrdWArPdflWgLPdyB4Igo64M32mXzPCBTGiFQqjreJJHtFExep3kcjUz4MRXypOsCmhgQdM7s2VRvw15231aQdIqp1wGNknHx29ei4&quot;,&quot;Vdq9aTMRMtp1phjj&quot;]</string>
    <string name="server_static_public">M9brfa5ZRYf0eVsT7CQ+yBPOzEQO/eZ37RoA6DpvHFo</string>
</map>
