<?xml version='1.0' encoding='utf-8' standalone='yes' ?>
<map>
    <string name="client_static_keypair_pwd_enc">[2,&quot;4fp\/kkPPYU8URaeMgNeA\/aXlkY2uyfjGmOp6plwNveVaYEAFr1LyN5yiqZ3ZItHTlJ9S+8k1\/5m472y2wLkbdg&quot;,&quot;gayAVxTAcdkTvxtxU\/ZEHw&quot;,&quot;2bzx5g&quot;,&quot;fDYRFMxp4ewgbgXYQrT+Lw&quot;]</string>
    <long name="client_static_keypair_enc_success" value="60" />
    <boolean name="can_user_android_key_store" value="true" />
    <string name="client_static_keypair_enc">[0,&quot;cw\/TdaglFb\/Dr9gC2E3IEUk44aRbeWN+8d\/5G6Jh+L1vTle8qkseXJz+i5kjsQSEoOCPkXmySsJwOuH5\/8ZtbwEoxVZ8YqCQ7xE6SOKRsuY&quot;,&quot;+jMWp0yzNcSfy8lx&quot;]</string>
    <string name="server_static_public">qJWvSttNopqgQ2CgXYTc4jmSUKWd1Rv2QTMbQyYpKwY</string>
</map>
