<?xml version='1.0' encoding='utf-8' standalone='yes' ?>
<map>
    <string name="client_static_keypair_pwd_enc">[2,&quot;3vmr5\/CvQf2XsN0vpiUugRgkU3v+88mhaSHjaxUTwIvb5jq7BSTHS4EdQB6vsKP8b3BjbHBKjoN8iIwitkZZxw&quot;,&quot;7X55DPW6F67JSofBK+9DRQ&quot;,&quot;FvDo\/Q&quot;,&quot;1wGA5DQAs4dRDHPTUs8f2g&quot;]</string>
    <long name="client_static_keypair_enc_success" value="26" />
    <boolean name="can_user_android_key_store" value="true" />
    <string name="client_static_keypair_enc">[0,&quot;y\/67+PrV7O7i1Ea0096NZwxd8kKNQO2NZFNLj+xIAZi3KXwgjj2yQETcfTRsmzyzlSK0WkvxvucK7SBf1pKXci+wxYa9JRJkxbj4bKai3YA&quot;,&quot;FeZcquIYEITMmEnv&quot;]</string>
    <string name="server_static_public">qJWvSttNopqgQ2CgXYTc4jmSUKWd1Rv2QTMbQyYpKwY</string>
</map>
