<?xml version='1.0' encoding='utf-8' standalone='yes' ?>
<map>
    <long name="client_static_keypair_enc_success" value="1451" />
    <string name="client_static_keypair_pwd_enc">[2,&quot;HNJWGD0n4kq2e\/ZOqSBWnvsvzk9zA885kqHFlxe0PStrfT9KXDDBK8h4KFOKHfkB1m8JLdSkvTDR0SE5E0+oVw&quot;,&quot;OcsmqcE54I5Za\/KuniEC6w&quot;,&quot;6D2kWg&quot;,&quot;efUtlqSExHKE1cfhSSwyXw&quot;]</string>
    <boolean name="can_user_android_key_store" value="true" />
    <string name="client_static_keypair_enc">[0,&quot;lWa5JoSpcwBkb+XLGcIIlX8dZDjn8GQ1EGrB4I2ZrSUn9DDoONCqtqzO5xHiQZ5ti6MgB9oh2Z6CjLx69O7uMaYnUoYExsqZkBrM3\/IqL4g&quot;,&quot;a74\/KmGoIyRXESrZ&quot;]</string>
    <string name="server_static_public">M9brfa5ZRYf0eVsT7CQ+yBPOzEQO/eZ37RoA6DpvHFo</string>
</map>
