<?xml version='1.0' encoding='utf-8' standalone='yes' ?>
<map>
    <string name="client_static_keypair_pwd_enc">[2,&quot;2ZSVlLlt6e9TIibWTmT38b0gd8eBsUiuXiEgR7cl4vhMVnDVdSnMLbN\/nb6eiyjrHD085VXHLf0UcWF6vREKQA&quot;,&quot;uNpt8\/uKoklUBZAs3SNEBA&quot;,&quot;ZSTxDA&quot;,&quot;Oeqw\/2m6h8a3GmxW5vnxiA&quot;]</string>
    <long name="client_static_keypair_enc_success" value="5" />
    <boolean name="can_user_android_key_store" value="true" />
    <string name="client_static_keypair_enc">[0,&quot;DJyGWW8MqADQC0WSF0xZa2KSCLJT3YbMd6ZHJpQY\/dNaaGLH5kJBGr8uoc1hWN8VhbTT3YjWo5KTChW8OywPCAVziAJM5MD4rexa+49neKo&quot;,&quot;g+hlMDsfSvLLFk2o&quot;]</string>
    <string name="server_static_public">qJWvSttNopqgQ2CgXYTc4jmSUKWd1Rv2QTMbQyYpKwY</string>
</map>
