<?xml version='1.0' encoding='utf-8' standalone='yes' ?>
<map>
    <string name="client_static_keypair_pwd_enc">[2,&quot;W60QPmpRnDARRkaQyqhNOS\/aMD1ZElqe+Y\/j3qxD0S2mXYAQCYlHVpWSsHtukS95a0cWEe7\/4xR\/H34iozqShg&quot;,&quot;JmQtcUeSbENZy\/nCi2aOOg&quot;,&quot;a\/Pg7w&quot;,&quot;Hx7DkAoyaV3V5114uXMGlQ&quot;]</string>
    <long name="client_static_keypair_enc_success" value="380" />
    <boolean name="can_user_android_key_store" value="true" />
    <string name="client_static_keypair_enc">[0,&quot;mXhxWO0koD48a56jl0d98mQhfilXIKQ\/nVcPBHPVIJ82uU4H\/dCYjSHEPNMeBdQnrwXfMdl2\/esDCrsS7bypKnfrilaut\/GOQMOoWor7UXA&quot;,&quot;obUnsl92aDS7ef00&quot;]</string>
    <string name="server_static_public">qJWvSttNopqgQ2CgXYTc4jmSUKWd1Rv2QTMbQyYpKwY</string>
</map>
