<?xml version='1.0' encoding='utf-8' standalone='yes' ?>
<map>
    <string name="client_static_keypair_pwd_enc">[2,&quot;B53Xw6bgKm4RtIq0NvgkdUWA4as1F2S\/yZCoZKYz0ilp6Iv8t7vHKXxKCGlDsf\/395QG7sUkmiuCpLU6M8Sj8g&quot;,&quot;fUCuQUqy7jmoeg02uhFn\/w&quot;,&quot;ua68fQ&quot;,&quot;VAJP+8XqKmG+GBIAt3nFzg&quot;]</string>
    <long name="client_static_keypair_enc_success" value="7" />
    <boolean name="can_user_android_key_store" value="true" />
    <string name="client_static_keypair_enc">[0,&quot;rxfZZPLu9gJegBRfgU1humU8aS9goIHA3JRAUnwEtIJ9Ru+QhkuoI9jL8Tf0H48y1Hz2VE+j3c0OTYGnE4rwMTsUhgoTZkfhxP\/Zjv6Udto&quot;,&quot;bp1En1oNMt4IXoF+&quot;]</string>
    <string name="server_static_public">qJWvSttNopqgQ2CgXYTc4jmSUKWd1Rv2QTMbQyYpKwY</string>
</map>
