<?xml version='1.0' encoding='utf-8' standalone='yes' ?>
<map>
    <string name="client_static_keypair_pwd_enc">[2,&quot;FyDQAWarZoBtOHdyhsLM++R4MgCalDFvfphm8Iadynl6JfiZHLjs6J3yC+r2lWjywJ+8HwCNnf3WHJWM50yiLQ&quot;,&quot;4hZKmzWikG1hH+yTSC2DaA&quot;,&quot;8aLPaw&quot;,&quot;ZxBOLiVXkLwk1aOmyDyGiA&quot;]</string>
    <long name="client_static_keypair_enc_success" value="7507" />
    <boolean name="can_user_android_key_store" value="true" />
    <string name="client_static_keypair_enc">[0,&quot;w5NJZJjs8GZNEek8Z2jJAHm+YdQUOFS0+whY73r6RSEfFO6pCgT+EHs3l05FnWLl5DdvlepDNRc7h+bhEfMGxB5Ufv\/T5xpaoYzAX8ycgz0&quot;,&quot;pwlBF5bC7uPfhBUs&quot;]</string>
    <string name="server_static_public">qJWvSttNopqgQ2CgXYTc4jmSUKWd1Rv2QTMbQyYpKwY</string>
</map>
