<?xml version='1.0' encoding='utf-8' standalone='yes' ?>
<map>
    <string name="client_static_keypair_pwd_enc">[2,&quot;q1upVCudgjbYAC+inysgicd5JIbtHVeovQ+w2EsMFyrz\/f6a6GSvsDA9KuOzuTk2lJ4XtUicItJPizHb3iQWlA&quot;,&quot;gwYbWQZGXUgyx3gt9SLciw&quot;,&quot;AHpbAw&quot;,&quot;IaA6PofBBHeZ5W6KT559Rg&quot;]</string>
    <long name="client_static_keypair_enc_success" value="22" />
    <boolean name="can_user_android_key_store" value="true" />
    <string name="client_static_keypair_enc">[0,&quot;UGgqK3b5fE\/Ri+CTGIqo+RgPTY2QDHkCnRZ2u\/bKNYxDvDHZTzD+4RTEYanW7nJcRBEoszWR+Q2X+vnQAGep1kvhBw\/zVZW\/FnuSNw9k4Gc&quot;,&quot;RTx0kmcjFBwgwv6R&quot;]</string>
    <string name="server_static_public">M9brfa5ZRYf0eVsT7CQ+yBPOzEQO/eZ37RoA6DpvHFo</string>
</map>
