<?xml version='1.0' encoding='utf-8' standalone='yes' ?>
<map>
    <string name="client_static_keypair_pwd_enc">[2,&quot;eXqkBejb7LH4bZh3yb1hY5XhqI0z3t\/lPmQLx\/fVvnbGmvfWeKBtQDU5ncT+eIrYnu1+iQDtOM2ZeLoQh7TqTQ&quot;,&quot;SmUBl3FS37r+cVLVc88a5w&quot;,&quot;8e\/\/Rw&quot;,&quot;39BwmpL33ZTl758z96vwqg&quot;]</string>
    <long name="client_static_keypair_enc_success" value="57" />
    <boolean name="can_user_android_key_store" value="true" />
    <string name="client_static_keypair_enc">[0,&quot;H2rVYgLOlt6mHH\/O5hiSnScWej3jfeFfktVdmBZ4iGs00s+Ri2rrXTnKVb4U6uRd\/\/86nRPT6KYnv++c4btbB8fOKvkiQZfDuw\/4SMqXvt8&quot;,&quot;ZJf3+XtBLbZvZ5Nm&quot;]</string>
    <string name="server_static_public">qJWvSttNopqgQ2CgXYTc4jmSUKWd1Rv2QTMbQyYpKwY</string>
</map>
