<?xml version='1.0' encoding='utf-8' standalone='yes' ?>
<map>
    <long name="client_static_keypair_enc_success" value="17" />
    <string name="client_static_keypair_enc">[0,&quot;tAeWGBLP7drDD\/8NnHUq7f4RjBjNnOkD8HUFo84+HfXtGeO3T7vh5tFi\/uC7eUfYHbL9LLaJwtt+6zMSJLg5CyVxAg3Xgb6VYmj5uAHv8Ik&quot;,&quot;MkL2rJm0vkGni9uM&quot;]</string>
    <string name="server_static_public">qJWvSttNopqgQ2CgXYTc4jmSUKWd1Rv2QTMbQyYpKwY</string>
    <string name="client_static_keypair_pwd_enc">[2,&quot;58STGI3lX7hhtlAAKV6jws85v4cgO9o6cGQ4Drf19L\/WDRJ0\/ozk6QQhJqkfhcq\/mXVFeddGsiuQwgKq+aBtAQ&quot;,&quot;MFx5S\/sS4xq20bheU5A0Cg&quot;,&quot;DvJwhA&quot;,&quot;+CCfmXf5nWesLbBST7141g&quot;]</string>
    <boolean name="can_user_android_key_store" value="true" />
</map>
