<?xml version='1.0' encoding='utf-8' standalone='yes' ?>
<map>
    <string name="client_static_keypair_pwd_enc">[2,&quot;cDK0C4n5t\/axhCMsdNCgQpIX3S85liVIGj882NlYeFgLbt3qxxldMFU4yqoTVRO0VmuqCfZ77r\/bUyklY7UNDQ&quot;,&quot;QRDtahdoqk6VWtean6Rc2w&quot;,&quot;MHpK1A&quot;,&quot;+SYgLC8PJiLNTUxwiLy0aA&quot;]</string>
    <long name="client_static_keypair_enc_success" value="6" />
    <boolean name="can_user_android_key_store" value="true" />
    <string name="client_static_keypair_enc">[0,&quot;UVe4yt7JU3aHOhf4DL1AaFwbYH5cvGmhGz6CUniPFRucD0AjiYncuv10mofhGvMuXzyCpkI7CbsshjMqXItBP0NRX5Vk+9ffYPrBppSBweA&quot;,&quot;PFm9ErSsB4+6tGwv&quot;]</string>
    <string name="server_static_public">qJWvSttNopqgQ2CgXYTc4jmSUKWd1Rv2QTMbQyYpKwY</string>
</map>
