<?xml version='1.0' encoding='utf-8' standalone='yes' ?>
<map>
    <string name="client_static_keypair_pwd_enc">[2,&quot;UbMlQR+iHkjDq3HJ0CTluXFkCb17K1a2CjbRt646Q8iYh8TEGlJIhbL9KGPjooM+qWiOaXB3SB75LLSgwQAY7A&quot;,&quot;YDRsAwrVmc6tRg7Scrbufw&quot;,&quot;HhxCUQ&quot;,&quot;XI+G1XR+0NEvWI4Yp5J9jA&quot;]</string>
    <long name="client_static_keypair_enc_success" value="16" />
    <boolean name="can_user_android_key_store" value="true" />
    <string name="client_static_keypair_enc">[0,&quot;kJDapgGYRN3YZxMznJ0MvzzWOUr9oO8CChjgWvJM6V9m+0UB89L\/TR\/xjd6VJqtFvdr15qcwdsWFuOTfDzytBIKeWma8IN++pme0SCDhHqc&quot;,&quot;tC+4eOtgQSfPY8bH&quot;]</string>
    <string name="server_static_public">qJWvSttNopqgQ2CgXYTc4jmSUKWd1Rv2QTMbQyYpKwY</string>
</map>
