<?xml version='1.0' encoding='utf-8' standalone='yes' ?>
<map>
    <string name="client_static_keypair_pwd_enc">[2,&quot;Huf+ZcqgtU6OelKtCiNVCrokCzx+Mv\/P8qNASsO6vPX+J1BAB4UgHMu8t+woA3CXrn+EH+WRaZtX2UiPxyACUw&quot;,&quot;EsSeI5Xsr00GYw9OvsZcvA&quot;,&quot;xhJu9A&quot;,&quot;NZl57XFWU6bKFZk9UeX5yQ&quot;]</string>
    <long name="client_static_keypair_enc_success" value="13" />
    <boolean name="can_user_android_key_store" value="true" />
    <string name="client_static_keypair_enc">[0,&quot;wjI7yllRoZ4TIz4HpUkP7nuyCCCT4eYU2xTyx8UvYiCq1DRgmIhCYVKt3HDPWQJEoUIrUMlIUzmOtVXP8h9fnGjiFdu8a5rwZn5gC0sJqTI&quot;,&quot;ELUK6j2wovfuRrEX&quot;]</string>
    <string name="server_static_public">M9brfa5ZRYf0eVsT7CQ+yBPOzEQO/eZ37RoA6DpvHFo</string>
</map>
