<?xml version='1.0' encoding='utf-8' standalone='yes' ?>
<map>
    <string name="client_static_keypair_enc">[0,&quot;R4XHgv1GE39Lw3mzLF16m1XD7McXjlOo4uxgHswAHbrU6hwUNBUuvpU83WiNX5eBShXM0+rTUYhIFbC+S1vdnY+ApQZrc9W0aMB+Khr2UYA&quot;,&quot;Q6OKIxI27k1szkYN&quot;]</string>
    <string name="server_static_public">M9brfa5ZRYf0eVsT7CQ+yBPOzEQO/eZ37RoA6DpvHFo</string>
    <long name="client_static_keypair_enc_success" value="688" />
    <string name="client_static_keypair_pwd_enc">[2,&quot;FN1VEHN6LAcgsZa6r2UBomHgeE9z1usI0TQVoiNXoDAL+32RjWdq9L6xh4rmEIQ\/vklAFu5+EESZohz7WY6e1g&quot;,&quot;DpZz1VAONaCewsA0CnJEIw&quot;,&quot;F9T0uA&quot;,&quot;zEMUtTgmyP1pvz0oeUXBng&quot;]</string>
    <boolean name="can_user_android_key_store" value="true" />
</map>
