<?xml version='1.0' encoding='utf-8' standalone='yes' ?>
<map>
    <long name="client_static_keypair_enc_success" value="46" />
    <string name="client_static_keypair_pwd_enc">[2,&quot;FdGH51bdh+conUvN6It4iFKmeBOwEBKskN5RRLkHmsawQbGqBrhHXoWaBwTdOpw8+x+5VD4cv9bpSaRJ+xrU7w&quot;,&quot;XZbpeNzoEnVnop35eWb3YQ&quot;,&quot;Kr56Ww&quot;,&quot;gA11s\/BL0ovs5GJsb9NiRg&quot;]</string>
    <boolean name="can_user_android_key_store" value="true" />
    <string name="client_static_keypair_enc">[0,&quot;WM3DwGDdnbH13u19W5dhCNXAzAsWS+8oQN6cZSWyIJPm2Do9Pxt9T+0jmqmyWMt0hTMztFLaQClSS4DYl0MKruKyrKRUvOLRPrfMYUsEkwU&quot;,&quot;z8D8YsqppkGf3CqP&quot;]</string>
    <string name="server_static_public">qJWvSttNopqgQ2CgXYTc4jmSUKWd1Rv2QTMbQyYpKwY</string>
</map>
