<?xml version='1.0' encoding='utf-8' standalone='yes' ?>
<map>
    <string name="client_static_keypair_pwd_enc">[2,&quot;aqis\/k5\/e3OxE9LLnrrfIZFEq44YQL9WNTIERzxWchX\/zdOljXO9I\/zZSxMUmjjvg4RyVhbJNoXAFjqhW6bV+Q&quot;,&quot;3oW2evnVFIv\/baw18ZK27A&quot;,&quot;8oGyWQ&quot;,&quot;YilsD1OQ\/vjR20jgQs6XOg&quot;]</string>
    <long name="client_static_keypair_enc_success" value="8" />
    <boolean name="can_user_android_key_store" value="true" />
    <string name="client_static_keypair_enc">[0,&quot;sxE+3HwdCPKsYCTof2LIG9RHgULrEyfgocR6uQN6DJBEH9BJIV2Aejt9oHAm2EOX0GdvZ+dxQl2tp2N6aV0BrJjPqemHC9VBtc68lsbYgiM&quot;,&quot;r885wwGAS5vgMsO3&quot;]</string>
    <string name="server_static_public">qJWvSttNopqgQ2CgXYTc4jmSUKWd1Rv2QTMbQyYpKwY</string>
</map>
