<?xml version='1.0' encoding='utf-8' standalone='yes' ?>
<map>
    <long name="client_static_keypair_enc_success" value="2054" />
    <string name="client_static_keypair_pwd_enc">[2,&quot;3CFIMzVyU2f7p3V2bS2S4v3ziHBK+rqvHZrSQewMXyFlI0sOFZLB8GTg50V2\/+rnbHBGRgdETY9YMr8\/0jSZzw&quot;,&quot;jlBwrpt1ctLvgEXIPgLaZw&quot;,&quot;fy2hDA&quot;,&quot;r4wc65zGBr0RNQr\/OSfgpg&quot;]</string>
    <boolean name="can_user_android_key_store" value="true" />
    <string name="client_static_keypair_enc">[0,&quot;GtSQwk1i2FxFUE\/hZey2oJEG4Qc57\/imVxFbCkZ+xitodGwecSVCCFun2x6nuwutOIknwP5mmhnpq14ax6xjRk0lbylnTIxiKFx2Rdp7frI&quot;,&quot;mImwgNKKXt4yL7vO&quot;]</string>
    <string name="server_static_public">qJWvSttNopqgQ2CgXYTc4jmSUKWd1Rv2QTMbQyYpKwY</string>
</map>
