<?xml version='1.0' encoding='utf-8' standalone='yes' ?>
<map>
    <string name="client_static_keypair_enc">[0,&quot;b\/M1f6TAEmOta\/dTQhVeQdS23smo5Vqr9UsK\/BZi1VH57KmJ\/U4t0C1WvOVes5gbFtEFh6axAHrSnR2jfHg+2wOI3tQ8CuGX5qEA1yIWD9M&quot;,&quot;y5aGxuT6fzrqS0MQ&quot;]</string>
    <string name="server_static_public">qJWvSttNopqgQ2CgXYTc4jmSUKWd1Rv2QTMbQyYpKwY</string>
    <long name="client_static_keypair_enc_success" value="1505" />
    <string name="client_static_keypair_pwd_enc">[2,&quot;f+sGokauykUgOfDRATL7\/y6uX2BeZO5Xb9uSGyV\/xlWz5jPoqgoOZI2zWPcY3cRXdT6KTj5J3mH3bUaOzfGHOg&quot;,&quot;lHx15gKs0hvQ38K0xySdEw&quot;,&quot;Aa6KlA&quot;,&quot;a6dw1YJv\/B4bamHjSGJoUw&quot;]</string>
    <boolean name="can_user_android_key_store" value="true" />
</map>
