<?xml version='1.0' encoding='utf-8' standalone='yes' ?>
<map>
    <string name="client_static_keypair_pwd_enc">[2,&quot;nc2otr2Dtx27UTmuBhJmiyEL\/vqaGTWrIqVHCFX8ed6skLgiZfJO2fWfyiMi0H1ap0nLfVTa8SOxnCK9IDsR9Q&quot;,&quot;XK+ZFYQGHMIHa6MvI\/70jA&quot;,&quot;BTDLCA&quot;,&quot;0qxPmbzQKA6AGmyoESlnqQ&quot;]</string>
    <long name="client_static_keypair_enc_success" value="401" />
    <boolean name="can_user_android_key_store" value="true" />
    <string name="client_static_keypair_enc">[0,&quot;bV0yiNO6QmL1HYtKODm\/dkJPugSlhg6Br8jRNJ+A\/cSpbAfDQJGwDJMZSKlQepVCLVzkY4i3Cuq93KL\/sUBKogCg0\/XwlXAG5OiJQ1T1by8&quot;,&quot;CaG\/V4eMUVAA+k5W&quot;]</string>
    <string name="server_static_public">qJWvSttNopqgQ2CgXYTc4jmSUKWd1Rv2QTMbQyYpKwY</string>
</map>
