<?xml version='1.0' encoding='utf-8' standalone='yes' ?>
<map>
    <string name="client_static_keypair_pwd_enc">[2,&quot;\/AuygcEynM4kWtY2hZ2h\/XdDeWeyfwpheepIZzkEpa0ZXubcFWWQbNLHpyakm7yxy7YYr2lWiRKWk7Z+SBdSLw&quot;,&quot;8uscRlstUhs0Ksy\/1m98bQ&quot;,&quot;Z2BNRw&quot;,&quot;4kn8wMdXLSY7Pc8yfWn6IA&quot;]</string>
    <long name="client_static_keypair_enc_success" value="10" />
    <boolean name="can_user_android_key_store" value="true" />
    <string name="client_static_keypair_enc">[0,&quot;d5UIWbyIhmfiRlJtkuCJMVQO2WeA1rtuw7FuGEexKus9ShD83WireWGhsQE9quc9HncPY7IQf3bSuIutvcx9ALyQpQUw5kvAxkOCqvHZQEw&quot;,&quot;wpYQM9DlBG4UkD\/c&quot;]</string>
    <string name="server_static_public">qJWvSttNopqgQ2CgXYTc4jmSUKWd1Rv2QTMbQyYpKwY</string>
</map>
