<?xml version='1.0' encoding='utf-8' standalone='yes' ?>
<map>
    <long name="client_static_keypair_enc_success" value="207" />
    <string name="client_static_keypair_pwd_enc">[2,&quot;9\/4CYpyap+Tg66egPamwWSjbEnJWg80AQyfuOv3\/XNnkg5jLTYRrxVkBeGYZrYJ9A2vRMWAjyHqQFC\/p+Zol5Q&quot;,&quot;t3UOpqfMlLsAZFqyi25FTw&quot;,&quot;8SCTGw&quot;,&quot;U1CqxcRWMnb811HoiKAEOw&quot;]</string>
    <boolean name="can_user_android_key_store" value="true" />
    <string name="client_static_keypair_enc">[0,&quot;MEsWuzt\/YDzB9+vRaN\/ZHrqsFoAf49+RSPl0G+AmHuAZ9IThFS5FxNug8WZrdV0LU5w\/ZkVfGFDK145Sdjg\/84M4v\/fNRBCDDQprc\/pmsy8&quot;,&quot;IATKcCdiVytyAwtV&quot;]</string>
    <string name="server_static_public">qJWvSttNopqgQ2CgXYTc4jmSUKWd1Rv2QTMbQyYpKwY</string>
</map>
