<?xml version='1.0' encoding='utf-8' standalone='yes' ?>
<map>
    <long name="client_static_keypair_enc_success" value="125" />
    <string name="client_static_keypair_enc">[0,&quot;yTps718F3clcBvWFMsyE1Q2nvp5xo3XgThA6PQ\/cmCU\/whtxdHDTcvoUZrozzQDHyzKzCy6iwXsPnVjYgfQgqIIZc3M4DyNZA\/5xX6zNcPs&quot;,&quot;gUW8jZkVKQPQJPQz&quot;]</string>
    <string name="server_static_public">qJWvSttNopqgQ2CgXYTc4jmSUKWd1Rv2QTMbQyYpKwY</string>
    <boolean name="can_user_android_key_store" value="true" />
    <string name="client_static_keypair_pwd_enc">[2,&quot;\/TtIuf6k0EwmaoHgame0A0xl3xEPJlA1S6Kqs2BReZw8gdytyQJVYx3vpwBWszl9+hPGu\/CQNZ5VBeIJL28Ccg&quot;,&quot;8gW\/XOojOONCErbaLMeb1A&quot;,&quot;gCeFPw&quot;,&quot;6AX1D\/6IYReL6FAGG9Pmuw&quot;]</string>
</map>
