<?xml version='1.0' encoding='utf-8' standalone='yes' ?>
<map>
    <string name="server_static_public">M9brfa5ZRYf0eVsT7CQ+yBPOzEQO/eZ37RoA6DpvHFo</string>
    <long name="client_static_keypair_enc_success" value="5" />
    <string name="client_static_keypair_enc">[0,&quot;QaWB5vj\/kLMdps+yqerGhBjGj7hffe9e+ociJjxQ952CIS\/7Jmpo3hnaSOuoXj4\/wmC7FgajaKn4SQhlkg2zGt74SEcg3m4SC61zzlbR8Rk&quot;,&quot;wgslwEQ0cd0iXt+w&quot;]</string>
    <string name="client_static_keypair_pwd_enc">[2,&quot;EUo2SU3Nz\/2Oh+\/rUf37HNe4BcJIrmTcdKcfK0u2wfbb8Gfm4IVleGHpMIwtCNYnj6swy5WPbv2lcYyzITYK1Q&quot;,&quot;fBP+LHxasym0zGgfeHYXjQ&quot;,&quot;Rtunhg&quot;,&quot;7thLr9JleMxjW6wTh9g1PQ&quot;]</string>
    <boolean name="can_user_android_key_store" value="true" />
</map>
