<?xml version='1.0' encoding='utf-8' standalone='yes' ?>
<map>
    <string name="client_static_keypair_pwd_enc">[2,&quot;HOnZY+9ltrk2n8BzqKtT8Bw2tWMsDnXCQ21ftlv9mPjgBo80I\/SfId1WqaNqXuTq102GgebLnqoLzDFyPvXfuQ&quot;,&quot;llKvXJ+ANxnHadr6pTDeGw&quot;,&quot;48\/WfQ&quot;,&quot;SouFGhKtgrYzfcZ1\/2wqLg&quot;]</string>
    <long name="client_static_keypair_enc_success" value="160" />
    <boolean name="can_user_android_key_store" value="true" />
    <string name="client_static_keypair_enc">[0,&quot;Xj4ubYITn7xI9ZHlFC2uZ26M1uAXEDWTU8\/z5wrrHbnvuPrp77GrGuzknc505rde24nRCOGkMzDW\/xPG771H2GqP0tH8h2qRUUnxjBi2D9U&quot;,&quot;PJCbHzjMjkhREcoV&quot;]</string>
    <string name="server_static_public">qJWvSttNopqgQ2CgXYTc4jmSUKWd1Rv2QTMbQyYpKwY</string>
</map>
