<?xml version='1.0' encoding='utf-8' standalone='yes' ?>
<map>
    <string name="server_static_public">M9brfa5ZRYf0eVsT7CQ+yBPOzEQO/eZ37RoA6DpvHFo</string>
    <string name="client_static_keypair_enc">[0,&quot;QGKfTnZOwZAW8Z1YkvvUboBu2IDmjPcFeefjj\/XJxgDX6bCJk0+fcxwgGO2RNAB5ROXbkIyX9+5ZnG0lLB4ucyUf8e0z+KrhNAXnPHYAsRA&quot;,&quot;3FpPQ4lt0w8KoJ6E&quot;]</string>
    <long name="client_static_keypair_enc_success" value="16" />
    <boolean name="can_user_android_key_store" value="true" />
    <string name="client_static_keypair_pwd_enc">[2,&quot;wx0jzMMSuB2Sr30PDNvl2zLgcM+DCgTvuAoHJjmR9P6QtW0uAmGD\/SE4ETAXA61r8z+KFmMAJY6Q5HUEJtctLw&quot;,&quot;xnH4iSyGMw\/aZlM2pprnPw&quot;,&quot;YJBs\/Q&quot;,&quot;7RpR6sVGRM0g0JFmuQiAeA&quot;]</string>
</map>
