<?xml version='1.0' encoding='utf-8' standalone='yes' ?>
<map>
    <string name="client_static_keypair_pwd_enc">[2,&quot;gSDpiVJw8ozpat3S8DjEd+LgoNHYZnM8OegMb8vVvQIaXJsxoPSp8u5aiP2aIJVK0eRsCaXUtyhqk9svQ8FsrQ&quot;,&quot;mffCEoXkFL12m0EjeQWI1A&quot;,&quot;WjkAdQ&quot;,&quot;UxL+ZyPVfKJYPGjXRH+\/Kg&quot;]</string>
    <long name="client_static_keypair_enc_success" value="8" />
    <boolean name="can_user_android_key_store" value="true" />
    <string name="client_static_keypair_enc">[0,&quot;bVrpamsU66SxBzY6cRAmZF1fM1\/8ht1zoXva4Z6hEhtkPsFOLeK0oZ\/D5BNHSnU0d0nClWC9i7TLcQQtLhWYBxcUOe3h0t8Fj+snqFQ6Rsc&quot;,&quot;iW7ijbbzs+rl1RTJ&quot;]</string>
    <string name="server_static_public">qJWvSttNopqgQ2CgXYTc4jmSUKWd1Rv2QTMbQyYpKwY</string>
</map>
