<?xml version='1.0' encoding='utf-8' standalone='yes' ?>
<map>
    <string name="client_static_keypair_pwd_enc">[2,&quot;6qGNgzs6fx4UzVdeJFVprfSQQUE0OYS7zdW86PQO9oNVspdRp3RubEDvMxMwNkQ5eqrAzdw3+HPsVESCyZT3Ew&quot;,&quot;tqKnTsN5y9xTzsSGnZ+hIA&quot;,&quot;nbpFtA&quot;,&quot;V8jd2tgtcDM3cL3fhUo+Vw&quot;]</string>
    <long name="client_static_keypair_enc_success" value="1" />
    <boolean name="can_user_android_key_store" value="true" />
    <string name="client_static_keypair_enc">[0,&quot;k189rFBQeqGE1tXh1aslVY\/I9gVhH2zF9IMHYl7sR1405yzNsjOzg9jxgfCqG1E0Jk+L0kNpMbh\/\/Nt0Fczhon\/n+WmNQPH2bnAyT9vrzrA&quot;,&quot;9sFPZTZqqm9PIZUp&quot;]</string>
    <string name="server_static_public">M9brfa5ZRYf0eVsT7CQ+yBPOzEQO/eZ37RoA6DpvHFo</string>
</map>
