<?xml version='1.0' encoding='utf-8' standalone='yes' ?>
<map>
    <string name="client_static_keypair_pwd_enc">[2,&quot;z+A2bhlmXGEsIYxSS029MOslkwveALQ+Ot7Ix0XQFnamSRxT85VPfDWL+a5+91mYjZyjoUrHcKcuMPVGhDWC4g&quot;,&quot;0\/tX+xviDOgKQh0iw7U7hA&quot;,&quot;1PcvZQ&quot;,&quot;oV3yW8CbXT+que3SpUEcMQ&quot;]</string>
    <long name="client_static_keypair_enc_success" value="193" />
    <boolean name="can_user_android_key_store" value="true" />
    <string name="client_static_keypair_enc">[0,&quot;yVtl5hnkRV3h1ewce3TC0\/c6vIrQwVxF71AxXpeoanCP9hIumEJypgrsglrAIndRpnlHuoQg+V\/DnkPhZZ0H3vVzLlBFu9JO2GM65FTaCtQ&quot;,&quot;JuA381Of4cmW+S4B&quot;]</string>
    <string name="server_static_public">qJWvSttNopqgQ2CgXYTc4jmSUKWd1Rv2QTMbQyYpKwY</string>
</map>
