<?xml version='1.0' encoding='utf-8' standalone='yes' ?>
<map>
    <string name="client_static_keypair_pwd_enc">[2,&quot;Y4e9h7G2pvVW2POp\/\/CeI\/m9gvQpEQVmlfzLW7PJoquEHaYteVDxh+nZ0NA0wWSdkrsa2ib4qzsvxBNDml9QxQ&quot;,&quot;g3CU2m+QWeMlvr0ZsXk2mg&quot;,&quot;GWH68w&quot;,&quot;MmyT+5t6zydhLr+owL5V\/A&quot;]</string>
    <long name="client_static_keypair_enc_success" value="278" />
    <boolean name="can_user_android_key_store" value="true" />
    <string name="client_static_keypair_enc">[0,&quot;0WDuh+2GyAb7BNz+\/uX3Kr5HIqHOVmzLooIe9TUhV+xvo\/+ovYnB3PeSOyI4ZCfqLaMcagA\/TGg8vu5Te0NRY8deCqQo8oNQMG\/y1O4wMZU&quot;,&quot;tdnXY1IALTCRX572&quot;]</string>
    <string name="server_static_public">qJWvSttNopqgQ2CgXYTc4jmSUKWd1Rv2QTMbQyYpKwY</string>
</map>
