<?xml version='1.0' encoding='utf-8' standalone='yes' ?>
<map>
    <string name="client_static_keypair_pwd_enc">[2,&quot;s3zDL4ZIVHRrr75PsB80WYl0m3dNYxq70EiPT5autbQ3DBzSXukw+WXB72QP0ZtQnm3b\/hJYWktA76DFJ8nnSg&quot;,&quot;yiULhMO5XGrG0BNSQRbynw&quot;,&quot;sO4Kyw&quot;,&quot;iwt3Rm1QShsVx2U5CKI4nQ&quot;]</string>
    <long name="client_static_keypair_enc_success" value="22" />
    <boolean name="can_user_android_key_store" value="true" />
    <string name="client_static_keypair_enc">[0,&quot;soLsX70CdWXcGlHOm+p4Uksfkqd7Xv23OjP7I0o\/LXfqGJC1JGOFl1pVsu3tL6f4hl2dLMSiypTxnm5gufbRNt\/EI4jN27kzXqq4K04VVus&quot;,&quot;2nNEMl\/k2mE1zctf&quot;]</string>
    <string name="server_static_public">M9brfa5ZRYf0eVsT7CQ+yBPOzEQO/eZ37RoA6DpvHFo</string>
</map>
