<?xml version='1.0' encoding='utf-8' standalone='yes' ?>
<map>
    <string name="client_static_keypair_pwd_enc">[2,&quot;o40GlRnYpwj7+\/Mzb+ajpiJJwaoeYCmeeKaYxgLkdv9tqJzXYNIlE1ww8lQKQIX7aqWB27W+eNOzDnud7R\/NWg&quot;,&quot;3g2AhdH\/JN007sGD0Gsm0w&quot;,&quot;04SYCw&quot;,&quot;XF2nvdCdQNdFjGIjh7oRpg&quot;]</string>
    <long name="client_static_keypair_enc_success" value="45" />
    <boolean name="can_user_android_key_store" value="true" />
    <string name="client_static_keypair_enc">[0,&quot;DayKBwjXHZceRcZc3s5fXxkDbzHVAfzg+esKcvEyyhl7jY5mVJskcX9qyzjLwgf8H0gpYiBxhuOaz8D8jm4FeuLMB5fpXVI\/mQR1B1XCgEg&quot;,&quot;l10JU13d7D\/ERwzf&quot;]</string>
    <string name="server_static_public">M9brfa5ZRYf0eVsT7CQ+yBPOzEQO/eZ37RoA6DpvHFo</string>
</map>
