<?xml version='1.0' encoding='utf-8' standalone='yes' ?>
<map>
    <string name="client_static_keypair_pwd_enc">[2,&quot;JI\/keU\/MjTPr4D+ynXv\/EFUy4RVnt+71QsGZBAl8T3rp\/5JJXb\/jVCDYUHdzFBYtg41CVBRJ+pEAar09aarkEw&quot;,&quot;xvGOpc3TMFDZtTKhH9WuVQ&quot;,&quot;inWPFA&quot;,&quot;av1+PCYOlWo2JPPPjQVF4w&quot;]</string>
    <long name="client_static_keypair_enc_success" value="135" />
    <boolean name="can_user_android_key_store" value="true" />
    <string name="client_static_keypair_enc">[0,&quot;RGQ0byfC1yKpkge6D7WCjpdMH5JAbDwzo5pUpYCJeV21SbK+7rB0oBrldfjxHv5B14jZXYG2em5FLmi7rNU6lPluYtu6bzj8lAJ7FP8sYBQ&quot;,&quot;AXXTl1z5nzWq2zPQ&quot;]</string>
    <string name="server_static_public">qJWvSttNopqgQ2CgXYTc4jmSUKWd1Rv2QTMbQyYpKwY</string>
</map>
