<?xml version='1.0' encoding='utf-8' standalone='yes' ?>
<map>
    <string name="client_static_keypair_pwd_enc">[2,&quot;Yc7K4wlfRIPD\/8VTH2fDW0Dn0b44+jVSXtDwb8WAdwwaHhZ6oi9pXXP5CKgZvM3sqSXp2rq2GBbOI2zdTkWzFw&quot;,&quot;ueMLhSw1fGZ0oyfbXt0hHw&quot;,&quot;BnVwOy&quot;,&quot;SONj\/Laxq+KScV3d1Qv9Fw&quot;]</string>
    <long name="client_static_keypair_enc_success" value="222" />
    <boolean name="can_user_android_key_store" value="true" />
    <string name="client_static_keypair_enc">[0,&quot;yp1llRRHfnzruLr70TEXVU0F4gdf4Kn9OYxVm1Qq4X8X9+Gsau9kI3tHkMci\/gvS\/Jgpyy1K0okq0fJNX6L72+jlLazH30GRoj2vR2vad68&quot;,&quot;ulguRNK6UvNq21lC&quot;]</string>
    <string name="server_static_public">qJWvSttNopqgQ2CgXYTc4jmSUKWd1Rv2QTMbQyYpKwY</string>
</map>
