<?xml version='1.0' encoding='utf-8' standalone='yes' ?>
<map>
    <long name="client_static_keypair_enc_success" value="515" />
    <string name="client_static_keypair_pwd_enc">[2,&quot;HiXcMcVOM9D0r8IvtJkz\/GEg8HwzUVYEyNU6VeOCfHhJnRJMyX10ww0u1cXuzcVGGJAx0hH6LmbDIMIQp0vZWA&quot;,&quot;bU29SpZ5EERKD\/xmGNtXCw&quot;,&quot;E9CSeA&quot;,&quot;t5+YpLqgkq7xUmnNSd3A8w&quot;]</string>
    <boolean name="can_user_android_key_store" value="true" />
    <string name="client_static_keypair_enc">[0,&quot;OHcNMvl\/xA5ci8IjLQQKcrDFj\/2RXgNCBRIOjp0OwGU1ufJo\/uQnhnfOlicYLO3koY3fv9VtM7ys5dS3upseUq7ZQRlPFWtVZv\/CqEUfVQI&quot;,&quot;MQ9NgqhGbwd638FE&quot;]</string>
    <string name="server_static_public">qJWvSttNopqgQ2CgXYTc4jmSUKWd1Rv2QTMbQyYpKwY</string>
</map>
