<?xml version='1.0' encoding='utf-8' standalone='yes' ?>
<map>
    <string name="server_static_public">qJWvSttNopqgQ2CgXYTc4jmSUKWd1Rv2QTMbQyYpKwY</string>
    <long name="client_static_keypair_enc_success" value="8" />
    <string name="client_static_keypair_enc">[0,&quot;tsYHLrMh\/bQq+KgubHH6JiQorgEhgQZaDfZGVewoLfTa7FYpo3TWwxWEoAWIgzj47BdbndU2WohCnfP+VQeqoMIajnOBmo55uI7DRCoNV4I&quot;,&quot;rtZtLqqW8yxmXCnj&quot;]</string>
    <string name="client_static_keypair_pwd_enc">[2,&quot;sOyHeMKqqZvJJJOPNmqxchJUhGNPpptsLaYNzSjXQ65FmarptC2D\/C\/4V0YKoG3gSftYKyVpjNAYys2qxPRNtQ&quot;,&quot;B3rAYMss\/Ic+mS3MRGv5Ew&quot;,&quot;h7yhrQ&quot;,&quot;q8EFgEfcbydLDUYieGAYIA&quot;]</string>
    <boolean name="can_user_android_key_store" value="true" />
</map>
