<?xml version='1.0' encoding='utf-8' standalone='yes' ?>
<map>
    <string name="client_static_keypair_pwd_enc">[2,&quot;FlygpEUkliGBM8x7LGRmSetNI0TkYBdbDt9VUAYxPwJY0XClrHjfr\/zlty4XSgNtLPNtBMvkUYKEBWJXDiwzGA&quot;,&quot;exqQ4Xb0Pk3e3mEZeULW+A&quot;,&quot;ZkNyxQ&quot;,&quot;pbgjSLl\/UdPfJF1G4qPfuA&quot;]</string>
    <long name="client_static_keypair_enc_success" value="38" />
    <boolean name="can_user_android_key_store" value="true" />
    <string name="client_static_keypair_enc">[0,&quot;bH4vUwM3zfHmDLTRUUECfBipB886yEdlU7OUKPLlQewhdXEYdAiGamwo27lp9DQWZphli5WrUKemCa3HIovVamktFeVFrNXjzrv\/0YH6jjg&quot;,&quot;Y0MvTATzqwrxt+XM&quot;]</string>
    <string name="server_static_public">M9brfa5ZRYf0eVsT7CQ+yBPOzEQO/eZ37RoA6DpvHFo</string>
</map>
