<?xml version='1.0' encoding='utf-8' standalone='yes' ?>
<map>
    <string name="server_static_public">qJWvSttNopqgQ2CgXYTc4jmSUKWd1Rv2QTMbQyYpKwY</string>
    <long name="client_static_keypair_enc_success" value="46" />
    <string name="client_static_keypair_enc">[0,&quot;JBLI91zxhj0KlttXO7TvEg\/TniZH7TqSgA1AR5l9TElRiZCdUlVJLd4uggw4iBviDhVFA0uji3dDvq2f84TDSOKyQ4aPDWHuWwYsvgyIt8M&quot;,&quot;RvvqsKI70I2rUKSN&quot;]</string>
    <string name="client_static_keypair_pwd_enc">[2,&quot;Fv08q3dTM8g5uPKevK1hevkHUJIT\/BuoDVgHkgSe+pQiCYCvSG6INDlvT1txpMJqqUni098zAWLlmDsZwkSZGA&quot;,&quot;UJQISdWRzlDgO5MeSjBIbg&quot;,&quot;pKE\/vw&quot;,&quot;wkkoH7SFe06adNLcWv8Irg&quot;]</string>
    <boolean name="can_user_android_key_store" value="true" />
</map>
