<?xml version='1.0' encoding='utf-8' standalone='yes' ?>
<map>
    <string name="client_static_keypair_pwd_enc">[2,&quot;h6J5CJnMrirXg+f\/2XD00r2hoDHccNNlBqqx8cG73nBHw\/qQwiY\/WvOxaoW\/i6a8AXQWA6b0WO8BgqRJwjtJ4w&quot;,&quot;E9gDqfa0boKr\/IPWSICF9g&quot;,&quot;jIhO7w&quot;,&quot;MhCTITZgcPgy+\/UgvPBPLg&quot;]</string>
    <long name="client_static_keypair_enc_success" value="82" />
    <boolean name="can_user_android_key_store" value="true" />
    <string name="client_static_keypair_enc">[0,&quot;GT49OkQFqZXcSb1QuY2GvKLxzofurDuaSNOC7OC7+yMtl2k54c5cHRd0gnWDJwOzoSYWIxkjNPEcQexwAb9zOXD8V9Yq50TsgYs4zN5GgzI&quot;,&quot;J7dTB3ZfdwExShPx&quot;]</string>
    <string name="server_static_public">M9brfa5ZRYf0eVsT7CQ+yBPOzEQO/eZ37RoA6DpvHFo</string>
</map>
