<?xml version='1.0' encoding='utf-8' standalone='yes' ?>
<map>
    <string name="client_static_keypair_pwd_enc">[2,&quot;BM1ErauaEdGt17kqaf7LPspJLAQ4rIgHXQHxT+2fS\/FGayD7fxNDvDVCmkpkUX4C+AXXKiPqUgtvcX1BKcEugw&quot;,&quot;SlZRo0JBiOXEIb5JML9y9Q&quot;,&quot;lTO\/Qw&quot;,&quot;NsGOcsCfGkGDBWYoVH1TEA&quot;]</string>
    <long name="client_static_keypair_enc_success" value="13" />
    <boolean name="can_user_android_key_store" value="true" />
    <string name="client_static_keypair_enc">[0,&quot;Solz8xzfs+aNG9qpOb3enFdmMRSFLhopXpNZytAPxWPdRXytp7FDfzLlZcnboxFFbq9xkZr4LS3kKD543QG0aRdB7dHtD6Mrw8qogrQviaM&quot;,&quot;4rFf0Dld1XaxWcY5&quot;]</string>
    <string name="server_static_public">M9brfa5ZRYf0eVsT7CQ+yBPOzEQO/eZ37RoA6DpvHFo</string>
</map>
