<?xml version='1.0' encoding='utf-8' standalone='yes' ?>
<map>
    <string name="client_static_keypair_pwd_enc">[2,&quot;iZzrkGSYXWxYP9SQHXc3O\/ZO0MVisYLgPimD1NCpv9NYhhswK6OiYDld2Ol8GVMuAIWyjJzlyjDCRv+khGpVCg&quot;,&quot;gZu51tlW83xk0l3vbarnHw&quot;,&quot;GM6qMw&quot;,&quot;ismhzxla\/M64Xlz1Viwoyw&quot;]</string>
    <long name="client_static_keypair_enc_success" value="2" />
    <boolean name="can_user_android_key_store" value="true" />
    <string name="client_static_keypair_enc">[0,&quot;FN6R9pwjjo7XIZI8kcniWL71E9aP+X0edGiMvSh1\/YHEGH3VCo+PsRSzTtnLq0vlx5M\/Fp7J9pokp2pOmf3qG0c\/A0NM0d8Qb+3Nd6+gEFE&quot;,&quot;USuJMeDUgiTO+2nO&quot;]</string>
    <string name="server_static_public">M9brfa5ZRYf0eVsT7CQ+yBPOzEQO/eZ37RoA6DpvHFo</string>
</map>
