<?xml version='1.0' encoding='utf-8' standalone='yes' ?>
<map>
    <string name="client_static_keypair_pwd_enc">[2,&quot;A7iZTvjXyg5n0NMX40lV2KAJSmA4Mh3BAfUlkDXTzUL6zdHl2cRZkvuwU9kGiduqchY1AREFWn+t76E9Vp25Yw&quot;,&quot;vPIQOfJP52zrcy\/2Zrjluw&quot;,&quot;UFqbdA&quot;,&quot;uQMz+shsOuBb9FWTh7\/YAA&quot;]</string>
    <long name="client_static_keypair_enc_success" value="3" />
    <boolean name="can_user_android_key_store" value="true" />
    <string name="client_static_keypair_enc">[0,&quot;14ylenEBHrZ00UOTuQwG7ljRZBUOR6iD11LDzwb1x1944YJz5bZ+Sh8MJ0z2sVnqbSmSBEyaewGTD43Jaq9MCpL3oCGj1ssxEQDtSA5Iu8U&quot;,&quot;HA9ASmxL9fSFnjyy&quot;]</string>
    <string name="server_static_public">qJWvSttNopqgQ2CgXYTc4jmSUKWd1Rv2QTMbQyYpKwY</string>
</map>
