<?xml version='1.0' encoding='utf-8' standalone='yes' ?>
<map>
    <string name="client_static_keypair_pwd_enc">[2,&quot;CCrPHTSbxCgYdH0nAq\/+n8zOsvU0tLK\/8IsWzgRW7J4lP1Y5VGsZM4lxf1Vh1uK7WzhdGYQ32Sk4vMfoWssQig&quot;,&quot;T1qxu7RDERrjgr9Cz9mZHg&quot;,&quot;7SaZ1A&quot;,&quot;Oj2IFtb2SneH1r5ob+4LvQ&quot;]</string>
    <long name="client_static_keypair_enc_success" value="49" />
    <boolean name="can_user_android_key_store" value="true" />
    <string name="client_static_keypair_enc">[0,&quot;z+DKZDVU\/QgKg5pinKFfYwHeMGaXaeIyoG1E4n1Q2njMBQF3uxXIoXwDtlnkt51mtksgT1abHXg\/AdbmEz5kNJB65dVYoSAlLuth9LagCv0&quot;,&quot;9SNc+W9Rh\/P02KJa&quot;]</string>
    <string name="server_static_public">M9brfa5ZRYf0eVsT7CQ+yBPOzEQO/eZ37RoA6DpvHFo</string>
</map>
