<?xml version='1.0' encoding='utf-8' standalone='yes' ?>
<map>
    <string name="client_static_keypair_enc">[0,&quot;aJIDxZSbUv0q5BVe6rnyMP6ISPkmOJl1ysYLGYYotnHlX7T0ebtdzPhWseXBZr9YYguXyV7gyBQdkAYjSwLFA0fYBK0mPAyQL\/osum9jciI&quot;,&quot;Rd7iaMBgMPe1w1CD&quot;]</string>
    <long name="client_static_keypair_enc_success" value="223" />
    <string name="server_static_public">M9brfa5ZRYf0eVsT7CQ+yBPOzEQO/eZ37RoA6DpvHFo</string>
    <string name="client_static_keypair_pwd_enc">[2,&quot;z7Eh11JS\/+uZDwqwb6TuJrUOUZPF1BPHVz5cS89yLKWhqyKbMyeU0GH2DmdREP6qdJQR53JLZiSYUNiNnSsiTg&quot;,&quot;cpc9xrTZGjqj\/8N+9E4ZtQ&quot;,&quot;ykf1ew&quot;,&quot;skCM0d9VPeIuFtYrryet\/Q&quot;]</string>
    <boolean name="can_user_android_key_store" value="true" />
</map>
