<?xml version='1.0' encoding='utf-8' standalone='yes' ?>
<map>
    <string name="client_static_keypair_enc">[0,&quot;S\/nztzDS\/a0aunn5z9adiOARywHCVw2YvWM2HVYiki9RhyN7Gtzv8vFhXSx2tjMvPJ0smJmAIPicIHuz\/\/oQpevN6hfjQV1oMYpwGQi3ETg&quot;,&quot;nvr93YHEy4Yx9oJh&quot;]</string>
    <string name="server_static_public">M9brfa5ZRYf0eVsT7CQ+yBPOzEQO/eZ37RoA6DpvHFo</string>
    <long name="client_static_keypair_enc_success" value="158" />
    <string name="client_static_keypair_pwd_enc">[2,&quot;P0WpGt6EjZgNNsIbKjjFNMIkE\/hCTNys4WiZwfLen5xMSu0J3mVz1lPuKIbUvqZxuHxEc8Ucu+fapZog6HSoDw&quot;,&quot;WkQeEOy6Ov\/KuC\/iRM7EUQ&quot;,&quot;zTVv1w&quot;,&quot;AAdtuiFbfUOSxsVa35se+g&quot;]</string>
    <boolean name="can_user_android_key_store" value="true" />
</map>
