<?xml version='1.0' encoding='utf-8' standalone='yes' ?>
<map>
    <long name="client_static_keypair_enc_success" value="144" />
    <string name="client_static_keypair_pwd_enc">[2,&quot;IFdX0TYMg9iM0rvdXKLWrArtSaePQ54H4f7l3D4gqcRUdwSxA0EOFvjyI2k1ehS0Gg3v\/AWIOBAOlKQ4xLt0Iw&quot;,&quot;tzS1joP0vPzDU1FwZ7bC2w&quot;,&quot;\/1bl3A&quot;,&quot;UH2soD67fZWfD+\/jPp8pdg&quot;]</string>
    <boolean name="can_user_android_key_store" value="true" />
    <string name="client_static_keypair_enc">[0,&quot;xTJweLGH3sI4uNNywmF3i8i32w932uOq2FQ4vGcLtHHVo8mY5jFoEaQ3ER1M2q9Q5sRo\/lLANqZ\/wyCXcIbDhj2h8V5PQiKPuJi72KZ3FRw&quot;,&quot;iG3\/PrTfqN7CrAus&quot;]</string>
    <string name="server_static_public">qJWvSttNopqgQ2CgXYTc4jmSUKWd1Rv2QTMbQyYpKwY</string>
</map>
