<?xml version='1.0' encoding='utf-8' standalone='yes' ?>
<map>
    <string name="client_static_keypair_pwd_enc">[2,&quot;O5RIpe0l06PJl1TE1X0l+dhEP7XacyNfgMvf\/if79uhx2MI\/JSaiiJXJIwdAvU4FzPgigUC2xf13qVlc\/pbR9A&quot;,&quot;e4vLkXcK5ddCutzF3Azjgg&quot;,&quot;\/17v9Q&quot;,&quot;dHtCOCB\/Z7UOIdskX5aOVg&quot;]</string>
    <long name="client_static_keypair_enc_success" value="78" />
    <boolean name="can_user_android_key_store" value="true" />
    <string name="client_static_keypair_enc">[0,&quot;4TwIb4Adjux0uqXp6q0Jmk1dwHNAd6yyX6EcKV1vRqbWpebQxadv7jzP37dpiTpjm2Xbk5cADII2Hp3RIIrjmmJcVwXmRvKFhLuE0vBhStc&quot;,&quot;AxvaQ7aC6JaNeuBW&quot;]</string>
    <string name="server_static_public">qJWvSttNopqgQ2CgXYTc4jmSUKWd1Rv2QTMbQyYpKwY</string>
</map>
