<?xml version='1.0' encoding='utf-8' standalone='yes' ?>
<map>
    <string name="client_static_keypair_pwd_enc">[2,&quot;lOhOZ2UpWED372FGBimWc6KwQzDxRfuVe3b2yV1lpEgAF2oIKw+qWFRYMuMclaCIzj0fZ7sS7\/AieYcT4radtg&quot;,&quot;wJlRqbvLbDzfux7i2NREQg&quot;,&quot;S1GGTw&quot;,&quot;UELys1iON361jjLLNT4oXw&quot;]</string>
    <long name="client_static_keypair_enc_success" value="41" />
    <boolean name="can_user_android_key_store" value="true" />
    <string name="client_static_keypair_enc">[0,&quot;F6QkJjusgxyBSxwrWC5aKg\/PwjLKUQD43EwlxpeBAKWflYgUalrBsdniL8QdKl7KbyjI5ziUjOlW5RaCPVGbElq4v1UeqrF6TyZ+tPdh4To&quot;,&quot;61J5WQ5nGzyxMdnh&quot;]</string>
    <string name="server_static_public">qJWvSttNopqgQ2CgXYTc4jmSUKWd1Rv2QTMbQyYpKwY</string>
</map>
