<?xml version='1.0' encoding='utf-8' standalone='yes' ?>
<map>
    <long name="client_static_keypair_enc_success" value="483" />
    <string name="client_static_keypair_enc">[0,&quot;1M1SlQkj66P4XPQ91ngVbORvmI4l7tm46ks3bUPaQqPxzcFRAP9MWakLGnm1c9LXz4vdVOEjCRUA8+xtquJwm30x8vVo333ka1u9v9O5soE&quot;,&quot;RMwsVcQdu5PAIRk9&quot;]</string>
    <string name="server_static_public">M9brfa5ZRYf0eVsT7CQ+yBPOzEQO/eZ37RoA6DpvHFo</string>
    <boolean name="can_user_android_key_store" value="true" />
    <string name="client_static_keypair_pwd_enc">[2,&quot;1ZKKIuREhuDQOYTKoIKYyzsFJbc3QAJ4M9bOJzpID1I2YmS1g+LN6xP8f3twsL7FzvlsRBC74oZYnoJKqttwcg&quot;,&quot;aGMsvZY695br+IvX7Z45LA&quot;,&quot;4nNdGw&quot;,&quot;0Yg2VnY8KZcQ4ncRHmSWRQ&quot;]</string>
</map>
