<?xml version='1.0' encoding='utf-8' standalone='yes' ?>
<map>
    <long name="client_static_keypair_enc_success" value="6" />
    <string name="client_static_keypair_pwd_enc">[2,&quot;RgnR2CrewwcIJeEMY+tL3G2BkDB2OKJYrVvgHTffM7KotqIG6aMzlh\/fB53eN9p8uTfddBr+XP4yD0Hvd6LP3w&quot;,&quot;Sr5pHjPhL90sgFDU8V6mJA&quot;,&quot;s614zA&quot;,&quot;SBrpo2KDHGkqpP9E3Gczgg&quot;]</string>
    <boolean name="can_user_android_key_store" value="true" />
    <string name="client_static_keypair_enc">[0,&quot;DltsPjCf\/pXYXole7plTgL5tqTNiozyf2HApZNilavz7SuFsdxuiQ5SMbXD\/LsbngoOBidMAm\/qeeHOrjDgFsaeno+V9kamJUtXeq4JUgzk&quot;,&quot;h92gVMrIv5\/7GNnb&quot;]</string>
    <string name="server_static_public">M9brfa5ZRYf0eVsT7CQ+yBPOzEQO/eZ37RoA6DpvHFo</string>
</map>
