<?xml version='1.0' encoding='utf-8' standalone='yes' ?>
<map>
    <string name="client_static_keypair_enc">[0,&quot;bG7Q9unVPnnhbpucjvbjjkYzJSUcKdGiTOGKQ6NLNdQ4DVfPwxPKwGHito84Z7DGDvxhPQLzwbd+176MRzszO4jXa+3XFWKB0XSkEGzpOF8&quot;,&quot;1HlEwk16WKgopVII&quot;]</string>
    <string name="server_static_public">qJWvSttNopqgQ2CgXYTc4jmSUKWd1Rv2QTMbQyYpKwY</string>
    <long name="client_static_keypair_enc_success" value="1456" />
    <string name="client_static_keypair_pwd_enc">[2,&quot;XlfKqMsAkBfbNKL++SXH14jKSdk+x9HCVLNNO25YdfNmseK3XahrVXPMvJ9Rlt3ft3ir8VFzlzQvku35qdYgtQ&quot;,&quot;GXeGsiqJR4+JPAh3sWBLMQ&quot;,&quot;WFgM7A&quot;,&quot;tIxWfWzb1JRyezmenBc7bg&quot;]</string>
    <boolean name="can_user_android_key_store" value="true" />
</map>
