<?xml version='1.0' encoding='utf-8' standalone='yes' ?>
<map>
    <string name="client_static_keypair_pwd_enc">[2,&quot;aHePQ21NTLju4qKfdqJUNDyanNUIpVmRKOgdgpJ7rZumqe8WQToJfUhHTUz8YWEcH2LogxWLb65QlB5FeIL\/TQ&quot;,&quot;CQ1tcHCEAIMX5SztG5QjpA&quot;,&quot;qNSbuQ&quot;,&quot;0dmsnjLUBYPoJeWpICOcEw&quot;]</string>
    <long name="client_static_keypair_enc_success" value="4" />
    <boolean name="can_user_android_key_store" value="true" />
    <string name="client_static_keypair_enc">[0,&quot;nggp0ElPqfI2ev2FppRQcq40DRtF4GN0hszYM+5SVBkA3dhy19WXZoX+NhG52wT7kf5MY3LemmbdEm91+b8m\/ZXuDB7+QEOss2ziXuq3ETY&quot;,&quot;Q8\/FvmXKQ2qmOWvn&quot;]</string>
    <string name="server_static_public">qJWvSttNopqgQ2CgXYTc4jmSUKWd1Rv2QTMbQyYpKwY</string>
</map>
