<?xml version='1.0' encoding='utf-8' standalone='yes' ?>
<map>
    <long name="client_static_keypair_enc_success" value="116" />
    <string name="client_static_keypair_pwd_enc">[2,&quot;a0xgeZFD0mHl3PL545sc0dVdeCp7k2iAyP+DG2BYp0\/TuyNCS\/5ILZFaP8Z3qhhBxWq5426LWip5Es0VscMvrA&quot;,&quot;P3HRWiAujEsfsU3+BTiVyA&quot;,&quot;gkVt6A&quot;,&quot;T+r\/RJEb01SAsfRRnMOpdQ&quot;]</string>
    <boolean name="can_user_android_key_store" value="true" />
    <string name="client_static_keypair_enc">[0,&quot;vyZqpeNlEjJKw1aDFiIBCots\/\/JXw7n3mdURoEuohJuEsn2paScRgGfoIodFjUQmooAqrL5sSoRFjQXl5zoYd8nZPGQdlXyLRUfbIxTh388&quot;,&quot;T9yaM\/\/RWp7QZCEg&quot;]</string>
    <string name="server_static_public">qJWvSttNopqgQ2CgXYTc4jmSUKWd1Rv2QTMbQyYpKwY</string>
</map>
