<?xml version='1.0' encoding='utf-8' standalone='yes' ?>
<map>
    <long name="client_static_keypair_enc_success" value="137" />
    <string name="client_static_keypair_pwd_enc">[2,&quot;ZJ+0X4ev9yMLxUjReHlRjQyJaPQCwNp27A0n0iF3WY3kCp6Uf3R+Ikluf\/qdGQxoZg2oOnn09KBZWi0ZqebVfg&quot;,&quot;rl96tKAzMfL2E\/J72f724g&quot;,&quot;bt8MOw&quot;,&quot;ykd+vy9uJYXQMkKfnEgL2w&quot;]</string>
    <boolean name="can_user_android_key_store" value="true" />
    <string name="client_static_keypair_enc">[0,&quot;ci+zSztqG9iF0d8E5WBqgYMayFXv13JmotlpupYLbO2UqtQTwU7iRtsEPwjjJhMLzqsj29TgLMsebnNDBrAHJoIFwL\/IjzsDswbu7ctJyiM&quot;,&quot;tHe6zerK4Ksf7aIG&quot;]</string>
    <string name="server_static_public">M9brfa5ZRYf0eVsT7CQ+yBPOzEQO/eZ37RoA6DpvHFo</string>
</map>
