<?xml version='1.0' encoding='utf-8' standalone='yes' ?>
<map>
    <string name="client_static_keypair_pwd_enc">[2,&quot;fK8rzOS\/AWtjhwbMwlY8iAQ\/Fv5K19jLD4YbwX+2NKw7gdDyXL+R8xbPd8lo1Gtl9TAwbFqiAeIMOkpxYqUZdw&quot;,&quot;HuyXGTU7j92P57cLXfGnnw&quot;,&quot;mrCodA&quot;,&quot;ANRPDzHVafcYFeLl3e5k+g&quot;]</string>
    <long name="client_static_keypair_enc_success" value="40" />
    <boolean name="can_user_android_key_store" value="true" />
    <string name="client_static_keypair_enc">[0,&quot;nn9Kzu+oRuUbFxhEihyjOfjyv3LkMJK2IBZOAh\/0IA30ZnEyPB74BS4N1HNOCjEkvIJc3gEuS7S66nmELYMn1uiNVPnu63xTumrPH11FDFQ&quot;,&quot;\/wJIqTg9Yk06U06A&quot;]</string>
    <string name="server_static_public">M9brfa5ZRYf0eVsT7CQ+yBPOzEQO/eZ37RoA6DpvHFo</string>
</map>
