<?xml version='1.0' encoding='utf-8' standalone='yes' ?>
<map>
    <string name="client_static_keypair_pwd_enc">[2,&quot;KkRm1NHURSTkDic6JH6oyHIdqUYoqd2yv\/+BkznqsnXhX3xnoUzhjVwlU\/gkv3N20YGqt+bRGIaJ80Esr+NoNQ&quot;,&quot;2txU+i+R6+E9OmXFw7GcXA&quot;,&quot;GopjoA&quot;,&quot;khtAm6xK5pNqY1+cEoeHKA&quot;]</string>
    <long name="client_static_keypair_enc_success" value="22" />
    <boolean name="can_user_android_key_store" value="true" />
    <string name="client_static_keypair_enc">[0,&quot;7tgvGxvk3EuB8QNosE5QQ\/j1yrtwznSMDpdxMq+Te6gVgS1F9XyALfiaE3a3hf4JbYE9TpHxTytHrEeY2+jTuhKOEvEtJML3gfhLdB2g6vE&quot;,&quot;YQoCJ1QQAVBWT0E4&quot;]</string>
    <string name="server_static_public">qJWvSttNopqgQ2CgXYTc4jmSUKWd1Rv2QTMbQyYpKwY</string>
</map>
