<?xml version='1.0' encoding='utf-8' standalone='yes' ?>
<map>
    <string name="client_static_keypair_pwd_enc">[2,&quot;3Xmy0nsbdvN5xBM1wmie8Aw9TCRUiLAGS4jicTmLqGXZviOSCAExLV1K6TabkAD7i5iymDtWLQylE3NdzgQHNg&quot;,&quot;VG2Zl3OdKzgBlwmOEy6rIw&quot;,&quot;S+9IgQ&quot;,&quot;V95qPM7vbhyFS2O2it2E3g&quot;]</string>
    <long name="client_static_keypair_enc_success" value="978" />
    <boolean name="can_user_android_key_store" value="true" />
    <string name="client_static_keypair_enc">[0,&quot;8Jce0Tr040iUvejn0aEB2GZldLOHkWf4vBfS4jP76Xx6pxp4pD8rnMHnmz7zX4GZf4uiu8QjKNgJEXF7qtsMsRzljUNQuXiNF0X8tX2u5FU&quot;,&quot;AQKKz6W4kgGis14V&quot;]</string>
    <string name="server_static_public">qJWvSttNopqgQ2CgXYTc4jmSUKWd1Rv2QTMbQyYpKwY</string>
</map>
