<?xml version='1.0' encoding='utf-8' standalone='yes' ?>
<map>
    <string name="client_static_keypair_pwd_enc">[2,&quot;i906edJZfGGNLpNjasZWmxyefccZJeANtYDJwBKv3jUdHBZKqtX\/pMvqR8Oi39ki2V\/4uDDNnOtOmY4j4gMfxA&quot;,&quot;BKETYRxgdVu0rTFoREmFJw&quot;,&quot;vzP7Dw&quot;,&quot;7CbpCxxZybFf+QAvlu4KuQ&quot;]</string>
    <long name="client_static_keypair_enc_success" value="10" />
    <boolean name="can_user_android_key_store" value="true" />
    <string name="client_static_keypair_enc">[0,&quot;NV8sSI6AUaUBp4GYgbsPJ+bHYc5Dtxmqc\/nELBZNKIDRKqyZo42kADI9\/gSgWhLC3s5q0fQ1rVU4o+v45SjEejSFAWtILK0Jmj5pER+WRQk&quot;,&quot;4WZiCYoW1PhKrc6O&quot;]</string>
    <string name="server_static_public">M9brfa5ZRYf0eVsT7CQ+yBPOzEQO/eZ37RoA6DpvHFo</string>
</map>
