<?xml version='1.0' encoding='utf-8' standalone='yes' ?>
<map>
    <string name="client_static_keypair_pwd_enc">[2,&quot;t8Gh72W3sVUQFpBS7+20g4i7y7bDdhK3CQxuzdDqMhF15+eEBdiyIxrEk6zH8a8Rvk4TzIpKHCzleLMrd3occA&quot;,&quot;N6LHk5lHRj\/1gzEXSio1tw&quot;,&quot;XA46ao&quot;,&quot;NtWFfknwVC7Ymxv53\/Wgug&quot;]</string>
    <long name="client_static_keypair_enc_success" value="1160" />
    <boolean name="can_user_android_key_store" value="true" />
    <string name="client_static_keypair_enc">[0,&quot;RxXF+xWb+g3ehcbEkcjZnB8LuGOdjkRalXXO3\/k+tSMafOsWdVc4qPj4Nw3BeuK8bhwcGYMKESeTBwg08bE2PTV0bdAv0WzICAlK+uUMdds&quot;,&quot;49Eq3P+yTuL7fON+&quot;]</string>
    <string name="server_static_public">qJWvSttNopqgQ2CgXYTc4jmSUKWd1Rv2QTMbQyYpKwY</string>
</map>
