<?xml version="1.0" encoding="utf-8" standalone="yes"?>
<map>
    <string name="com.whatsapp.registration.RegisterPhone.phone_number">9926384065</string>
    <int name="com.whatsapp.registration.RegisterPhone.country_code_position" value="-1"/>
    <int name="com.whatsapp.registration.RegisterPhone.verification_state" value="7"/>
    <string name="com.whatsapp.registration.RegisterPhone.input_phone_number">9926384065</string>
    <int name="com.whatsapp.registration.RegisterPhone.phone_number_position" value="10"/>
    <string name="com.whatsapp.registration.RegisterPhone.input_country_code">91</string> 
    <string name="com.whatsapp.registration.RegisterPhone.country_code">91</string>
</map>
