<?xml version='1.0' encoding='utf-8' standalone='yes' ?>
<map>
    <string name="server_static_public">qJWvSttNopqgQ2CgXYTc4jmSUKWd1Rv2QTMbQyYpKwY</string>
    <string name="client_static_keypair_enc">[0,&quot;rSMtUK0Rl+52+DjGwlbA8G52UAfzoLkIU1CIsT2G2zXGkbvPMBcuR\/C8imhdFQT0qqNV\/LbP3s+KZLz1MReLjOwdf2j6e9vNaBn27uE\/Ba0&quot;,&quot;ZgrSAU1zvnjLdUy\/&quot;]</string>
    <long name="client_static_keypair_enc_success" value="332" />
    <boolean name="can_user_android_key_store" value="true" />
    <string name="client_static_keypair_pwd_enc">[2,&quot;qknUPbqq83ayjhfoisVNMJckb0SMEkfasUaq9Py6EcJx0RCaFr758RmtRyB0op3Fhph97\/tfjn9tdgvs0MFK7w&quot;,&quot;zi0reRLCNIzYQv3bBdBwgg&quot;,&quot;zWi8aA&quot;,&quot;q4KuKHVPE\/QSX8zXrcHWgQ&quot;]</string>
</map>
