<?xml version='1.0' encoding='utf-8' standalone='yes' ?>
<map>
    <string name="client_static_keypair_pwd_enc">[2,&quot;L7v6crFxwzaSiB2m6BZWEcM0MFYBo78A73NwI8nJfpgSjlivTYSgv\/ZWLc3JbZytmRVXs9RZPY3WclKaGgRE9w&quot;,&quot;kZMYGLQnBodPARFZL3LSfw&quot;,&quot;EpBtzg&quot;,&quot;nt0Fvaj6mfoMQZ5xyOx\/8A&quot;]</string>
    <long name="client_static_keypair_enc_success" value="82" />
    <boolean name="can_user_android_key_store" value="true" />
    <string name="client_static_keypair_enc">[0,&quot;3BhoA+KndvTjFPJuWOn23cmr\/p+ccptzlNsJubVQsYgQqmgTucSv24bl4AW78lEA5zwts7lNMUhD7cdMprVUxoSdTiPBk3t+0Ud1szu\/flI&quot;,&quot;5Jh1QUzLq9CpBcxs&quot;]</string>
    <string name="server_static_public">M9brfa5ZRYf0eVsT7CQ+yBPOzEQO/eZ37RoA6DpvHFo</string>
</map>
