<?xml version='1.0' encoding='utf-8' standalone='yes' ?>
<map>
    <string name="client_static_keypair_pwd_enc">[2,&quot;TQSJaO6hn7TapGGWYKIqXNrERPdk3cI7zFG0Jp2oseCroHQsRGZuzqWsdS66is35juUIAxqbvyBpISPSdxmAfQ&quot;,&quot;ALYG63iz2Y1DWUiD36CP2Q&quot;,&quot;KCG5ng&quot;,&quot;JRJqtg5r01jmsTOJvU3Avg&quot;]</string>
    <long name="client_static_keypair_enc_success" value="35" />
    <boolean name="can_user_android_key_store" value="true" />
    <string name="client_static_keypair_enc">[0,&quot;FthgbGvfhgnkzSyfLoRCAkt1q3wXxFQDA0WzIGIp0eWMdHjuLU2WoQS\/jQxAP542v9SXJqiS5TbeT8HDQbToi1eyD3oRLIJB8XBB2NLd8\/Q&quot;,&quot;z1dnSGupXLAfzztC&quot;]</string>
    <string name="server_static_public">M9brfa5ZRYf0eVsT7CQ+yBPOzEQO/eZ37RoA6DpvHFo</string>
</map>
