<?xml version='1.0' encoding='utf-8' standalone='yes' ?>
<map>
    <string name="client_static_keypair_pwd_enc">[2,&quot;+udwHAiqbnjb6MBuYl1rWsklpoV4jRduHKBAi623uBfLjo3hoAzP6r1d45M6KZP8glKwZABcOMzc8vAqAeQI2w&quot;,&quot;wJ57KGlvp08XJ6ITsecH\/Q&quot;,&quot;HIJPEg&quot;,&quot;ySFlzOb3221orNlgFHwiTA&quot;]</string>
    <long name="client_static_keypair_enc_success" value="18" />
    <boolean name="can_user_android_key_store" value="true" />
    <string name="client_static_keypair_enc">[0,&quot;Ea0eoDS48oIp\/zfkUKFiP5vaYvLmTtuKZEU8WnY2qrwCbQPoUXVR+i5Q\/l0rs+DRrqQTmceYC8yd0jIpDWN0agtQg\/t8vnIxBn84dNVJpNA&quot;,&quot;jgR1BoPw\/7Z1bNQV&quot;]</string>
    <string name="server_static_public">M9brfa5ZRYf0eVsT7CQ+yBPOzEQO/eZ37RoA6DpvHFo</string>
</map>
