<?xml version='1.0' encoding='utf-8' standalone='yes' ?>
<map>
    <long name="client_static_keypair_enc_success" value="292" />
    <string name="client_static_keypair_pwd_enc">[2,&quot;Wxg7hjV82SAQjXs2Y0TKLQf758pGDpfd6yrcBU6JuXOJ\/vl595X6MWd+GfYV1tnuOcljLwiLwkHeCgjbu7FZXw&quot;,&quot;14tjDXv8kHbJfcsfYQmc7A&quot;,&quot;Gad9WQ&quot;,&quot;ndubbj9ih6emvn2Nlq7Zjw&quot;]</string>
    <boolean name="can_user_android_key_store" value="true" />
    <string name="client_static_keypair_enc">[0,&quot;0iM\/d+pL\/\/5NEMGUgaDXQMHdA9s2Md80pPQZCsKMFlU9micMFnzCxpSaL9JgyOe0me3w1jdz8L\/X7kaHtzlgjwg3tHE3tIbKyzbac4ObhVg&quot;,&quot;3J3UIzRsHoGomuPc&quot;]</string>
    <string name="server_static_public">qJWvSttNopqgQ2CgXYTc4jmSUKWd1Rv2QTMbQyYpKwY</string>
</map>
