<?xml version='1.0' encoding='utf-8' standalone='yes' ?>
<map>
    <string name="client_static_keypair_pwd_enc">[2,&quot;hboRDMKGONW1qGlY4p89YtZKuuwKGAsqYU\/hg4\/beuGQsSPUe5kdE6j7TYdfAIdfiL+PfbVrY1Ia3xtBiemKRw&quot;,&quot;BbGIAJsjo5LuiJSOjJ\/\/jQ&quot;,&quot;k0mfqg&quot;,&quot;A8zblR\/tizzJnGr6nYyiqw&quot;]</string>
    <long name="client_static_keypair_enc_success" value="27" />
    <boolean name="can_user_android_key_store" value="true" />
    <string name="client_static_keypair_enc">[0,&quot;KqBlapA49IxJ4o0VO9KUvXmYt4fto8pujay3KL2RRXQVYkBeA5piGX7+WaOZ8ugPO3od1hQoUIG4mLDbe9rsXVAMnqIauDiNyDn36tVJVU4&quot;,&quot;+HJSft8cRL+7rdso&quot;]</string>
    <string name="server_static_public">M9brfa5ZRYf0eVsT7CQ+yBPOzEQO/eZ37RoA6DpvHFo</string>
</map>
