<?xml version='1.0' encoding='utf-8' standalone='yes' ?>
<map>
    <string name="client_static_keypair_pwd_enc">[2,&quot;reJshc0nn5LOPLvj3fibcvie4AdhfZy2ZQvaYqbnXmstSKh8OYiySBpv\/BqqmxT9yjlxZHJDMG75gBJ9EyBJZQ&quot;,&quot;+2UOyQDWhLd08FgbcVhgVA&quot;,&quot;P9svtA&quot;,&quot;5heWbNa9Zd0Vqcic9c0Mvg&quot;]</string>
    <long name="client_static_keypair_enc_success" value="43" />
    <boolean name="can_user_android_key_store" value="true" />
    <string name="client_static_keypair_enc">[0,&quot;dsZyWppOW18jOZoQoWpXeGTu7+MO0U6L5I+vdfcdHuk8HZJHKS8E3MMPtEUVVC5W7CnjH1H50bML\/n7faGSDEb4Tw68H5sw9ebSf9E+m3YA&quot;,&quot;jYAtSZztfPJ06Ikg&quot;]</string>
    <string name="server_static_public">M9brfa5ZRYf0eVsT7CQ+yBPOzEQO/eZ37RoA6DpvHFo</string>
</map>
