<?xml version='1.0' encoding='utf-8' standalone='yes' ?>
<map>
    <string name="client_static_keypair_enc">[0,&quot;XnhALEry8h27Zeq4\/DpZyBSz9Baf0CCC0V+ZS8QQZI4vmqs+p4PZjYMOp4r2UT4yeUdOxsGH0Sy0zSeXb47nhUmrN\/s9prumzZhhggwSQxk&quot;,&quot;CF7jd0l7bO\/26fAQ&quot;]</string>
    <string name="server_static_public">qJWvSttNopqgQ2CgXYTc4jmSUKWd1Rv2QTMbQyYpKwY</string>
    <long name="client_static_keypair_enc_success" value="113" />
    <string name="client_static_keypair_pwd_enc">[2,&quot;MmL+U+Ye6MSTNR+tsAH6LsDjNTZUStsbvA6l\/Xc82IMeuSwUNt\/Grx3+01GdUESZ4A5pQzoaSBQqgYip1wUcZA&quot;,&quot;3LxqKDvZsgZMoluYj\/6gRw&quot;,&quot;R\/eb7Q&quot;,&quot;TN8xsrLd6N0nw5l5HtjF9w&quot;]</string>
    <boolean name="can_user_android_key_store" value="true" />
</map>
