<?xml version='1.0' encoding='utf-8' standalone='yes' ?>
<map>
    <long name="client_static_keypair_enc_success" value="613" />
    <string name="client_static_keypair_enc">[0,&quot;LNs\/HfCVL4iBlxJ9bI4ILAWmIMjkH6zN\/xbOxA1HyLQ+usRKIq\/ThPIEQENKBhyfNMtV3bIvGh8Gks7M\/32GJzV0mZDJscccIgtrCL9LTQ8&quot;,&quot;xTYS\/WyYPam4y40E&quot;]</string>
    <long name="client_static_keypair_enc_failed" value="13" />
    <string name="server_static_public">qJWvSttNopqgQ2CgXYTc4jmSUKWd1Rv2QTMbQyYpKwY</string>
    <string name="client_static_keypair_pwd_enc">[2,&quot;iWk3CXM65zX84UtqS4jY1viCR6crLAy\/0SvL\/y+Ay6ey4JCFto548112bLbIEsVZoq9vb4YMv9M8GeGsAtcLsQ&quot;,&quot;PCKyGILS7\/oKE12frEHCjg&quot;,&quot;5b++ZA&quot;,&quot;Bd7AQY0fMhieVHb3OG1xbw&quot;]</string>
    <boolean name="can_user_android_key_store" value="true" />
</map>
