<?xml version='1.0' encoding='utf-8' standalone='yes' ?>
<map>
    <string name="client_static_keypair_pwd_enc">[2,&quot;3xgIK2icFYE\/FiuZAEP8Os9HWKRETDx5N7qabn53QsllMjhSEd5Is2L3WpYx6ixMchuzWDSSA3ALgi1qjaLe2w&quot;,&quot;Pghdy8aLIXGaPReUqEwtWQ&quot;,&quot;nHe6Lw&quot;,&quot;5T1fprjEZAmtQDa7MxMuvA&quot;]</string>
    <long name="client_static_keypair_enc_success" value="148" />
    <boolean name="can_user_android_key_store" value="true" />
    <string name="client_static_keypair_enc">[0,&quot;Oldk512+6GjDJ+ijkLGMeZvdWon2Ce6YSo++74IE0TTr5znSAyJqF60Jz0PxoXB6A\/21w964fHD3382JHhztMslNKhvcGoVMrp\/sBwO9F+A&quot;,&quot;Ini2kiYDs3IVITxb&quot;]</string>
    <string name="server_static_public">M9brfa5ZRYf0eVsT7CQ+yBPOzEQO/eZ37RoA6DpvHFo</string>
</map>
