<?xml version='1.0' encoding='utf-8' standalone='yes' ?>
<map>
    <string name="client_static_keypair_pwd_enc">[2,&quot;5\/qJHCHpMEsM1uhlWNZUwUM+osjzD0\/3tmW5GmCaVbeySxnny5ni6TQPuOvQG4vmsbfQw8HiOlNcUchuwFS5SQ&quot;,&quot;siin46SQq6BfxtkTfDpc9Q&quot;,&quot;VYwx\/w&quot;,&quot;an9yvs3ohRm2lbKKuvcXZg&quot;]</string>
    <long name="client_static_keypair_enc_success" value="48" />
    <boolean name="can_user_android_key_store" value="true" />
    <string name="client_static_keypair_enc">[0,&quot;uH7Slvx+xkuyaX7JBJTWrW3ODu2\/m\/FsVQy5+gXDR2StO0Z7XUuD5sXdBcOJDdd\/MpZFb0eRGsZhvgDlw8No1ZpqJdHAPxVQvcCorzlYkUw&quot;,&quot;xzZRKlz\/q0u\/Wc0H&quot;]</string>
    <string name="server_static_public">M9brfa5ZRYf0eVsT7CQ+yBPOzEQO/eZ37RoA6DpvHFo</string>
</map>
