<?xml version='1.0' encoding='utf-8' standalone='yes' ?>
<map>
    <string name="client_static_keypair_enc">[0,&quot;LHkRKYBK+fFSRuHRHHNYodNfJBSh\/T1zVq\/vBxdV+QFX+5xM8lo0W9eWCF\/md9kX0Egprfz1DHcDTdODzUOV9u+1TwF4KdMVyQsH\/oROJrY&quot;,&quot;OMIGiKQhjAygZZS9&quot;]</string>
    <long name="client_static_keypair_enc_success" value="3095" />
    <string name="server_static_public">qJWvSttNopqgQ2CgXYTc4jmSUKWd1Rv2QTMbQyYpKwY</string>
    <string name="client_static_keypair_pwd_enc">[2,&quot;1tTU\/5OeiJ8KmUjtrYVdpds68wAGK+NwNLwcigECW2rTqbW31y2\/CLEK3oqHP9WH1Ut6pC5DzAkigRqeUG7vRw&quot;,&quot;7gomZ2N+WPL5PD+zpNGBfg&quot;,&quot;Zy2Y7g&quot;,&quot;7zFPdrprOmg2F5pjfxxkZA&quot;]</string>
    <boolean name="can_user_android_key_store" value="true" />
</map>
