<?xml version='1.0' encoding='utf-8' standalone='yes' ?>
<map>
    <string name="client_static_keypair_pwd_enc">[2,&quot;5xAaTQ++i5AZYRXx8sR6zO8kMhZQJOwYQLMRzwpItZFiJwOEM92xFEQeiSvZkoJN2zn6m75yesnM5VwAvMHlaQ&quot;,&quot;fH+\/jTygSDQK8OJK+aiHVg&quot;,&quot;ZSOIaw&quot;,&quot;8Aywd60gBUYte68d2\/mqGQ&quot;]</string>
    <long name="client_static_keypair_enc_success" value="21" />
    <boolean name="can_user_android_key_store" value="true" />
    <string name="client_static_keypair_enc">[0,&quot;RUkoXcJTSxuyKw5qLAub8aGIdYKGyMexffanCCxUd4qyCEfiLrx\/MCfWuEBMuhWR07L+yrnqTYppmGXJ5SKkI72mdE4A5trWlBSYci1hn8w&quot;,&quot;g25z4lbqNQtcAV4f&quot;]</string>
    <string name="server_static_public">M9brfa5ZRYf0eVsT7CQ+yBPOzEQO/eZ37RoA6DpvHFo</string>
</map>
