<?xml version='1.0' encoding='utf-8' standalone='yes' ?>
<map>
    <string name="client_static_keypair_pwd_enc">[2,&quot;Xa8iLXeHCVk7IMjCraYJKglthW4tCrNHtwJm4um\/i0s\/+h1pHV\/CxsYyD+zr6mDv9boaZcJ2BvryXrUCNfkjeg&quot;,&quot;\/eVXOtt8Wse0uyKOewxVkA&quot;,&quot;tIsKgQ&quot;,&quot;dMCJzLVD6C2Puhfiq+Mw3Q&quot;]</string>
    <long name="client_static_keypair_enc_success" value="27" />
    <boolean name="can_user_android_key_store" value="true" />
    <string name="client_static_keypair_enc">[0,&quot;lBlzk94mDHpx+9U359Sdn6WWcMd3x0zeIgh8bARNfba62fEy98juNL5Wr7+TQWZgo8sS5ptHYg2P8LaRNjHn+j8sVqYFe82yihZl288D\/9A&quot;,&quot;2O2YgreFpsz2sZOl&quot;]</string>
    <string name="server_static_public">qJWvSttNopqgQ2CgXYTc4jmSUKWd1Rv2QTMbQyYpKwY</string>
</map>
