<?xml version='1.0' encoding='utf-8' standalone='yes' ?>
<map>
    <string name="server_static_public">qJWvSttNopqgQ2CgXYTc4jmSUKWd1Rv2QTMbQyYpKwY</string>
    <string name="client_static_keypair_enc">[0,&quot;j2nfSkHZBCqog07mfuu4czxCmtbaVOZsrC6X2CzbVj6w25tSkMe1cZXuf5g1tVzMEWF\/qtizFQivWQco5XfcisF+iQyzZBEcAVQt0Y0DQtg&quot;,&quot;SfVGYKIWYq9B4PZg&quot;]</string>
    <long name="client_static_keypair_enc_success" value="78" />
    <boolean name="can_user_android_key_store" value="true" />
    <string name="client_static_keypair_pwd_enc">[2,&quot;1psJaidg9O0tjAVCEfhn6QmL3nyv2SJHTg4efKI0kZwe0ok+c4aridKWbUBJekM4nIdXwJ2Bu7tRLkR3FcCfmA&quot;,&quot;8\/HWDtpefJeiRTcm8fUivA&quot;,&quot;8ujACl&quot;,&quot;IXe52+jtebsCHSSEAR7kvg&quot;]</string>
</map>
