<?xml version='1.0' encoding='utf-8' standalone='yes' ?>
<map>
    <string name="client_static_keypair_pwd_enc">[2,&quot;Dc3HpVBHhZHEtmPaAWiHVLshqyz2SbJy0hPAU6lsScBRROwckyzM8kNkRndltDbfvO\/IVOO7wR8jQADyCS5r8w&quot;,&quot;Ns9vy58Wj68ubLHgVG2aZw&quot;,&quot;aVOMSQ&quot;,&quot;jOLFVAd\/IOCsl7nTQaWknQ&quot;]</string>
    <long name="client_static_keypair_enc_success" value="2" />
    <boolean name="can_user_android_key_store" value="true" />
    <string name="client_static_keypair_enc">[0,&quot;lNitqWJeKNw1bcGYIDsxoXlKU+YVW5v1rtstcs8cJOyTcQIRgkxylEMlCseIDSq0fsWFvU0dWz93umMif7HMSMNC2pd+BfBY1SvL48\/TOfM&quot;,&quot;YZn0py+NWwNkHCH9&quot;]</string>
    <string name="server_static_public">M9brfa5ZRYf0eVsT7CQ+yBPOzEQO/eZ37RoA6DpvHFo</string>
</map>
