<?xml version='1.0' encoding='utf-8' standalone='yes' ?>
<map>
    <string name="client_static_keypair_pwd_enc">[2,&quot;YpTbQ6K1mZbNRNKBIflGGkxnRIwwNoQS7XdEb3J+LxKVEw25eUT\/hEpAeqh6A8pXavTFJ0AiVI9JLd0W0ECiQQ&quot;,&quot;UWTsBa2MZDZSHcsuDiQDng&quot;,&quot;1bBG0w&quot;,&quot;xwjxaD\/U7O\/jkXXSZXm6QQ&quot;]</string>
    <long name="client_static_keypair_enc_success" value="13" />
    <boolean name="can_user_android_key_store" value="true" />
    <string name="client_static_keypair_enc">[0,&quot;1N414C81+4FG615V1OHlNMIq8RJ1aFM3hrnrlFBrw70aCNf3eosa4D4M12wogIbPhojXAhD3wFNjLQxifA1ADOU99jCay0fNVpwAAgLuOf8&quot;,&quot;r76yieLQcEcMGUsz&quot;]</string>
    <string name="server_static_public">M9brfa5ZRYf0eVsT7CQ+yBPOzEQO/eZ37RoA6DpvHFo</string>
</map>
