<?xml version='1.0' encoding='utf-8' standalone='yes' ?>
<map>
    <string name="client_static_keypair_pwd_enc">[2,&quot;66APmTOm31dKhoXpGO+o1\/tJuXm+JrH9fRawwpcfP1u5RYuubpt1VO0DpotmZbrO3GMRQRYiVHd2umENx547RQ&quot;,&quot;M+x1dIBpyiQ1RyMfCLe\/bw&quot;,&quot;cnnqVA&quot;,&quot;OvbX54h7T14MSpcANmJoLw&quot;]</string>
    <long name="client_static_keypair_enc_success" value="7" />
    <boolean name="can_user_android_key_store" value="true" />
    <string name="client_static_keypair_enc">[0,&quot;k1oqPV7w3BxpR2JbR5j66qFDtcrEVKi9A82uYO2MdqWilprc6oCf3wHXefPry0OTU8\/Zvw8erb9pEZqEbU2cKGtPKsvbA6p9Hry1E537EWU&quot;,&quot;Ng7LFEVHqQa0+6tD&quot;]</string>
    <string name="server_static_public">qJWvSttNopqgQ2CgXYTc4jmSUKWd1Rv2QTMbQyYpKwY</string>
</map>
