<?xml version='1.0' encoding='utf-8' standalone='yes' ?>
<map>
    <string name="client_static_keypair_pwd_enc">[2,&quot;+TYG6AH\/XcEyoValuWV\/6hBiVlboUbm59WWqAWQjQHzy\/SlNMhK2OqjRmdkBYUnaCLbHhDrzv+jCm3rK24MbVw&quot;,&quot;hbTttjqL3KWGRoXi4wXmBg&quot;,&quot;7VB\/lA&quot;,&quot;nf9EKIVktLLwO+84fb\/3qA&quot;]</string>
    <long name="client_static_keypair_enc_success" value="686" />
    <boolean name="can_user_android_key_store" value="true" />
    <string name="client_static_keypair_enc">[0,&quot;ntrq09FEAsXwcEUCfwRFyAPc1zuz419oyu8OhPLte4vO\/Fui4T50QmDqBrVe2SWSw\/lVqjBYnND5eJXWRtl6wZQIdeUmOO\/1o7LKt8\/hJBE&quot;,&quot;Mv2QVRdjTGhzfsCR&quot;]</string>
    <string name="server_static_public">qJWvSttNopqgQ2CgXYTc4jmSUKWd1Rv2QTMbQyYpKwY</string>
</map>
