<?xml version='1.0' encoding='utf-8' standalone='yes' ?>
<map>
    <long name="client_static_keypair_enc_success" value="644" />
    <string name="client_static_keypair_enc">[0,&quot;l5bWzmiDE80nuHPEBkcsOX2eRpoer\/agoSpGvomrCfqDr7NCK7Jq\/poWq6TGRkpo+sMPPtOFaFpcUKwBcMcBLi0zf8WOo7k7As+y5Bu1y5M&quot;,&quot;aFp7bbFItiQaUW2t&quot;]</string>
    <string name="server_static_public">qJWvSttNopqgQ2CgXYTc4jmSUKWd1Rv2QTMbQyYpKwY</string>
    <string name="client_static_keypair_pwd_enc">[2,&quot;pjAM77FDmNUgNkb5\/zSEciHiv\/DZXnHAoMBbprVctfZQsAXaQVQwJ6FSBNx7r8sIsDsLYc77Hi4bCaNqG1LeSA&quot;,&quot;MuG2025gYEHGlgcDaiKhig&quot;,&quot;lnxgEy&quot;,&quot;UKZ1+FXWvqu7ahK\/DYToMg&quot;]</string>
    <boolean name="can_user_android_key_store" value="true" />
</map>
