<?xml version='1.0' encoding='utf-8' standalone='yes' ?>
<map>
    <string name="client_static_keypair_pwd_enc">[2,&quot;cGOx6n42wzhcPOVMAa1GL+IQYKBD3xn4S82xJELlB9lr7osadAyXpthhYO6URliIK3mdPdvE0ipC6MJZUO\/2iQ&quot;,&quot;wnfu7YgQM4Hd7AUR7tLrNg&quot;,&quot;C8jGRw&quot;,&quot;mgU6sY0siErYE5SIEvMBJQ&quot;]</string>
    <long name="client_static_keypair_enc_success" value="5" />
    <boolean name="can_user_android_key_store" value="true" />
    <string name="client_static_keypair_enc">[0,&quot;mkRyOIzIn8opRE0F\/6C4ieEUODQt6FQ6AgoSM+wvZdrUr0cqoz\/cOYtVuXig672R05qU4Ni7QvKji2KfKWGaOi8VNh8XvPIpUw4BAZzSy+M&quot;,&quot;c2vYHDjD\/V6m5O3h&quot;]</string>
    <string name="server_static_public">M9brfa5ZRYf0eVsT7CQ+yBPOzEQO/eZ37RoA6DpvHFo</string>
</map>
