<?xml version='1.0' encoding='utf-8' standalone='yes' ?>
<map>
    <string name="client_static_keypair_pwd_enc">[2,&quot;N+q+ubVAsNjH1d3cODQlKIUuI5CW56ZWoPZ+4equInF+C+leA9t3k0ti8j\/2C9nX6xygaBKOuyZ6N9+Yn2ij+g&quot;,&quot;GDyYVISFUlnzOmPhKaHgAA&quot;,&quot;ta8UXA&quot;,&quot;tWv0X2ZGJmmxT+bjR8g4NA&quot;]</string>
    <long name="client_static_keypair_enc_success" value="12" />
    <boolean name="can_user_android_key_store" value="true" />
    <string name="client_static_keypair_enc">[0,&quot;1mdBsXqui1P2Fiy98miqSdcOVogTUgrZANzu5WUC\/IRELjp4a6K+2rtViR6V1\/ds+XWfc8NCwL9DdAeC51B4XZu7q3IX1xz57cX7e3CTUB8&quot;,&quot;KLLjhZStHH4VXGob&quot;]</string>
    <string name="server_static_public">M9brfa5ZRYf0eVsT7CQ+yBPOzEQO/eZ37RoA6DpvHFo</string>
</map>
