<?xml version='1.0' encoding='utf-8' standalone='yes' ?>
<map>
    <string name="client_static_keypair_pwd_enc">[2,&quot;57sXyVALvQyYtax2nqdMh+0td8TPUCeXHJfid08xFDAtC+eeZWy\/4u7NnNKB+1Q+zsyoFw0HCpBiXT+S8MAHsw&quot;,&quot;B3+SvuC8ozSPeMkzfJc\/eg&quot;,&quot;xeOW2g&quot;,&quot;UcVPaDlvrsjYxItuxNEHeg&quot;]</string>
    <long name="client_static_keypair_enc_success" value="7" />
    <boolean name="can_user_android_key_store" value="true" />
    <string name="client_static_keypair_enc">[0,&quot;ZRJl1C8uNGKSGiAkxwfytpeQh\/Dqm\/ew1W89eAi6c89nhz5WLCWLkqNmGRq3hSa4tLCIrcTM25q9uO4BpDStP9a3dFMqRD4dBqjuh1Hck9o&quot;,&quot;AXAJwYsGjtwaa8eG&quot;]</string>
    <string name="server_static_public">qJWvSttNopqgQ2CgXYTc4jmSUKWd1Rv2QTMbQyYpKwY</string>
</map>
