<?xml version='1.0' encoding='utf-8' standalone='yes' ?>
<map>
    <string name="client_static_keypair_pwd_enc">[2,&quot;3ppsWwOV\/+vBrGF1V2IGKvhtoJilHnQ4qtEZJXR2CQudhQP\/QN0qzz8hzqRviWTefbX08\/DI5+BDM4uO77YSyg&quot;,&quot;cFkV9+iopifUB\/Hnetng+A&quot;,&quot;FdQP7g&quot;,&quot;wyTXnvWjQP0JY7Mzm7X4sg&quot;]</string>
    <long name="client_static_keypair_enc_success" value="3876" />
    <boolean name="can_user_android_key_store" value="true" />
    <string name="client_static_keypair_enc">[0,&quot;1IqentNazBoEnHxk38rRdnJK7\/4+1WWmXGNHuOlCWVY3xYEzoVv+TmvF9jGnxEHZqBA8v8lpgDvQ4gvq7snChdt7qM6fsaJ2wS\/fzOaaGUE&quot;,&quot;VJezoXXyv1Ww1doK&quot;]</string>
    <string name="server_static_public">M9brfa5ZRYf0eVsT7CQ+yBPOzEQO/eZ37RoA6DpvHFo</string>
</map>
