<?xml version='1.0' encoding='utf-8' standalone='yes' ?>
<map>
    <string name="client_static_keypair_pwd_enc">[2,&quot;POVOaQbxJsYHQmOOltunMRPXIDhxOcpv07qI4afCpS8rYHY3RtNWTBLw1LZpwXTOrfDyfeCR+nqpE\/PYUoPEmA&quot;,&quot;dLusmPol5BCyv1jAj09tDw&quot;,&quot;nfxK3A&quot;,&quot;RkypH6DBf9UA7qdXo+vC0g&quot;]</string>
    <long name="client_static_keypair_enc_success" value="85" />
    <boolean name="can_user_android_key_store" value="true" />
    <string name="client_static_keypair_enc">[0,&quot;HuA4xmB25WNhr1SKaMziVTcDXjVn7UyucAB4ZV6217OOyKVGrbDodtw5a\/x4NhfEizlbuB84KemI7JOgavT3fTFy2d8qkF\/dWy6zrIglylo&quot;,&quot;Wq6K3wzpTU9kb+Ay&quot;]</string>
    <string name="server_static_public">qJWvSttNopqgQ2CgXYTc4jmSUKWd1Rv2QTMbQyYpKwY</string>
</map>
