<?xml version='1.0' encoding='utf-8' standalone='yes' ?>
<map>
    <string name="client_static_keypair_pwd_enc">[2,&quot;c8UIqduyZgokhsCxY2IUIzlqxwvV7F1JEanSXj5C3lS+OuE0vDjVa\/0DFEXp7zYohF21VfhvjzojpQGIhQv\/XA&quot;,&quot;LAUVGjplEgl5xioZfh2mtA&quot;,&quot;Bn3Xgw&quot;,&quot;mh6cyaytjAkSP9c\/kJytZA&quot;]</string>
    <long name="client_static_keypair_enc_success" value="10" />
    <boolean name="can_user_android_key_store" value="true" />
    <string name="client_static_keypair_enc">[0,&quot;LSVtGPyrLfIY2xQV65Ra\/yx85RaYW1tpS8FKwUIlQu9SAEsaD6Y1nx10fBGLCWV9BHhZgwZ8GIdbZnVIAYFUF44vD\/H7tUoNEBfIhy2d\/a8&quot;,&quot;AoTLyQXFRh8FJ5Pv&quot;]</string>
    <string name="server_static_public">qJWvSttNopqgQ2CgXYTc4jmSUKWd1Rv2QTMbQyYpKwY</string>
</map>
