<?xml version='1.0' encoding='utf-8' standalone='yes' ?>
<map>
    <long name="client_static_keypair_enc_success" value="55" />
    <string name="client_static_keypair_pwd_enc">[2,&quot;3kIA2+VaY\/4RWBZ8qQAQ\/kHojS7Nctflv9BiLvCROQFthivqfjS8Xz89BNtvoCrblrs246P+kaifUVcGH4JZsA&quot;,&quot;J0q4JE6JG3q+\/gj+syxyJA&quot;,&quot;Jrg+XQ&quot;,&quot;MJAV8xcH6M35qLT7qHsegg&quot;]</string>
    <boolean name="can_user_android_key_store" value="true" />
    <string name="client_static_keypair_enc">[0,&quot;RAAVxxIe3v1fcpCewIEnaImYMcAQO7V90wZNQJ+KLk8+8KxD+KNS2ISrQ2SyJRE\/vbdJHT2SPcT2TMEUpldUvhft\/7zC6C1lTKoSgo27f0k&quot;,&quot;lDDHVR3etzPfoCVu&quot;]</string>
    <string name="server_static_public">M9brfa5ZRYf0eVsT7CQ+yBPOzEQO/eZ37RoA6DpvHFo</string>
</map>
