<?xml version='1.0' encoding='utf-8' standalone='yes' ?>
<map>
    <string name="client_static_keypair_pwd_enc">[2,&quot;82NXy7zhLECw\/qwIhIcr4eFxS7mfIGRj9nItUEHxDoTGCkG\/idk\/\/cbFDZ3IZbU+K46SVvHQ4Czh6OBH\/efcEg&quot;,&quot;l1t5k6DgrdlBc96YsdK\/7w&quot;,&quot;1+RqLA&quot;,&quot;6NTcZHoknaWfSJojGLdd\/Q&quot;]</string>
    <long name="client_static_keypair_enc_success" value="59" />
    <boolean name="can_user_android_key_store" value="true" />
    <string name="client_static_keypair_enc">[0,&quot;wrHnfLdxlMmueaKVs67N0nrXfZcIkYOTJi+5tsOWK\/AMNdQ3tmh3mKXdUE5w9cBRuO8Ifm1WvEvWDzPHkm8wNzUDPUkA6kL96PPwclNuU5o&quot;,&quot;jlevSIe+fl2N95ue&quot;]</string>
    <string name="server_static_public">qJWvSttNopqgQ2CgXYTc4jmSUKWd1Rv2QTMbQyYpKwY</string>
</map>
