<?xml version='1.0' encoding='utf-8' standalone='yes' ?>
<map>
    <string name="client_static_keypair_pwd_enc">[2,&quot;pzcUvVMB3cQx+19PUgQRr0HNTuMSh6tfhuJ4sehHxShrHuaRFxhu55fp+aEUQAvcTddNJXs\/vjmTa9sfmvXJBQ&quot;,&quot;T2+iYYR2W3PVCIxtK8Cn7A&quot;,&quot;pcGLuA&quot;,&quot;M26tBfLarCgkPcBizg+KCQ&quot;]</string>
    <long name="client_static_keypair_enc_success" value="17" />
    <boolean name="can_user_android_key_store" value="true" />
    <string name="client_static_keypair_enc">[0,&quot;lfFUt7npSdFI0OdqZcMrMMwc9barHlLWv89v9rkfDtkpDzV9cAN4mNpzdX8JCbFcsiIdtLUidfu8s7saDvgRP2mQwEKshqkPYz+HE2na9+k&quot;,&quot;CavXlhkuE2MQdAAq&quot;]</string>
    <string name="server_static_public">qJWvSttNopqgQ2CgXYTc4jmSUKWd1Rv2QTMbQyYpKwY</string>
</map>
