<?xml version='1.0' encoding='utf-8' standalone='yes' ?>
<map>
    <long name="client_static_keypair_enc_success" value="93" />
    <string name="client_static_keypair_enc">[0,&quot;HqTQNOPqhxcpLNroH6kqbARV80KH4tLtzw8AitphaSo\/zqi7uyeOHBUwZ+9uOtkxYYKJtLfGKokRAYmcqe3tVXHt+aFs5g84Fyf6C3Gad6M&quot;,&quot;KmH9CbyiQTMPmh9t&quot;]</string>
    <string name="server_static_public">qJWvSttNopqgQ2CgXYTc4jmSUKWd1Rv2QTMbQyYpKwY</string>
    <string name="client_static_keypair_pwd_enc">[2,&quot;Xv8U9N3FFHoZjqJqyF3\/u2TJtDHqWJcyP773VxYcDP1hvLR4w1h3NnYqW6MlpTnUSKNTfR\/9v1oI4IogCu4+Bg&quot;,&quot;znjZz3ObaSqanohWBgtcTg&quot;,&quot;knrHcA&quot;,&quot;DUbn0DEzIO9kQCR19F9SYQ&quot;]</string>
    <boolean name="can_user_android_key_store" value="true" />
</map>
