<?xml version='1.0' encoding='utf-8' standalone='yes' ?>
<map>
    <string name="client_static_keypair_pwd_enc">[2,&quot;OhaNAciebX5QMbFwn9IRyc6ES0DqROxzNU7X\/EOBYY4RMCWG\/eXGVFcCgzygDcWP21HPi0e3MksLk0OT6w2XOQ&quot;,&quot;CiIx3X2ycC51f5uF7jv9gA&quot;,&quot;oVH59w&quot;,&quot;zFt\/08wV4DNOSCmLe\/gLdA&quot;]</string>
    <long name="client_static_keypair_enc_success" value="4" />
    <boolean name="can_user_android_key_store" value="true" />
    <string name="client_static_keypair_enc">[0,&quot;Pkr+fD36mE6F1tt7uyWGAXvJwiMkZ\/\/WMvHHqncpX0KHH4IEv0fG+A329qmrC04MDm8VnxaOTQIJN4Q58iKrOgoSdkj8hHejGlRRRFd28kQ&quot;,&quot;niEbxrPLp3Flmy+s&quot;]</string>
    <string name="server_static_public">M9brfa5ZRYf0eVsT7CQ+yBPOzEQO/eZ37RoA6DpvHFo</string>
</map>
