<?xml version='1.0' encoding='utf-8' standalone='yes' ?>
<map>
    <string name="client_static_keypair_pwd_enc">[2,&quot;SKUSqoEtkEqhBn06NHODuy++WrHXys4NF4Q2hOfy+xssoSxd\/sVbYY236JrfQZvcqzkGDIRaLF8MTS9zp6UJ2Q&quot;,&quot;IRXKU0seAxe7Gpx4qppCgQ&quot;,&quot;XL+olg&quot;,&quot;olEebgHvwMVfxOYrqXTOlQ&quot;]</string>
    <long name="client_static_keypair_enc_success" value="448" />
    <boolean name="can_user_android_key_store" value="true" />
    <string name="client_static_keypair_enc">[0,&quot;rUolm22fHo+a3fXOcZpb88PkyzRRjel2i3ZOH+sZzkdrxgKlWITd\/B9O\/PAk97o47FENQGxyGz+C6jOmb\/w+FS\/qaWaEomBc6Z43Ww0x0CM&quot;,&quot;UWJ8mkNEkb64MPBm&quot;]</string>
    <string name="server_static_public">qJWvSttNopqgQ2CgXYTc4jmSUKWd1Rv2QTMbQyYpKwY</string>
</map>
