<?xml version='1.0' encoding='utf-8' standalone='yes' ?>
<map>
    <string name="client_static_keypair_pwd_enc">[2,&quot;bGzGJ0VuI2yCNTNw43ZB81Df7nuDwjUUhb1zguVvofyELEBS1S053CJ71Bko9FLql6sTSjv8DmXBkZch+AaKtA&quot;,&quot;Q2l3FttZZ0ROLRJjjndCZQ&quot;,&quot;TSkbtg&quot;,&quot;nNPp05du8I\/mHsusJjOx7g&quot;]</string>
    <long name="client_static_keypair_enc_success" value="10" />
    <boolean name="can_user_android_key_store" value="true" />
    <string name="client_static_keypair_enc">[0,&quot;HpnXAWN3fb5wRVvClGzvsw3qknj6Z23VDmZnpDDvez5peM7B83D9X79ASqLc07COBfvKk6IMOnuxNeT9PMishYxp9jlehlVba4lebn3DTXM&quot;,&quot;Z2QR5KwmZOdWjJ9v&quot;]</string>
    <string name="server_static_public">M9brfa5ZRYf0eVsT7CQ+yBPOzEQO/eZ37RoA6DpvHFo</string>
</map>
