<?xml version='1.0' encoding='utf-8' standalone='yes' ?>
<map>
    <string name="client_static_keypair_pwd_enc">[2,&quot;jabiNqddEh9qVSMBvwVxJk4jK1WxLCf9hys+ryM9r7xrwWKE83iCxJ0BCaYX1gZf6AM5TqwUhW4UORcx4Khlsg&quot;,&quot;nsBo0DPUijNb4zQByptRgA&quot;,&quot;4+7lSQ&quot;,&quot;dc4iTojM5e0IOHbP5\/qu1A&quot;]</string>
    <long name="client_static_keypair_enc_success" value="30" />
    <boolean name="can_user_android_key_store" value="true" />
    <string name="client_static_keypair_enc">[0,&quot;oplqc+zBv2w6tvinVFNPId\/Yov\/mkHnA6HqxDfyXSBe\/pZc9Wm+9F7Qu9tM2aXfZTBZJIVJ0CPqlnBjTrWcBdIDksbjIKqU89uq1spk5D0k&quot;,&quot;NP+RFzYNhsgur6G0&quot;]</string>
    <string name="server_static_public">qJWvSttNopqgQ2CgXYTc4jmSUKWd1Rv2QTMbQyYpKwY</string>
</map>
