<?xml version='1.0' encoding='utf-8' standalone='yes' ?>
<map>
    <long name="client_static_keypair_enc_success" value="63" />
    <string name="client_static_keypair_enc">[0,&quot;+IpS7cxsJ9okGiEb0ylbdRHJI4HlTHEOx\/aXL8NAWkPCTGe1sNYhgd3CyOG3mS\/jvPVOvdezBo+cSPpHoUpO1hwaAIhPpQRxds6tZmhjpVA&quot;,&quot;ZAF5iYWw\/Z26kFJc&quot;]</string>
    <string name="server_static_public">qJWvSttNopqgQ2CgXYTc4jmSUKWd1Rv2QTMbQyYpKwY</string>
    <string name="client_static_keypair_pwd_enc">[2,&quot;5O9J4VuXyr8vebMFt6yzl1mQhE4X5QxzaXibcajtg7sIfqhTzDfBftRlbFa01bu3LcrFf4fsFZ8ldGbXm2a6rw&quot;,&quot;M4QWRtoLcSl\/I8J+xqQKCQ&quot;,&quot;BWyk9A&quot;,&quot;4RQwMJfOiSYgEDif7HzpYA&quot;]</string>
    <boolean name="can_user_android_key_store" value="true" />
</map>
