<?xml version='1.0' encoding='utf-8' standalone='yes' ?>
<map>
    <string name="client_static_keypair_pwd_enc">[2,&quot;+rlPv7P765HQkftsJdl2eKktCz7SzhaRI7XZYCGHqbHYYDu4KpFWEMFl6FrPSjgLg48F8x8cIY7yWs3862M\/ww&quot;,&quot;Rpwrgt0C2cmv9LfvGE3MxQ&quot;,&quot;xORjKQ&quot;,&quot;Vo7qkib7+G1+00+nZbYbwQ&quot;]</string>
    <long name="client_static_keypair_enc_success" value="18" />
    <boolean name="can_user_android_key_store" value="true" />
    <string name="client_static_keypair_enc">[0,&quot;AeQewc5cPtQDqgmB3IGhSeS16fwWD2ixzSkmquk\/DHtpjdVUxQzWzBZEHOYia4Hnz+VzLYYPCMO3tndzHqbEeqtQ5IQSaZNujikNxeHheqc&quot;,&quot;cYSxXXMwMDcDr1JU&quot;]</string>
    <string name="server_static_public">qJWvSttNopqgQ2CgXYTc4jmSUKWd1Rv2QTMbQyYpKwY</string>
</map>
