<?xml version='1.0' encoding='utf-8' standalone='yes' ?>
<map>
    <string name="client_static_keypair_pwd_enc">[2,&quot;c1K5mc7l9YDby+jhzhA6sjP1syIaj3qLZ5RMRclRm0dnwQiIuPPOOT33v8\/pLsiy9H9eEsoe46qjeEyhmiV7Rg&quot;,&quot;x9eaggHypbdh3FIOphwyfA&quot;,&quot;wbHWdQ&quot;,&quot;ZvI6MWcJrmwh8VSy\/MdMjw&quot;]</string>
    <long name="client_static_keypair_enc_success" value="81" />
    <boolean name="can_user_android_key_store" value="true" />
    <string name="client_static_keypair_enc">[0,&quot;dv4YsNShuK1aZmOloyU+O5rIu+VcA\/TbTI3gJ5fTQ1v\/bCbWeTJs90QZg7aFXrs6dpwGwbgvS2VSX\/lJPhJFmjuRaIqrKVPykguHjdrqPaM&quot;,&quot;bzE5awOQoxj2sDTz&quot;]</string>
    <string name="server_static_public">qJWvSttNopqgQ2CgXYTc4jmSUKWd1Rv2QTMbQyYpKwY</string>
</map>
