<?xml version='1.0' encoding='utf-8' standalone='yes' ?>
<map>
    <string name="client_static_keypair_pwd_enc">[2,&quot;Ntre0\/O95Lcup9znHfVEYdY2KMlMfelMpT6e4Xd3Ic83PyQv3Q2AXewvIVKL\/dPgb\/fDJ+W\/IoX2qTrWvIQ3zA&quot;,&quot;1QNkXWMtT\/cVQc\/bbSC+NA&quot;,&quot;6K2+cg&quot;,&quot;q281OcHOSW3j4a8y1cAoPw&quot;]</string>
    <long name="client_static_keypair_enc_success" value="1" />
    <boolean name="can_user_android_key_store" value="true" />
    <string name="client_static_keypair_enc">[0,&quot;05arzLfhTbVlsFZt09fYD+lGQTbJOrNP7dTodzJjsClQZEAgQ0K8LvFZTcuKuA4WDp287\/NJdmjCgSnD6RFHuV7mlQjph+ao+0GxqC6FvNQ&quot;,&quot;BZsuNWsahaNS7Wyg&quot;]</string>
    <string name="server_static_public">qJWvSttNopqgQ2CgXYTc4jmSUKWd1Rv2QTMbQyYpKwY</string>
</map>
