<?xml version='1.0' encoding='utf-8' standalone='yes' ?>
<map>
    <string name="server_static_public">qJWvSttNopqgQ2CgXYTc4jmSUKWd1Rv2QTMbQyYpKwY</string>
    <long name="client_static_keypair_enc_success" value="52" />
    <string name="client_static_keypair_enc">[0,&quot;Tj5lH5b7EN8QCQCqPTgcQ9\/l8VC2noyFRZDkQ+U76FWONxUO4XqGHJOcrzv8kf7BGDQ6cFeXmQTiJXlO2C\/k7X3zjibF8VWL\/2Z6vfB\/fF4&quot;,&quot;cak6rIfUDGbD6vmX&quot;]</string>
    <string name="client_static_keypair_pwd_enc">[2,&quot;qYnYbiz2SblfqIhMDs2nOWeQUY+cHrP8KxtPDP3sb6mpenVbfh49G6vV9cIlJ6MosJXBqE888tEJR0\/IssbikA&quot;,&quot;w1SjPELlxElmKct6ar\/tFA&quot;,&quot;nTIgEQ&quot;,&quot;K+VTvRhh4kc2K8PhCIL+Bw&quot;]</string>
    <boolean name="can_user_android_key_store" value="true" />
</map>
