<?xml version='1.0' encoding='utf-8' standalone='yes' ?>
<map>
    <long name="client_static_keypair_enc_success" value="463" />
    <string name="client_static_keypair_pwd_enc">[2,&quot;41B4n1SBaSHmeAIBcaJRCc\/7jr1aHXGORRDWPb6IUW0ywixE0+wv6Mkgx+OC1vcnVoeSKEU7HtHj4PVxDqV9Mw&quot;,&quot;LCfd47lgoPKFlOVGeDgedw&quot;,&quot;a5zgHQ&quot;,&quot;Y3AHmAYc8rrZrYIVIoneqw&quot;]</string>
    <boolean name="can_user_android_key_store" value="true" />
    <string name="client_static_keypair_enc">[0,&quot;SkWFnmHiYrUM\/zEk2dHioTggPI+WlApfFEYpG+YEAPFj4X4tUjC90BAbEzjOyJA5VNfU3t\/TOX\/XyZfg6YlBVwoHRRXaI4adXxNi6NAL1QA&quot;,&quot;JGOde\/ZMN+jrqKHh&quot;]</string>
    <string name="server_static_public">M9brfa5ZRYf0eVsT7CQ+yBPOzEQO/eZ37RoA6DpvHFo</string>
</map>
