<?xml version='1.0' encoding='utf-8' standalone='yes' ?>
<map>
    <string name="client_static_keypair_pwd_enc">[2,&quot;W9K7sMpCaZlG1gBz4gsWeO\/+uNHG7mmI3g4GFbdXEFaPfTGatMhaaOn9ByeIZ7dpPCsQu1ExFR+NsCwbFrvd1Q&quot;,&quot;VxxYem21lJI7tuRCQsDI8g&quot;,&quot;PLmxjA&quot;,&quot;GLFyrMSQ+TD8PrtJiNZs\/Q&quot;]</string>
    <long name="client_static_keypair_enc_success" value="25" />
    <boolean name="can_user_android_key_store" value="true" />
    <string name="client_static_keypair_enc">[0,&quot;PMTduWrez\/bhBvdA7m6nZ9TaA3YrnagzRbXZ\/U5aFezejHfwKdZzwsQhD0sBTDtE+cK7tujc4qHyeAk2Dry9tH6FNcd+4Yzp0JElgEJ\/QtU&quot;,&quot;VjjINWEiha6mxTUm&quot;]</string>
    <string name="server_static_public">qJWvSttNopqgQ2CgXYTc4jmSUKWd1Rv2QTMbQyYpKwY</string>
</map>
