<?xml version='1.0' encoding='utf-8' standalone='yes' ?>
<map>
    <string name="client_static_keypair_pwd_enc">[2,&quot;HqUCXQxyCyB4lYzfUZoKp2cLPgPPuiv\/bebC4+mzw0B2SyJgDCo+txo8q9uQhuAwFGRgOLD52H6JxVXDGGz8kg&quot;,&quot;ATmnfvgOdjVla2F\/qgcgbw&quot;,&quot;6FXYWw&quot;,&quot;9WAobo9UJL8uWgRxb\/VONg&quot;]</string>
    <long name="client_static_keypair_enc_success" value="1" />
    <boolean name="can_user_android_key_store" value="true" />
    <string name="client_static_keypair_enc">[0,&quot;A\/vxe\/aYqBbnHgYPEO1\/7Ahk1yZ1fKQkmcJzYXCbCPsqWjM8yWl6yFC3Hnnc7exRXUB0VWbDCh29O4gQ+0tk+fQ2\/lLhJ2YIFCaKlxbIeuU&quot;,&quot;xOyEF0rFhDQwXA9\/&quot;]</string>
    <string name="server_static_public">M9brfa5ZRYf0eVsT7CQ+yBPOzEQO/eZ37RoA6DpvHFo</string>
</map>
