<?xml version='1.0' encoding='utf-8' standalone='yes' ?>
<map>
    <string name="client_static_keypair_pwd_enc">[2,&quot;Na7mCsFWxekKD7wwRrZf9+9LkJnD\/OtOhROWf+PP+yJmS1XTJWsnpebkG4NBJKZD1RMCWCT5mhSx35l+IDhMUA&quot;,&quot;QtO4kR4owGL1Ll2K6QDFdA&quot;,&quot;\/1w+eA&quot;,&quot;pbKfKokKg6\/fmNLQjuJTeg&quot;]</string>
    <long name="client_static_keypair_enc_success" value="1" />
    <boolean name="can_user_android_key_store" value="true" />
    <string name="client_static_keypair_enc">[0,&quot;2VdwDdJmBqn9gGXPOw4LdEDpqU0gM8DbSUHFLG5F0MpizcFkJCtgn5fQ6wtNZIvgSJ9vqN06FaQtmkUuDF6rnCD68g+40vq46ljRrDlaQdY&quot;,&quot;CxE74e1BnTJVm0Ix&quot;]</string>
    <string name="server_static_public">qJWvSttNopqgQ2CgXYTc4jmSUKWd1Rv2QTMbQyYpKwY</string>
</map>
