<?xml version='1.0' encoding='utf-8' standalone='yes' ?>
<map>
    <string name="server_static_public">qJWvSttNopqgQ2CgXYTc4jmSUKWd1Rv2QTMbQyYpKwY</string>
    <string name="client_static_keypair_enc">[0,&quot;QGXRKb5nhilFoNd0XCzh06xlwKOIR42ZJ+t4BZcaPXJGFQ\/ejfciz\/i+NpFOZ5wHcIXA\/wJ6HiMmdoCZtZV7AoplaKtW+8TBTv692bZIW8U&quot;,&quot;g8Vt5yPxnNGz2pV4&quot;]</string>
    <long name="client_static_keypair_enc_success" value="33" />
    <boolean name="can_user_android_key_store" value="true" />
    <string name="client_static_keypair_pwd_enc">[2,&quot;YaMu9n652o34tO8ihkxhVS899f4dtiZZMdVghcP5pPJqB1amiOC3hvwa748\/hBrxz02huo6NwI5xPGV8UcW6VA&quot;,&quot;UVI5NuCf6mqDVaYkDEM9YA&quot;,&quot;9uqdwg&quot;,&quot;PRcAD10+CkrFMI8+E3J3Kw&quot;]</string>
</map>
