<?xml version='1.0' encoding='utf-8' standalone='yes' ?>
<map>
    <string name="client_static_keypair_pwd_enc">[2,&quot;ALXmmdICsOj\/hRC7YVIOUygZyQEBj+S5ID+Lk7TaHx8fiu3osReufriCQVz\/oLb3w8URKZR4rZhAZ2W7TRpcwA&quot;,&quot;LhJeubgAfRRsnMK9FrnPzQ&quot;,&quot;fy7wmg&quot;,&quot;kx\/na8Kq7zZKKkc0Fz1tKg&quot;]</string>
    <long name="client_static_keypair_enc_success" value="244" />
    <boolean name="can_user_android_key_store" value="true" />
    <string name="client_static_keypair_enc">[0,&quot;Ixc0RMDchTFlGvMdomRL+qpyrLyz60ZZek\/UI5jArwXSyjX68vRpcWnfddGsVAfxvYEc1RzPYVn91R6ALpCasfp7\/OG4sdoR1eHk4llLRgk&quot;,&quot;VEALS1WTkCOu14QM&quot;]</string>
    <string name="server_static_public">M9brfa5ZRYf0eVsT7CQ+yBPOzEQO/eZ37RoA6DpvHFo</string>
</map>
