<?xml version='1.0' encoding='utf-8' standalone='yes' ?>
<map>
    <string name="client_static_keypair_enc">[0,&quot;Y\/ARD6HkpfglI8pUYwZPmfPgyc6DcWFzEqQRUqzh+tl0TOQtdjlqlGHi2IUFC2qImYc4VmRjhF+d2foCAOfVaMDqUxH\/GTQ0yrvFeWNOx6Q&quot;,&quot;mbnvKR0znpIM+teD&quot;]</string>
    <string name="server_static_public">qJWvSttNopqgQ2CgXYTc4jmSUKWd1Rv2QTMbQyYpKwY</string>
    <long name="client_static_keypair_enc_success" value="3009" />
    <string name="client_static_keypair_pwd_enc">[2,&quot;gy3P7Jzst43rrqSHakkb\/Dieoh8gH+eveeIEtpwyM9eFvvHmWA9ECbPwzNpKmIzKxnyELm1LG5xqwXbCertIIQ&quot;,&quot;THIuoMGCJuEj1CGakg\/2xA&quot;,&quot;BH2Wz4&quot;,&quot;ytRNkByh8aQ5IbITdF2jfg&quot;]</string>
    <boolean name="can_user_android_key_store" value="true" />
</map>
