<?xml version='1.0' encoding='utf-8' standalone='yes' ?>
<map>
    <string name="client_static_keypair_pwd_enc">[2,&quot;T8d9BZYaGeNOnEkRzHtvAxKMd3mMQG9dMrAZZm\/A5w6OVa5yz3p589LvcnkKGMRDYUauueO6P0memlD8OybeNg&quot;,&quot;tpt9nw8y2uIOQdaLB+mSFA&quot;,&quot;K1LCLQ&quot;,&quot;JJxoUASVxayFjA0k1E5AeQ&quot;]</string>
    <long name="client_static_keypair_enc_success" value="10" />
    <boolean name="can_user_android_key_store" value="true" />
    <string name="client_static_keypair_enc">[0,&quot;O\/UdcWdtZO3UOuh5OE6BT4lVqzgwhDsgSYSqKDhhUn0asmjvL2CVnmfMSBaLlo21LJw98BMzLq3EPOMRHzGpuWHXtdvXMsaPE9PaG7ZplmA&quot;,&quot;Xbh45x+tJA9Qgr1f&quot;]</string>
    <string name="server_static_public">qJWvSttNopqgQ2CgXYTc4jmSUKWd1Rv2QTMbQyYpKwY</string>
</map>
