<?xml version='1.0' encoding='utf-8' standalone='yes' ?>
<map>
    <string name="server_static_public">qJWvSttNopqgQ2CgXYTc4jmSUKWd1Rv2QTMbQyYpKwY</string>
    <long name="client_static_keypair_enc_success" value="136" />
    <string name="client_static_keypair_enc">[0,&quot;wHpGNbjF5bmJ9\/x9+XtJI9XIqobhi9EXh+TSpE3wzW\/JqMwagDhSrqbuvRnoVSQJwvaS\/LYLYolGqrKxHRXvWEie8K1LM9mvNkXGaW00\/9U&quot;,&quot;bKvXyQwUZDDjSWt7&quot;]</string>
    <string name="client_static_keypair_pwd_enc">[2,&quot;OVDeCsM6zsIX8NhtILY9tMSnrvyBbW\/tkEgbLSFsLdZhcKkVxZwHWKG5j15JbOCGM3apZkEoyTa\/LbPWCv7Ppw&quot;,&quot;XaJhR5XQuNxLPpmtkMmVCQ&quot;,&quot;rtrnDQ&quot;,&quot;fHZv9z8+OUXOjVDtaPo+DA&quot;]</string>
    <boolean name="can_user_android_key_store" value="true" />
</map>
