<?xml version='1.0' encoding='utf-8' standalone='yes' ?>
<map>
    <string name="client_static_keypair_pwd_enc">[2,&quot;sjNNFfG3QcAhMBjgOZK29GdtdzD2ITxXmkjgJ91n\/ohIgnBYZ8YIFA\/HQBtEdgNjz7rgP\/eThxqpyvHtHlqeAg&quot;,&quot;ZIlqkFdoEVfSqWdlDlYh\/g&quot;,&quot;LrJXoQ&quot;,&quot;wfuOdg2AK6tTkWDv4P0HdQ&quot;]</string>
    <long name="client_static_keypair_enc_success" value="16" />
    <boolean name="can_user_android_key_store" value="true" />
    <string name="client_static_keypair_enc">[0,&quot;yUVXZY+86OoBfzkjGt4x64P+qAIn+QXjbjW4\/M7njx4YTkCKF4TPnDYUGPigyEdLUaUp+5vv+I3NFgc+lM8prUF2h9KzkVy8R6zSd6fop\/M&quot;,&quot;nIVO823dnXT7RjOL&quot;]</string>
    <string name="server_static_public">qJWvSttNopqgQ2CgXYTc4jmSUKWd1Rv2QTMbQyYpKwY</string>
</map>
