<?xml version='1.0' encoding='utf-8' standalone='yes' ?>
<map>
    <string name="client_static_keypair_pwd_enc">[2,&quot;LlZ1jkKOG7FdF\/2+0Gd6fc8iOS99dOorxCrPlkjTxUAg8IFIFJD9gcyGJMr\/iyQO7xfqQqS4vXok\/nU49DEg0g&quot;,&quot;zHQaJ2kaEBwJBEsBwx34cA&quot;,&quot;qhNByw&quot;,&quot;rx1IGiZfgTUNHY5luzXdvg&quot;]</string>
    <long name="client_static_keypair_enc_success" value="32" />
    <boolean name="can_user_android_key_store" value="true" />
    <string name="client_static_keypair_enc">[0,&quot;R5q6JcufxnCfmokxh0E7qhpWAieOWPqajL84zDx6wEQGWAwulnzwhqIoWSVWhcIuavC1D1\/Zj6\/zyT2T4lAJc8DXGDeCGrrrqkMlnXF1S8k&quot;,&quot;MFlgF7DURw1PwTWK&quot;]</string>
    <string name="server_static_public">qJWvSttNopqgQ2CgXYTc4jmSUKWd1Rv2QTMbQyYpKwY</string>
</map>
