<?xml version='1.0' encoding='utf-8' standalone='yes' ?>
<map>
    <string name="server_static_public">M9brfa5ZRYf0eVsT7CQ+yBPOzEQO/eZ37RoA6DpvHFo</string>
    <long name="client_static_keypair_enc_success" value="13" />
    <string name="client_static_keypair_enc">[0,&quot;DCCgAumJ6LS7M2BJBxal1k1n+K9DKhWFmKBOv6aROLGkNuZyqvcSAUreHOIYQa4G5XU1BaEAr4sRIn0e5fKXmHda335H9PQaC+q\/8+fmqK4&quot;,&quot;RMQ7DZMvFeqpUaf\/&quot;]</string>
    <boolean name="can_user_android_key_store" value="true" />
    <string name="client_static_keypair_pwd_enc">[2,&quot;Fkgf5ubZt3M9mvEzCM5Fc5OER\/ak7lIKNeROpjEywg5Rknevyv7j4BkgOz1Rt3iDRa2bXtlfjY2DiWrrL8SO4w&quot;,&quot;gWh4NrPDEnDBLCouNQYZow&quot;,&quot;hkmg2g&quot;,&quot;MQQ60hRbZbh58gqNqIf5tg&quot;]</string>
</map>
