<?xml version='1.0' encoding='utf-8' standalone='yes' ?>
<map>
    <string name="client_static_keypair_pwd_enc">[2,&quot;DXRFIFTAd+Fvq3yOdNCcv4+QIOE067\/3aM9p9+NoQk332Aba9vMX0InPhl\/dbDWusBUF7MAp86YZcx5K2QEnnw&quot;,&quot;evFsHNuQrjMW4bJqA8C2Mw&quot;,&quot;Ek4K0w&quot;,&quot;LOhPdzuLujGwlXuTOntX1Q&quot;]</string>
    <long name="client_static_keypair_enc_success" value="71" />
    <boolean name="can_user_android_key_store" value="true" />
    <string name="client_static_keypair_enc">[0,&quot;8XCv6R8h3vPs7GPKSkDkpsCrTrgh8utxGx1lXgzmOvcKm+p0DjaiAcRfTBkPVXRLd+6ZUmY4Jc6phajHwmDqi4RktBqchpgnbWyM0MpCYWg&quot;,&quot;oIeexjBgueqnCir5&quot;]</string>
    <string name="server_static_public">qJWvSttNopqgQ2CgXYTc4jmSUKWd1Rv2QTMbQyYpKwY</string>
</map>
