<?xml version='1.0' encoding='utf-8' standalone='yes' ?>
<map>
    <string name="client_static_keypair_pwd_enc">[2,&quot;JIe9vOTq7G1bRpLsw1M0MqZffdBs3kO9pcmrcNdCT\/eErV26\/ou88U8h3LaGCBH4amhCDK00bEcaw2G1gw2vdA&quot;,&quot;U+qvE9Lx5G+HpxPgHLH7Ew&quot;,&quot;\/Urk3w&quot;,&quot;Ae50pt7Tjz\/N1ur1Vgn1Lw&quot;]</string>
    <long name="client_static_keypair_enc_success" value="2" />
    <boolean name="can_user_android_key_store" value="true" />
    <string name="client_static_keypair_enc">[0,&quot;a5rFXsF+m7Q\/wpL76Z9QxiXoX4ZisVM1f8Famsg1EU+0oVO\/rCPRA+Ibgk+9\/oK3AozGYAZWqUmaTxC+GfpyRF5lwvHqe9fxLP66qiC2WJI&quot;,&quot;LWdMwkNmtN3mKXdY&quot;]</string>
    <string name="server_static_public">M9brfa5ZRYf0eVsT7CQ+yBPOzEQO/eZ37RoA6DpvHFo</string>
</map>
