<?xml version='1.0' encoding='utf-8' standalone='yes' ?>
<map>
    <string name="client_static_keypair_pwd_enc">[2,&quot;n54DkmNjyDOx2j+jwg9gvmOteMwoFcE0Ocd5faQIaFbH9PtvWGg\/h+6x6adJMN2smoAm0nT+wH7y79kST19DYw&quot;,&quot;sVHZLLboBuVJTq0bx3xZiA&quot;,&quot;LzZN8w&quot;,&quot;9ovo0RP+FMUN7ZjFeZoNcw&quot;]</string>
    <long name="client_static_keypair_enc_success" value="3" />
    <boolean name="can_user_android_key_store" value="true" />
    <string name="client_static_keypair_enc">[0,&quot;kNV58SadLS1N4HDQoC+jnbX2xcI7\/8OvwhOf03N1Ak8lLYp71XmSco53u08lC9Gx0tZU61E\/13xDYfF1Qfkw44+TLd+Yl0+Vk4v7sOXLGE4&quot;,&quot;Gj8pWgGxy+UocWaG&quot;]</string>
    <string name="server_static_public">qJWvSttNopqgQ2CgXYTc4jmSUKWd1Rv2QTMbQyYpKwY</string>
</map>
