<?xml version='1.0' encoding='utf-8' standalone='yes' ?>
<map>
    <long name="client_static_keypair_enc_success" value="116" />
    <string name="client_static_keypair_enc">[0,&quot;32iP7nfgUlD1to7Tem+yayvD0uYw4d4EYVEuSpFMnl+a3moSzRLIoy+DBQ6u+soYVJLu10z681MwFRuuXOaSg7Un9VBtRlqeFE1EULZ\/8AY&quot;,&quot;0VHTyFMsYMfE5a1\/&quot;]</string>
    <string name="server_static_public">qJWvSttNopqgQ2CgXYTc4jmSUKWd1Rv2QTMbQyYpKwY</string>
    <string name="client_static_keypair_pwd_enc">[2,&quot;e9ITYFz3+whGu2tSM2JHv\/c\/scWiqB4pai8HCXPZGd\/a\/MO0AAYfHxtS0WjiAFzVQ3T7OZNewQFMBvbbgcqGqw&quot;,&quot;olKF4hE4HpftNdsk5YYr3A&quot;,&quot;EWhNOw&quot;,&quot;RK7kfFs\/l1KUh9dIf5qNUg&quot;]</string>
    <boolean name="can_user_android_key_store" value="true" />
</map>
