<?xml version='1.0' encoding='utf-8' standalone='yes' ?>
<map>
    <string name="client_static_keypair_pwd_enc">[2,&quot;HcaN3v8lGDZpyooK9td\/PteR\/IhriiycujxhDDig3gbYHHG8Vq0TCiVKSEtMF3Qi4wWri++sxoQEtBnPJ8Qswg&quot;,&quot;EGPZakhelakYGTjSAyCvAw&quot;,&quot;pW2a9w&quot;,&quot;Rcb+\/oyqu36xUwGJD\/U1Nw&quot;]</string>
    <long name="client_static_keypair_enc_success" value="132" />
    <boolean name="can_user_android_key_store" value="true" />
    <string name="client_static_keypair_enc">[0,&quot;lnP9JPyFpgMLIrvk9v\/TjqesTp\/Ga8JgJTgPGy\/+4vlmjy1J9AWCKFTojvoXX2RTBDYdJ9DgunWrzWjTIsoTvLZc6VRBfTIpYUmkFIFs04o&quot;,&quot;pVNgmj6F3nYILXup&quot;]</string>
    <string name="server_static_public">M9brfa5ZRYf0eVsT7CQ+yBPOzEQO/eZ37RoA6DpvHFo</string>
</map>
