<?xml version='1.0' encoding='utf-8' standalone='yes' ?>
<map>
    <string name="client_static_keypair_pwd_enc">[2,&quot;Gp97Lge4yJz+O3LsXKHgPuWIrznZXPHKmf37srHm+ySLkLzc\/7kTz2R0EdPhT+xI4Yg1nyZEIQ7ejl\/P8RORlA&quot;,&quot;mn8Bd7d7LQE+9YDgBRp7aQ&quot;,&quot;9sdqyg&quot;,&quot;632iF3fI5QKI8rwGA9l2+Q&quot;]</string>
    <long name="client_static_keypair_enc_success" value="15" />
    <boolean name="can_user_android_key_store" value="true" />
    <string name="client_static_keypair_enc">[0,&quot;NIRGULmyjFSOvHGUegT\/KsvJ64IVi\/5u2HmGckSOH0c4blo5HvN2CbwTjrmK7BPFEC+6quYL+riMv4Gr16Ho09r\/cwyuoQ53ZHsjNU78ii4&quot;,&quot;tRzpT6eMCrTPRHFk&quot;]</string>
    <string name="server_static_public">qJWvSttNopqgQ2CgXYTc4jmSUKWd1Rv2QTMbQyYpKwY</string>
</map>
