<?xml version='1.0' encoding='utf-8' standalone='yes' ?>
<map>
    <string name="client_static_keypair_pwd_enc">[2,&quot;WGCrIJVJJFDN2RyXOQmGpZ4T65yDyzMCo+p+2jDAlpQkhJUTCnVOVVcg7uAT9T0JdWSWgrbpCSXr+7Tz3eq0uA&quot;,&quot;wV6NydHVg8rYjlGszdAr+Q&quot;,&quot;rrAUcg&quot;,&quot;i6k4cZWcwhUNr44MoiRRHA&quot;]</string>
    <long name="client_static_keypair_enc_success" value="33" />
    <boolean name="can_user_android_key_store" value="true" />
    <string name="client_static_keypair_enc">[0,&quot;OB0FRRLsbymHg92QOevJU2mazJxw4G6XHUvH0\/HuYX1\/u88YyU2eQMNFGc9TjQssG9YLjlcvPBky3YqD1fmSY4ksX6+1fAgChYo3qRIdKj0&quot;,&quot;+atZACrnPFobr3MG&quot;]</string>
    <string name="server_static_public">qJWvSttNopqgQ2CgXYTc4jmSUKWd1Rv2QTMbQyYpKwY</string>
</map>
