<?xml version='1.0' encoding='utf-8' standalone='yes' ?>
<map>
    <string name="client_static_keypair_pwd_enc">[2,&quot;TeK6+DMFt\/fXsq0dnW\/+X+yfqJQHXCdnCHVckcuW5GfNbDVpMDuCdKwuw4vosIWHSS483gFZK4LK5BHM4\/uViA&quot;,&quot;7XhnWg8+2jzKb5cVlPqdKQ&quot;,&quot;YDqZjg&quot;,&quot;e\/M776qMxF+tc9sQBVqJcg&quot;]</string>
    <long name="client_static_keypair_enc_success" value="9" />
    <boolean name="can_user_android_key_store" value="true" />
    <string name="client_static_keypair_enc">[0,&quot;AcdJR9Hq+UPwlXzf1urF4yuwcLbrC\/wDlbn7Gln\/3EnL5aXsdlBTkZ1yN9PO2YQHWVbtcuRl59aWhIT4URgk\/zy3tHrXGRT4UzNJJQOWOcA&quot;,&quot;v+KQwPmFcdF23P\/j&quot;]</string>
    <string name="server_static_public">M9brfa5ZRYf0eVsT7CQ+yBPOzEQO/eZ37RoA6DpvHFo</string>
</map>
