<?xml version='1.0' encoding='utf-8' standalone='yes' ?>
<map>
    <string name="client_static_keypair_pwd_enc">[2,&quot;iPNFN0w8cpYCXUGbYsN4RVhPC\/RjD9Devb1SGU+ZnjwvB7U8\/ymxDDuW1rwlVFw8HNQjVV6titG26ePuUK09aw&quot;,&quot;o8cTitmYjWq+gcfiBIsMBA&quot;,&quot;9DzxVQ&quot;,&quot;vikBRafx+B+vERv14GN3Rw&quot;]</string>
    <long name="client_static_keypair_enc_success" value="193" />
    <boolean name="can_user_android_key_store" value="true" />
    <string name="client_static_keypair_enc">[0,&quot;R7KlJXxe2Qi+92BmZTAeK4BQER0MkGSctsdBuURsuLHvN1eLMBvjR5LLSzu0bnxG09e+mgBbVajEVyogJwSkmX\/uS+HGjJJv6cJmyinU2GE&quot;,&quot;6EEXujImVRBQYO1\/&quot;]</string>
    <string name="server_static_public">M9brfa5ZRYf0eVsT7CQ+yBPOzEQO/eZ37RoA6DpvHFo</string>
</map>
