<?xml version='1.0' encoding='utf-8' standalone='yes' ?>
<map>
    <string name="client_static_keypair_pwd_enc">[2,&quot;fxage1c5KHFdpv7ogG+wdF7JBNPDucYM0JgjbYEh8vsCy2rNMc3KpkU2CxgxI3jGd8T0nYQ7dV9Zc84b06gt5A&quot;,&quot;Kamoy3SBN50H5WhAt+vtqQ&quot;,&quot;bbLYoQ&quot;,&quot;cAAQNZg0ir\/hNGU7Ut61vw&quot;]</string>
    <long name="client_static_keypair_enc_success" value="34" />
    <boolean name="can_user_android_key_store" value="true" />
    <string name="client_static_keypair_enc">[0,&quot;OBG3+Jf1LhXTC7\/ebKmuqKFGrTynHkXuAmgNqR9JCMfU1zqGCg6ms4DfshoU33JMuIcxyPJPWq3Ibxen2O8lID1638\/wwGG77fxflOiYE1Y&quot;,&quot;jAXQYe9d5nhgHhVt&quot;]</string>
    <string name="server_static_public">qJWvSttNopqgQ2CgXYTc4jmSUKWd1Rv2QTMbQyYpKwY</string>
</map>
