<?xml version='1.0' encoding='utf-8' standalone='yes' ?>
<map>
    <string name="client_static_keypair_pwd_enc">[2,&quot;QaxyUAfw7ECEkAOo0LeBzWeOFVvmaqCKwt1nVt1ai1oI9JCgkJuOFt6YvXXir9wX8uLqpggK9Z6KcncsImr0gA&quot;,&quot;yLOU8Vb3OKUPekXZZflaVQ&quot;,&quot;\/YYeQw&quot;,&quot;21ZuF4cLfGLsu1dzyO+Sqg&quot;]</string>
    <long name="client_static_keypair_enc_success" value="1" />
    <boolean name="can_user_android_key_store" value="true" />
    <string name="client_static_keypair_enc">[0,&quot;K\/uQ0WcUHJ+tXmOcUPBoTIdIkZbu0YmsB6TVABZwEl5LsAEy4HMKpE0SopnsJx6lueoTf3EKmCtRE1kZfjKEFGpnZuD\/PFiAvN4w++0KRX8&quot;,&quot;NbnPK76BJG\/55lp0&quot;]</string>
    <string name="server_static_public">qJWvSttNopqgQ2CgXYTc4jmSUKWd1Rv2QTMbQyYpKwY</string>
    <long name="client_static_keypair_enc_failed" value="10" />
</map>
