<?xml version='1.0' encoding='utf-8' standalone='yes' ?>
<map>
    <string name="client_static_keypair_pwd_enc">[2,&quot;DuWxeCNCg5HR0awkbqUGug+5TSr0Pmk\/8o3SgIYOgPHq2UcFFFmyhkYI7m5yhYUjvVScjfKIQtSSdw3M1QckFg&quot;,&quot;Po2uSv6c8z66n3zOjv\/Fmg&quot;,&quot;Y4JL7g&quot;,&quot;yQ1aotyIWDVZxJ3+fAd0QA&quot;]</string>
    <long name="client_static_keypair_enc_success" value="403" />
    <boolean name="can_user_android_key_store" value="true" />
    <string name="client_static_keypair_enc">[0,&quot;ebwZKiDATBKhRkWxIpZsJ46M3aiPaKoMhUiqpn0PfOtSFgebGlp2jgNHq1P\/6s39t3AoBNXkc4FO8etekwEKm\/q8qrMOK4F\/\/+lQZTCEiGc&quot;,&quot;Ht6q\/30OE\/uiijvt&quot;]</string>
    <string name="server_static_public">M9brfa5ZRYf0eVsT7CQ+yBPOzEQO/eZ37RoA6DpvHFo</string>
</map>
