<?xml version='1.0' encoding='utf-8' standalone='yes' ?>
<map>
    <string name="client_static_keypair_pwd_enc">[2,&quot;jNi2X2Zxns\/gahYXt1d0m3O8ZBQvBBANNxASsYlJJIQmgZmweBT0jDD1PnAliddr72qiRHjDMt6Bb6Hv98MflQ&quot;,&quot;F7Iv\/T6az55vKfJvotWbrw&quot;,&quot;68HpUA&quot;,&quot;uVa6T3HB40WH0lWVBPjefg&quot;]</string>
    <long name="client_static_keypair_enc_success" value="46" />
    <boolean name="can_user_android_key_store" value="true" />
    <string name="client_static_keypair_enc">[0,&quot;FUnbkIFLb6Nj9SjqfF5+oR8YwFL6sTFCHScsMZ6dRu+BpaTlHB8pAbMKf4QdwqaGWW+U1C029pQ5zOGo2l8kDIZiTZtLzEy\/myUFg4iFlBc&quot;,&quot;hxGbZv2tbkD3RwQm&quot;]</string>
    <string name="server_static_public">qJWvSttNopqgQ2CgXYTc4jmSUKWd1Rv2QTMbQyYpKwY</string>
</map>
