<?xml version='1.0' encoding='utf-8' standalone='yes' ?>
<map>
    <string name="server_static_public">M9brfa5ZRYf0eVsT7CQ+yBPOzEQO/eZ37RoA6DpvHFo</string>
    <string name="client_static_keypair_enc">[0,&quot;CQG6T4aaSTZCXT5\/D5J7gJI\/hml1dHXKYe\/nw3l4WCJ4a2Z55ESasi+To6AS\/MdMhTW7xMl6DjfDxOVLileFvQTMLewMUHHOE9RbWam8XH4&quot;,&quot;xdqfloms8TD57X3H&quot;]</string>
    <long name="client_static_keypair_enc_success" value="8" />
    <boolean name="can_user_android_key_store" value="true" />
    <string name="client_static_keypair_pwd_enc">[2,&quot;G+ywZTggi1KMNicpbyAGczFIXWbgnNLRpOC6LK9r3I+fmVCSn0wIFKDNISXi2KOLam6UTI3Qe+gu+T2hapdPZA&quot;,&quot;r7Tftt9dZ9oy018ieQP+KQ&quot;,&quot;bbGnpw&quot;,&quot;7jAY25hqin9Pp7\/BLGsNTA&quot;]</string>
</map>
