<?xml version='1.0' encoding='utf-8' standalone='yes' ?>
<map>
    <string name="client_static_keypair_pwd_enc">[2,&quot;O5ZJczmQfg00kcGWxNQI02fHav83oyPEFHQHLi4XKGEdOKfWhHz9f6ikyHD5BRs39kr\/bWm5XJJLFNrcIOy3Rg&quot;,&quot;zE+GZjg3ThHFOzpt47ICQg&quot;,&quot;E+HV2A&quot;,&quot;x+cH3O+C4BjrDT6IZ3ywsw&quot;]</string>
    <long name="client_static_keypair_enc_success" value="24" />
    <boolean name="can_user_android_key_store" value="true" />
    <string name="client_static_keypair_enc">[0,&quot;bhka7OWiu6GCwdoxwQM2SOedwMpseLsqlE0pq60IUfsrNaMscsgLlRU9d2Go00NlbNGk\/47pjkS2XsMAjGz9mBftL8w8qz\/n4QMctdeNYYw&quot;,&quot;mVuYqhwxGTF6A5qd&quot;]</string>
    <string name="server_static_public">qJWvSttNopqgQ2CgXYTc4jmSUKWd1Rv2QTMbQyYpKwY</string>
</map>
