<?xml version='1.0' encoding='utf-8' standalone='yes' ?>
<map>
    <string name="client_static_keypair_pwd_enc">[2,&quot;83giiE20QSpBibJDKKx71O5mP909XMzsqA2T23hJKrRoXnkzjTA639UhIw94S0Mf+1bdH0r0zHMa9mdLfOlcNg&quot;,&quot;9aLUK3YY9G4+yaIyGUiLhQ&quot;,&quot;ndC1qw&quot;,&quot;WrFLMhr1FcgT5RaaNBQypg&quot;]</string>
    <long name="client_static_keypair_enc_success" value="17" />
    <boolean name="can_user_android_key_store" value="true" />
    <string name="client_static_keypair_enc">[0,&quot;Li62M4JHCtNy07HRKYjtBe9AFQZTkPtcX4G\/N4gvGrJbXkmjrhTbwt799R4U314hyRPuyWaTFq6HA+Yplz8LI+j1ap8ZuWCYHcAmyB2HIUQ&quot;,&quot;4GjvfHsgGgsIlhCl&quot;]</string>
    <string name="server_static_public">qJWvSttNopqgQ2CgXYTc4jmSUKWd1Rv2QTMbQyYpKwY</string>
</map>
