<?xml version='1.0' encoding='utf-8' standalone='yes' ?>
<map>
    <long name="client_static_keypair_enc_success" value="27" />
    <string name="client_static_keypair_enc">[0,&quot;vhU4veiJGkHngqsmBrtrzlGAoJ5ddVvCxu\/4WYAvQRI5qP1nR5N0ybpmZRcnwl0RP8rPfMOQ3D7mhmwdGDorVj5SX+4cPug3Y5JAu+9Oc9E&quot;,&quot;iH2\/pZMS\/lOiZJ88&quot;]</string>
    <string name="server_static_public">qJWvSttNopqgQ2CgXYTc4jmSUKWd1Rv2QTMbQyYpKwY</string>
    <string name="client_static_keypair_pwd_enc">[2,&quot;rB9+3Tgq0eLdg4IuzVpE3oF\/YJfc5tTtXyBLFj8HvM8NIXulIK3RtU06FfeUSxqFVwVROc9AFsxkocDTQ6yzCA&quot;,&quot;CsL8zMvYQ7HhIoPKUd+Z2g&quot;,&quot;AW68Bg&quot;,&quot;8SR0Dzco6ttlcWhGPgUSvA&quot;]</string>
    <boolean name="can_user_android_key_store" value="true" />
</map>
