<?xml version='1.0' encoding='utf-8' standalone='yes' ?>
<map>
    <string name="client_static_keypair_pwd_enc">[2,&quot;fXdVT6apv2QKiYvtGLMMHgW+TyOsM4gAIp4t1V0\/2koPlg7T3KqcIuoQJyB42DFQB5923QBzsc6RAF9Gf30XLg&quot;,&quot;uzod0CLLmOgbvr\/7MoS0Iw&quot;,&quot;lgpVu3&quot;,&quot;u2MA\/thWMl\/QQmIvagVKAA&quot;]</string>
    <long name="client_static_keypair_enc_success" value="457" />
    <boolean name="can_user_android_key_store" value="true" />
    <string name="client_static_keypair_enc">[0,&quot;wkZ0UEUnXiSCrjW74K21q97QRoQKt00JO1WnyjDMhzjC+YwXx+Zu+l6p8yudlEtQMs6Nm8na2xwMyNYt+Q7hmBuvES0xPT5GWb5rvtps4iU&quot;,&quot;8s2b0\/DdvuVWju8Q&quot;]</string>
    <string name="server_static_public">M9brfa5ZRYf0eVsT7CQ+yBPOzEQO/eZ37RoA6DpvHFo</string>
</map>
