<?xml version='1.0' encoding='utf-8' standalone='yes' ?>
<map>
    <string name="client_static_keypair_pwd_enc">[2,&quot;cwVjhuSKfK6J18aW884wb+qMTnGe4YYxqs2VhR86QWILLRKiKR3aSIGCwhiAw8U2MUzIr8NHaS+LUnmK7A2P5Q&quot;,&quot;VUZLqwQibf4F3RUbnuatJA&quot;,&quot;edSnVg&quot;,&quot;LKVbqsw+sWbZXwC+yio2+w&quot;]</string>
    <long name="client_static_keypair_enc_success" value="85" />
    <boolean name="can_user_android_key_store" value="true" />
    <string name="client_static_keypair_enc">[0,&quot;HsOzBiLy+hJJM6C8pLJG1V2JadPVFCOB1TMY8NTD+xNt6H1N\/3o5JwaB4IpgfivISn+jjqbfKgpH\/ML074PVQLohlP6JTPcDHTdDOGCazT8&quot;,&quot;RP5sY3zBftlsqz72&quot;]</string>
    <string name="server_static_public">qJWvSttNopqgQ2CgXYTc4jmSUKWd1Rv2QTMbQyYpKwY</string>
</map>
