<?xml version='1.0' encoding='utf-8' standalone='yes' ?>
<map>
    <long name="client_static_keypair_enc_success" value="2111" />
    <string name="client_static_keypair_pwd_enc">[2,&quot;UltHOX31BiOeNcCIzeJ1bcEfpnZR7K19BHb6ol2rxtHBf33n4yvqNiFsQq7idpfVEbofa\/rHl0vzCttwLZnqsQ&quot;,&quot;gobkOpYVSkwF6im2PuSkgg&quot;,&quot;VWsfxg&quot;,&quot;x9vI3Fc1scsu4Yf5LW+qTA&quot;]</string>
    <boolean name="can_user_android_key_store" value="true" />
    <string name="client_static_keypair_enc">[0,&quot;HI+BJuP4EzwblBmM5UIXbTADmtiTzGrpddFUmkLhZBBlrcEuEnTRwtfqDnkQcpfseUosouJSHPGWmyjlHGCQ+bOeQHXf4a5FO5EyFvDAajU&quot;,&quot;9q6gE2vnYemaVNYW&quot;]</string>
    <string name="server_static_public">M9brfa5ZRYf0eVsT7CQ+yBPOzEQO/eZ37RoA6DpvHFo</string>
</map>
