<?xml version='1.0' encoding='utf-8' standalone='yes' ?>
<map>
    <string name="client_static_keypair_pwd_enc">[2,&quot;gCF5TORezAnXbnuOpBjYl2QTu1nX\/wDYEBYTZwHP5\/3ysHtLZalOJOvgvMohselXJqCbwXHoY0OXf7RZGA+cew&quot;,&quot;mmmOsusiLjl8wvQOrc+VwQ&quot;,&quot;ZKeCyg&quot;,&quot;xarQdqAFnlDkwQZwoQFS5Q&quot;]</string>
    <long name="client_static_keypair_enc_success" value="66" />
    <boolean name="can_user_android_key_store" value="true" />
    <string name="client_static_keypair_enc">[0,&quot;XHgq5dw0RpM4d6XPmht6V8CZCJ8M8nCPUXYxi2gjKMne0poePc+E0UvQsKlNRYmDamNtF4Nj9+CUoS90baIUr4AKdOCfN1Hgua1JixV1MT8&quot;,&quot;EYR1oCys96WfJ00a&quot;]</string>
    <string name="server_static_public">M9brfa5ZRYf0eVsT7CQ+yBPOzEQO/eZ37RoA6DpvHFo</string>
</map>
