<?xml version='1.0' encoding='utf-8' standalone='yes' ?>
<map>
    <string name="client_static_keypair_pwd_enc">[2,&quot;HKPy0CxMnNLD6tYhIRoP2vJlEEjgaW\/Xh+6pgy1q0XXbX7QNFZHfxKxWRo41kzxnQkMx9akPJPw95qfyrr8cXQ&quot;,&quot;f3y2VK8kOdMNfbidMfnRYQ&quot;,&quot;IO1rtw&quot;,&quot;US8TbtXhvdgMQ7FYZh+rdw&quot;]</string>
    <long name="client_static_keypair_enc_success" value="5" />
    <boolean name="can_user_android_key_store" value="true" />
    <string name="client_static_keypair_enc">[0,&quot;0obslUUEk\/MyOW1GzkclORCAzpZJQTuYM6PXtzGMO5ZQdcDxDmRh8K3wZoNnTuhO\/1BUXYG5Wn1JVdnxA9lspKWESmnB3lEPWAUA+yQSe64&quot;,&quot;h+h6BYH4lpnl6O4T&quot;]</string>
    <string name="server_static_public">M9brfa5ZRYf0eVsT7CQ+yBPOzEQO/eZ37RoA6DpvHFo</string>
</map>
