<?xml version='1.0' encoding='utf-8' standalone='yes' ?>
<map>
    <long name="client_static_keypair_enc_success" value="88" />
    <string name="client_static_keypair_pwd_enc">[2,&quot;3h5ySNhT7paZ4g2+7RyrrRCln2ZKgPnQeYVlk2Nl4wa9G8yWkwFQJjOzPuWWa8nTV58C\/Qq2VygGPZVj1O5tTQ&quot;,&quot;OAVDuIMbpLiXrbY\/mKp+wg&quot;,&quot;GBFmlg&quot;,&quot;zCNBZNGpJaM4rzkq97VI7A&quot;]</string>
    <boolean name="can_user_android_key_store" value="true" />
    <string name="client_static_keypair_enc">[0,&quot;RxPIjY5Vu9wfgAo2Sm8TZofD1SNKBg0N7xXwLjDwEO4lvLd75E0W964kj75vixEwBtUH7Ou1hxIvatbxC7SWAUyGUxF0wbs\/zvk5DZx3jx0&quot;,&quot;L1y8mZnFE1u53rzK&quot;]</string>
    <string name="server_static_public">qJWvSttNopqgQ2CgXYTc4jmSUKWd1Rv2QTMbQyYpKwY</string>
</map>
