<?xml version='1.0' encoding='utf-8' standalone='yes' ?>
<map>
    <string name="client_static_keypair_pwd_enc">[2,&quot;jismMVSWs83EJ\/WweqaqQviHSTKzi+cV7fjfofgqXO0Wl5TQ5CzSRNzpi7mWxKBsmUbVOBktBYaELVPCeONv\/w&quot;,&quot;3yvss63NlPQ18F0P+0R8Rg&quot;,&quot;kxljDg&quot;,&quot;jGD3u\/164q+2C9opyQ+pIg&quot;]</string>
    <long name="client_static_keypair_enc_success" value="145" />
    <boolean name="can_user_android_key_store" value="true" />
    <string name="client_static_keypair_enc">[0,&quot;bqe2uFttP4\/28+OinUsWdRWtAHvEHiNW3K\/p8tHV714GnVSF\/oH7ajRSlCRv6FZ49MqzRJuQBdgpbLgVhbMV\/uN58F8fG0nmfl71rowS5Ys&quot;,&quot;C0Tue1G6W\/CNWzIp&quot;]</string>
    <string name="server_static_public">qJWvSttNopqgQ2CgXYTc4jmSUKWd1Rv2QTMbQyYpKwY</string>
</map>
