<?xml version='1.0' encoding='utf-8' standalone='yes' ?>
<map>
    <string name="client_static_keypair_pwd_enc">[2,&quot;X7UsRyORkXb4exlg9y\/z0EjFgOw4UX5LcLvHekpF5SCXxhdkBXMdWItDtDXLnommTDUJZXrGW8Gy6i\/TC7R2bw&quot;,&quot;Qy\/U7\/wiOknV+BOfsWWcMA&quot;,&quot;7oHADw&quot;,&quot;+bJgihwvQ1FnIgRqVb1yxw&quot;]</string>
    <long name="client_static_keypair_enc_success" value="79" />
    <boolean name="can_user_android_key_store" value="true" />
    <string name="client_static_keypair_enc">[0,&quot;SscVgD02IuHqPSfZLnaQQndXjxkoBYwhhWF6+HBy1l\/\/HKhnU3QTTdbhPduPEmMb81+YrvWdEXRPCNsL5UZGT9tzfVwxgBMdZcTVB0Qu2kE&quot;,&quot;Wq0cirx\/WKSYnl0y&quot;]</string>
    <string name="server_static_public">M9brfa5ZRYf0eVsT7CQ+yBPOzEQO/eZ37RoA6DpvHFo</string>
</map>
