<?xml version='1.0' encoding='utf-8' standalone='yes' ?>
<map>
    <string name="client_static_keypair_pwd_enc">[2,&quot;f79N+X5SU9dOY8MqA64+oFY5Zc0pmciopI61lXT6SF8TjZtYdbqgTnD97kbHH\/0LXkhOOBvD0WWX+17wiSdkjw&quot;,&quot;c6Rxzj4W7wtjgLdhK4ExkA&quot;,&quot;+YCrMg&quot;,&quot;uzk8FJz+GOusG+dZmoFbfg&quot;]</string>
    <long name="client_static_keypair_enc_success" value="3" />
    <boolean name="can_user_android_key_store" value="true" />
    <string name="client_static_keypair_enc">[0,&quot;s4wBXskDx8qR0qZcxxZcAt6rNCVC2N+V1Is3EG2cK5N1s58D8Lr0o8ub76SKsHe85A5jZhiFjRRB7xNsL7YqQSb\/3SiHokhswv7Ls0OCa1k&quot;,&quot;Jed4tMudQnieGIgG&quot;]</string>
    <string name="server_static_public">qJWvSttNopqgQ2CgXYTc4jmSUKWd1Rv2QTMbQyYpKwY</string>
</map>
