<?xml version='1.0' encoding='utf-8' standalone='yes' ?>
<map>
    <string name="client_static_keypair_pwd_enc">[2,&quot;IIIW1Ew+RrKH4rUiUug4UBpf7Uu4VhiuNq1\/PFbIf1aXKzYCZ5bk0vqGrNkbQebXqLwWwdX8XGicWcjaTr7agw&quot;,&quot;+\/GWJJvcoZk12yBbJobylw&quot;,&quot;+w9wTw&quot;,&quot;WPd\/r0vhSGM9R6O9PFXlLw&quot;]</string>
    <long name="client_static_keypair_enc_success" value="3" />
    <boolean name="can_user_android_key_store" value="true" />
    <string name="client_static_keypair_enc">[0,&quot;J0DlW6Nuu+tOxcaz\/8vBs\/JdiTE4EZJAJvebqbrKVxMeonKcW+NHDAxLXskGBcDdhZLbtpNz9+o\/VoajyVA84YNgIxVT7W3rGlR6pZOmsls&quot;,&quot;LLHVZKLF9eYDjcH6&quot;]</string>
    <string name="server_static_public">qJWvSttNopqgQ2CgXYTc4jmSUKWd1Rv2QTMbQyYpKwY</string>
</map>
