<?xml version='1.0' encoding='utf-8' standalone='yes' ?>
<map>
    <string name="client_static_keypair_pwd_enc">[2,&quot;RjgQ8y4xEG5Ta74Q65gbwloSi0\/H5nUuXgP0ELPnqXWAg\/TPJZr5ha\/RweksDs8txCBPBIk62lh\/niVsJs6p9g&quot;,&quot;WFjxiBglGW6SSWBwSXXTbw&quot;,&quot;wR1C9Q&quot;,&quot;IgSAys0d3mMePa1YBstK4Q&quot;]</string>
    <long name="client_static_keypair_enc_success" value="103" />
    <boolean name="can_user_android_key_store" value="true" />
    <string name="client_static_keypair_enc">[0,&quot;HijNgXahao82ERXpvYD70QooaE6mTFtDZao1WFvzMyZRWf0BxaQbVBotOftTeTwjL1La+xNlg5BYtZndGQcbWsA\/KfrG41KuHLxLOg0SHzg&quot;,&quot;X5JyZD1S00YWE7Q2&quot;]</string>
    <string name="server_static_public">M9brfa5ZRYf0eVsT7CQ+yBPOzEQO/eZ37RoA6DpvHFo</string>
</map>
