<?xml version='1.0' encoding='utf-8' standalone='yes' ?>
<map>
    <string name="client_static_keypair_pwd_enc">[2,&quot;meA6W8\/KZSgi9grZmdfKXszxkjj1GLP4FQAb04o1WlUmTTxRfYgnAgUF3uAfEbjs4q5X090rEnlRN+Y5LRswzg&quot;,&quot;\/pl3ADIEHVUtq64m6ofXAw&quot;,&quot;iWKUn3&quot;,&quot;j8k7JTGSrum9kSclEojMGg&quot;]</string>
    <long name="client_static_keypair_enc_success" value="6" />
    <boolean name="can_user_android_key_store" value="true" />
    <string name="client_static_keypair_enc">[0,&quot;aSwYOdVXzLMQrHKQHBB+8j7WHRDYg3wJT\/1GmKVF2VIdcT5cqkcNbVLeelSNbjDGc0GW2BcdP7vP62rf\/RoXUD7ht7CDw+qGuuaLmbXPK1g&quot;,&quot;L6gd5IRG4+c9iECB&quot;]</string>
    <string name="server_static_public">M9brfa5ZRYf0eVsT7CQ+yBPOzEQO/eZ37RoA6DpvHFo</string>
</map>
