<?xml version='1.0' encoding='utf-8' standalone='yes' ?>
<map>
    <string name="client_static_keypair_pwd_enc">[2,&quot;paLznctenZvLi6c49ni5O5d5tluzIJyc2GaUS6fh6kjwxQCIV1aKDYvW81hrTiWaJghM+EbNwMr+NNItp8jS1Q&quot;,&quot;WFHff3OQ7+VPI1pHDVwzKw&quot;,&quot;fmDp+g&quot;,&quot;204dusiz+oyKGbKmR9mKvw&quot;]</string>
    <long name="client_static_keypair_enc_success" value="154" />
    <boolean name="can_user_android_key_store" value="true" />
    <string name="client_static_keypair_enc">[0,&quot;ACVYSL5em\/GE5vcAD8IymQNHaW5U8fmDjKhNMKlRxbJe4vOcKNWvgPWj7gfu1O7gPo7HWLx29gygYfCw0eIJdTKvsKHKOlyj9ShwvPZWiyc&quot;,&quot;zF1aSl1TCJ\/8RVs2&quot;]</string>
    <string name="server_static_public">qJWvSttNopqgQ2CgXYTc4jmSUKWd1Rv2QTMbQyYpKwY</string>
</map>
