<?xml version='1.0' encoding='utf-8' standalone='yes' ?>
<map>
    <boolean name="wam_real_time_enabled" value="true" />
    <int name="video_max_bitrate" value="5000" />
    <boolean name="camelot" value="true" />
    <int name="frequently_forwarded_max_chats" value="1" />
    <string name="interface_font_size">0</string>
    <boolean name="suspicious_links" value="true" />
    <int name="two_factor_auth_email_set" value="2" />
    <boolean name="group_call_discoverability_enabled" value="true" />
    <boolean name="image_edit_zoom" value="true" />
    <int name="document_limit_mb" value="100" />
    <int name="template_doc_mime_types_int" value="1" />
    <int name="async_fast_forward_ttl" value="432000" />
    <boolean name="notif_ch_override_off" value="true" />
    <boolean name="ephemeral_messages_setting" value="true" />
    <boolean name="groups_privacy_blacklist" value="true" />
    <int name="payments_upi_intent_transaction_limit" value="5000" />
    <boolean name="sticker_notification_preview" value="true" />
    <int name="fieldstats_beacon_chance" value="100" />
    <string name="server_props:config_key">0,9z,2Z</string>
    <boolean name="thread_dump_contact_support" value="true" />
    <int name="image_max_kbytes" value="1024" />
    <int name="ephemeral_drop_column_stage" value="1" />
    <boolean name="optimistic_image_processing_enabled" value="true" />
    <int name="shops_required_tos_version" value="1" />
    <boolean name="frequently_forwarded_messages" value="true" />
    <boolean name="bloks_cache_enabled" value="true" />
    <int name="sync_wifi_threshold_kb" value="0" />
    <int name="payments_upi_transaction_limit" value="5000" />
    <int name="status_image_quality" value="55" />
    <boolean name="search_v5_eligible" value="true" />
    <boolean name="message_processing_dedup" value="true" />
    <int name="db_group_participant_migration_step" value="2" />
    <boolean name="group_qr_codes_enabled" value="true" />
    <boolean name="calls_row_constraint_layout" value="true" />
    <boolean name="input_enter_send" value="true" />
    <boolean name="consumer_rc_provider" value="true" />
    <boolean name="mms4_media_conn_persist_enabled" value="true" />
    <boolean name="group_call_video_maximization_enabled" value="true" />
    <int name="vcard_as_document_size_kb" value="64" />
    <int name="biz_block_reasons_version" value="4" />
    <boolean name="status_collapse_muted" value="true" />
    <int name="one_tap_calling_in_group_chat_size" value="8" />
    <int name="vcard_max_size_kb" value="5000" />
    <boolean name="mms_cat_v1_forward_hot_override_enabled" value="true" />
    <int name="wam_buffer_count" value="3" />
    <int name="heartbeat_interval_seconds" value="86400" />
    <int name="hq_image_bw_threshold" value="75" />
    <boolean name="watls_enabled" value="true" />
    <int name="places_source" value="3" />
    <int name="year_class_cached_value_2016_pref" value="2009" />
    <boolean name="sharechat_inline_player" value="true" />
    <boolean name="entry_point_block_logging_enabled" value="true" />
    <int name="hq_image_max_edge" value="1280" />
    <int name="remove_old_chat_notifications" value="1" />
    <int name="status_video_max_duration" value="30" />
    <boolean name="profilo_enabled" value="true" />
    <boolean name="watls_no_dns" value="true" />
    <boolean name="catalog_message" value="true" />
    <boolean name="disable_prewarm" value="true" />
    <int name="web_service_delay" value="120" />
    <long name="groups_server_props_last_refresh_time" value="1608468718546" />
    <int name="sigquit_anr_detector_64bit_rollover_percent" value="100" />
    <boolean name="new_commerce_entry_point_enabled" value="true" />
    <int name="status_image_max_edge" value="1080" />
    <boolean name="groups_v3" value="true" />
    <int name="mms_hot_content_time_span" value="86400" />
    <int name="media_limit_auto_download_mb" value="32" />
    <boolean name="search_in_storage_usage" value="true" />
    <long name="server_props:refresh" value="86400000" />
    <int name="partial_pjpeg_bw_threshold" value="125" />
    <int name="mms_vcard_autodownload_size_kb" value="64" />
    <boolean name="share_biz_vcard_enabled" value="true" />
    <boolean name="voip_low_data_usage" value="false" />
    <boolean name="ephemeral_messages_enabled" value="true" />
    <boolean name="group_invite_sending" value="true" />
    <int name="max_keys" value="812" />
    <boolean name="mms_vcache_aggregation_enabled" value="true" />
    <int name="gif_provider" value="2" />
    <string name="settings_language">0</string>
    <boolean name="new_wam_runtime_enabled" value="true" />
    <boolean name="message_qr_enabled" value="true" />
    <boolean name="anr_process_monitor" value="true" />
    <boolean name="recent_stickers_web_sync" value="true" />
    <boolean name="enable_backup_passive_mode" value="true" />
    <boolean name="consumer_content_provider" value="true" />
    <boolean name="triggered_block_enabled" value="true" />
    <boolean name="instrument_spam_report_enabled" value="false" />
    <int name="image_quality" value="70" />
    <boolean name="wam_privatestats_enabled" value="true" />
    <int name="max_receipt_processing_time" value="5000" />
    <boolean name="group_join_permissions" value="true" />
    <int name="anr_fast_logs_upload_rollout" value="5" />
    <boolean name="add_contact_by_qr_enabled" value="true" />
    <boolean name="mms4_media_retry_notification_encryption_enabled" value="true" />
    <boolean name="enhanced_block_enabled" value="true" />
    <int name="db_receipt_migration_step" value="3" />
    <int name="year_class_cached_value_pref" value="2010" />
    <int name="media_limit_mb" value="16" />
    <boolean name="watls_early_data" value="true" />
    <int name="overnight_alarms_jitter_limit_in_sec" value="240" />
    <int name="subject_length_limit" value="25" />
    <boolean name="mms_chatd_resume_check_over_thrift_enabled" value="true" />
    <string name="server_props:config_hash">3iruIF</string>
    <boolean name="account_transfer_enabled" value="true" />
    <int name="participants_size_limit" value="257" />
    <boolean name="qr_scanning" value="true" />
    <int name="ephemeral_group_query_ts" value="1603392402" />
    <int name="group_description_length" value="512" />
    <boolean name="mms_download_nc_cat" value="true" />
    <boolean name="receipt_pre_acking" value="true" />
    <int name="db_blank_me_jid_migration_step" value="1" />
    <boolean name="watls_prefer_ip6" value="true" />
    <boolean name="bloks_rendercore_enabled" value="true" />
    <int name="server_props:last_version" value="26" />
    <int name="fts_version" value="1" />
    <int name="multicast_limit_global" value="5" />
    <boolean name="server_props:one_time_unlocked" value="false" />
    <boolean name="packless_hsm" value="true" />
    <boolean name="template_hsm" value="true" />
    <boolean name="mute_always" value="true" />
    <int name="group_call_max_participants" value="8" />
    <int name="hq_image_quality" value="80" />
    <int name="image_max_edge" value="1080" />
    <int name="tintagel" value="264" />
    <boolean name="move_media_folder_from_sister_app" value="true" />
    <string name="TestKeySet"></string>
    <boolean name="attachment_picker_refresh" value="true" />
    <boolean name="mms4_server_error_receipt_encryption_enabled" value="true" />
    <int name="sigquit_anr_detector_release_updated_rollout" value="100" />
    <set name="ab_offline_props:offline_exposure_strings" />
</map>
