<?xml version='1.0' encoding='utf-8' standalone='yes' ?>
<map>
    <long name="client_static_keypair_enc_success" value="48" />
    <string name="client_static_keypair_pwd_enc">[2,&quot;BdWUpbwgUZx3mmCF1hT7nrnzlu\/sIfizrj1K7lWdmyGIqalZ0mwtTUaxug+1U+IXX7m31\/d54uMDKYGYty9PYw&quot;,&quot;dtAKX6AdCEYAJqNAapCP5A&quot;,&quot;M2b2Qg&quot;,&quot;44YDfvbH04hKjblFircFgA&quot;]</string>
    <boolean name="can_user_android_key_store" value="true" />
    <string name="client_static_keypair_enc">[0,&quot;p8wysvR1eN+KH0Mjf6YmVF3s5Q4uV46OnkjY0PfHtcWwBuIPzcNdiQDo8CQNNtnX4dzV0Q29lz7mWXMmXQTNTkpbCa8306ziPERZWo48bWc&quot;,&quot;C1D6A4MsawpAo\/Zy&quot;]</string>
    <string name="server_static_public">qJWvSttNopqgQ2CgXYTc4jmSUKWd1Rv2QTMbQyYpKwY</string>
</map>
