<?xml version='1.0' encoding='utf-8' standalone='yes' ?>
<map>
    <string name="client_static_keypair_pwd_enc">[2,&quot;wkGXRP4FCrMQFEbtozi2buYaq8p5DTapB1+yVRql6+ETklBPuVi\/ZI+G3jRDWawSK6Nt5gqGUQz1tzRu7JlN9A&quot;,&quot;onDJ5EIVAw0vEYBAsvGJhw&quot;,&quot;\/KS4bA&quot;,&quot;JPDGk+CDHewDBon7Ph2y7g&quot;]</string>
    <long name="client_static_keypair_enc_success" value="35" />
    <boolean name="can_user_android_key_store" value="true" />
    <string name="client_static_keypair_enc">[0,&quot;VdwX6RBxuMW3xUNR0PcEpSLXoiuSCkuRZU+0NMALBpip3xPC8mYETzu607BgSZNeTxDXWbA0c3AWteQFBtypINzzGosJXObnW+4JHhbcZr0&quot;,&quot;ZYm5IAkC6JwEqFdV&quot;]</string>
    <string name="server_static_public">qJWvSttNopqgQ2CgXYTc4jmSUKWd1Rv2QTMbQyYpKwY</string>
</map>
