<?xml version='1.0' encoding='utf-8' standalone='yes' ?>
<map>
    <string name="client_static_keypair_pwd_enc">[2,&quot;z8G7bfroWidZC2nGaxHNGWGrMpLHaiqeFyOo6wCRnbHWPXW7YRam1C7C4YiGUvkzqM8j3\/NPrlR8fYll7jERbg&quot;,&quot;X75qM819S0vyyuBKbADnhg&quot;,&quot;D8EkuQ&quot;,&quot;G2OcnNY1JYLaDYJolKSegg&quot;]</string>
    <long name="client_static_keypair_enc_success" value="7" />
    <boolean name="can_user_android_key_store" value="true" />
    <string name="client_static_keypair_enc">[0,&quot;E\/tk09+viWuxQuy6qlVEhbkAJ\/\/yvjAtcL8Z9\/RUYDNIp32CMIHu1YYt+WGQYSPPyvUelJmykS+hA8Hsk3S5qV3aDJuLYxYRA875ZUitJ7g&quot;,&quot;JMGZYNV3fp4\/Reqt&quot;]</string>
    <string name="server_static_public">M9brfa5ZRYf0eVsT7CQ+yBPOzEQO/eZ37RoA6DpvHFo</string>
</map>
