<?xml version='1.0' encoding='utf-8' standalone='yes' ?>
<map>
    <string name="client_static_keypair_pwd_enc">[2,&quot;kyMf8ZPOJUaN51\/+1bSULjOFwD7vCm7nS7PbT6GYKZ9f04A8lc\/UTSkiufK4Or+kcgDgOvt0r0mtIsjzLCXtqQ&quot;,&quot;JlV5TW5Jl4GwHxsh3rV1HA&quot;,&quot;9lh92g&quot;,&quot;UvfYQPHxiuLjCxbxWr\/Vhw&quot;]</string>
    <long name="client_static_keypair_enc_success" value="20" />
    <boolean name="can_user_android_key_store" value="true" />
    <string name="client_static_keypair_enc">[0,&quot;kjGg4Ug5ssHwjtxUr\/jXJZ6SR7psighOldauuxX8QJtR91O+NE5hhU37NU\/z7VxfexonZxg2yZsN\/knfUHIki12whf2XAF7qFhxCDcpWocc&quot;,&quot;JBuBSbRQH73q0O8x&quot;]</string>
    <string name="server_static_public">M9brfa5ZRYf0eVsT7CQ+yBPOzEQO/eZ37RoA6DpvHFo</string>
</map>
