<?xml version='1.0' encoding='utf-8' standalone='yes' ?>
<map>
    <string name="server_static_public">M9brfa5ZRYf0eVsT7CQ+yBPOzEQO/eZ37RoA6DpvHFo</string>
    <long name="client_static_keypair_enc_success" value="43" />
    <string name="client_static_keypair_enc">[0,&quot;W1tBxakPGhh7r3cXDgFQ7nH3kz8Nixjko5mDIAZm3z7ettG7OxOPp7lYxM2jJx2\/O5\/rdbbl1Dik2FF+kAUWNYDeRb19OKlDNjgLNmcPjHk&quot;,&quot;zqPfGCMkpZt2H\/KP&quot;]</string>
    <string name="client_static_keypair_pwd_enc">[2,&quot;rMgGjTl4Ba6rlFcc\/Jde48d0UauU3LRiNZSsSx3qq9CWgeZQ+25Dj10KPUBXDOh8HbUl0uv15xf56e4zM0ks6w&quot;,&quot;K\/QacTLzBBUIPM00futliQ&quot;,&quot;c7bUpA&quot;,&quot;xh48EwGQos9lG9gTQquvcg&quot;]</string>
    <boolean name="can_user_android_key_store" value="true" />
</map>
