<?xml version='1.0' encoding='utf-8' standalone='yes' ?>
<map>
    <long name="client_static_keypair_enc_success" value="5" />
    <string name="client_static_keypair_enc">[0,&quot;HWa2B\/Y9O7BROUwA2eZoLwWa3HEOl23iPQentJzjBco6QVqIfsNGRBVxeqRSbDEFLQcAwM12rMZCrd3Q3X7lhtpMjjbO2Jc1yyBeoD2UgM4&quot;,&quot;AEV7+CLnggPq7E8o&quot;]</string>
    <string name="server_static_public">qJWvSttNopqgQ2CgXYTc4jmSUKWd1Rv2QTMbQyYpKwY</string>
    <string name="client_static_keypair_pwd_enc">[2,&quot;jFyGYGPjBQLwm8AlwNbE4T2hV5YG33yLkg8BGZnVB8v4TDnT0Laurospum2vpHuFN00ZYHHxIhL4A2IBlXrK3w&quot;,&quot;3hqU5lZA62EabucWdwxyRA&quot;,&quot;5BLiwg&quot;,&quot;5Cruxs7FBXCsoSLNVhC6Ew&quot;]</string>
    <boolean name="can_user_android_key_store" value="true" />
</map>
