<?xml version='1.0' encoding='utf-8' standalone='yes' ?>
<map>
    <string name="client_static_keypair_pwd_enc">[2,&quot;1tA+8Pg3cnkAJ+jwWl+yUQhf+TXAPIegwzKfz86WD7YJNwgOqbpfVWXnoTy9+VV\/jTJgX9uAtztQBg5EPuma5Q&quot;,&quot;XuwuFX+fbLiYJqBQDD3h3A&quot;,&quot;4Lyd8A&quot;,&quot;7JF1cv1fH\/kwXS4Ebo5Tlg&quot;]</string>
    <long name="client_static_keypair_enc_success" value="1" />
    <boolean name="can_user_android_key_store" value="true" />
    <string name="client_static_keypair_enc">[0,&quot;S4T2AHWxbzIoOSZ3Od6eRf79+Zsy2b8Cr5ub2DLau8tZ0eIRfTbC6iozSQyFWFo2grY8UF9tnBDoa\/QPsD5X5QPUQ253Vanh0l3SjdCg+YY&quot;,&quot;OwX4+RQuYlxqWBjm&quot;]</string>
    <string name="server_static_public">qJWvSttNopqgQ2CgXYTc4jmSUKWd1Rv2QTMbQyYpKwY</string>
</map>
