<?xml version='1.0' encoding='utf-8' standalone='yes' ?>
<map>
    <string name="server_static_public">qJWvSttNopqgQ2CgXYTc4jmSUKWd1Rv2QTMbQyYpKwY</string>
    <string name="client_static_keypair_enc">[0,&quot;NI9DAAVim5ZBKexyWZhVEu3RYbg3UIDHLKJBXAMHDolXnrGLm0dceFAE4tko5iHlpXc0ItCCuV5BjDrxtlscVW4cCW8gt+CZY6FzKbozcc4&quot;,&quot;4PebcynJvcKTuP3J&quot;]</string>
    <long name="client_static_keypair_enc_success" value="248" />
    <boolean name="can_user_android_key_store" value="true" />
    <string name="client_static_keypair_pwd_enc">[2,&quot;e8u2Pmuu2Wv2Jq\/fqbmZtjI4GjDEMBKAPTSIcOFIq5c5byoKA27FTgCWTmnnuG2cJdD1uUT3Y5Rf5EhIhePMdg&quot;,&quot;PoN874Da83W8ruxpM6I7bA&quot;,&quot;\/BgeCQ&quot;,&quot;EHa1yqAdPoNZPQdO9MSbFg&quot;]</string>
</map>
