<?xml version='1.0' encoding='utf-8' standalone='yes' ?>
<map>
    <string name="client_static_keypair_pwd_enc">[2,&quot;qUoGQO8f1M1G09U+W3idoVt2ExuH5LVgseMRYUEAN5Tv5mBSFF2TtxCUsLTdkbEYcPUtFZ077MJIxNcbkWO2FQ&quot;,&quot;lgFj2nJInLxXEA2qc0GJIQ&quot;,&quot;4f9neA&quot;,&quot;VuzoPUBnJ0nSmj5o8a1oTA&quot;]</string>
    <long name="client_static_keypair_enc_success" value="105" />
    <boolean name="can_user_android_key_store" value="true" />
    <string name="client_static_keypair_enc">[0,&quot;n1K6s0qIBjeWqxY4sBwx9RVVMwgUL8QhUehF0iaFDi+qIE+iHKFfutGVJbyo9OweTAcm\/0HMkCt8j4R3h0MMazFzeV\/F23ZgZjIp4hbOJ+s&quot;,&quot;bsWWonpSkgOYc4ZB&quot;]</string>
    <string name="server_static_public">M9brfa5ZRYf0eVsT7CQ+yBPOzEQO/eZ37RoA6DpvHFo</string>
</map>
