<?xml version='1.0' encoding='utf-8' standalone='yes' ?>
<map>
    <string name="client_static_keypair_pwd_enc">[2,&quot;5CWj81ma8rrcmtnypXXje37byPPdDFlp\/PaZW9qxz\/g5tPxHkdycw1Sx1jF8Btch0REYqH6cblI3iDdn3W1ERA&quot;,&quot;NfUHhE2zkjOUZ+WCQe8kkA&quot;,&quot;u3Tzdg&quot;,&quot;Ew5FJ\/okHdW8HaHKyDpf8w&quot;]</string>
    <long name="client_static_keypair_enc_success" value="13" />
    <boolean name="can_user_android_key_store" value="true" />
    <string name="client_static_keypair_enc">[0,&quot;JUCndcdzBy71UE3WnPB\/BssS+WaSPmq\/1M0BHpyNiqpp7IRJ1atzEmDEqZpuCcTVHAE67ejuxKCNrhf0fc5mvSGA7Och\/X8FmuczGT4q5i8&quot;,&quot;N\/3eishdcAqzkCAb&quot;]</string>
    <string name="server_static_public">M9brfa5ZRYf0eVsT7CQ+yBPOzEQO/eZ37RoA6DpvHFo</string>
</map>
