<?xml version='1.0' encoding='utf-8' standalone='yes' ?>
<map>
    <string name="client_static_keypair_pwd_enc">[2,&quot;O2Ok8w+cH5IiJ7sjzhjjr+DS0l2fPae9M1quJjiqMOhTvzBqGCJnJn64ZHXKmjZ\/XVPXtVDpjUmzxO899Mto4A&quot;,&quot;laBOVF4p9L3L2+Lljq2LYw&quot;,&quot;ZRuyyw&quot;,&quot;CkmC5u0aDZgsjfwGRR+chg&quot;]</string>
    <long name="client_static_keypair_enc_success" value="28" />
    <boolean name="can_user_android_key_store" value="true" />
    <string name="client_static_keypair_enc">[0,&quot;8wxMAEopb\/\/T0GTsjx66WrrB5aQvWifAnQICgD48rei8ZamP6Q\/PJdxAoSpKPZs8EyvPxQxOUfDHGGvQZu4Zlrpgw3DK4CNemNTgQ3jDlfE&quot;,&quot;lf4EBi5hgWjUmhLt&quot;]</string>
    <string name="server_static_public">qJWvSttNopqgQ2CgXYTc4jmSUKWd1Rv2QTMbQyYpKwY</string>
</map>
