<?xml version='1.0' encoding='utf-8' standalone='yes' ?>
<map>
    <long name="client_static_keypair_enc_success" value="31" />
    <string name="client_static_keypair_pwd_enc">[2,&quot;badQxDb3wREKoA39fzB8lrHn9iyLm8yDxqFDk+sGp6lZBB5+7ZqYKlDnWYwYww5YfC1X5\/GPz\/lGBWavqlsIzQ&quot;,&quot;+3nc9tAy+4jUuz3u67o2zg&quot;,&quot;wogCVg&quot;,&quot;KzMG2AH63I8s4wfC8wLPjA&quot;]</string>
    <boolean name="can_user_android_key_store" value="true" />
    <string name="client_static_keypair_enc">[0,&quot;Q2OMcComJMfBKaN9eAJWhfP\/6KWW4fdASwFS99AMLbvEIp4yaglLNRzbshKf7heuCL2MqhaB9l0bN9i+HHc4qGo\/8m+3SmNZA7PSMUT79MQ&quot;,&quot;2K1YpzqAPFQ45vcd&quot;]</string>
    <string name="server_static_public">M9brfa5ZRYf0eVsT7CQ+yBPOzEQO/eZ37RoA6DpvHFo</string>
</map>
