<?xml version='1.0' encoding='utf-8' standalone='yes' ?>
<map>
    <string name="client_static_keypair_pwd_enc">[2,&quot;NTDXIc9RV7XhCG+ymhyiRStU7K6sgzGPGqqq5tWCS3bklpeaiagnTeEXBeGyrQI\/SK1zwHGQKvoJ0nYnNX6yoA&quot;,&quot;mmOXyDhOh9q1PlzCEpZrTA&quot;,&quot;4VmoFw&quot;,&quot;ROPdv3oRBfN2Ph0Cm0hSvQ&quot;]</string>
    <long name="client_static_keypair_enc_success" value="19" />
    <boolean name="can_user_android_key_store" value="true" />
    <string name="client_static_keypair_enc">[0,&quot;1JKqLzxBRRt6QJt6gvLCdgHCmSDNkdLIuyQgkQerOXS3dXNyOf8mbxZTKOnpOpn4mI+n0H8t8UuaWGMi4Qde37NifKS9ZHQ9wPgqaXlKnd0&quot;,&quot;or3EPVfP60PEz3xL&quot;]</string>
    <string name="server_static_public">qJWvSttNopqgQ2CgXYTc4jmSUKWd1Rv2QTMbQyYpKwY</string>
</map>
