<?xml version='1.0' encoding='utf-8' standalone='yes' ?>
<map>
    <string name="client_static_keypair_pwd_enc">[2,&quot;NFMJVNkYJ3Tr4Z8X83LlLKIMKtWiV5GkhQ9hQD3M+oMb\/fSSOjlNBvVr3u5IYZN5SELcX5daZ4aFKH9S3jxGlw&quot;,&quot;KSflfZqmhqvARMG\/1BasMw&quot;,&quot;4PVtrA&quot;,&quot;tieJ7Z0XSNv50mzZeM0sJw&quot;]</string>
    <long name="client_static_keypair_enc_success" value="13" />
    <boolean name="can_user_android_key_store" value="true" />
    <string name="client_static_keypair_enc">[0,&quot;pnZMfezPgjHAMsUrhNAiBJADhm3\/\/1HKcsGbPL\/aNNJ71pIBTFhHSWnwf\/QtSZFhUal4CGR\/rR2JizHfsSZSVAKg8ro8PILq+ODK2JiXO9I&quot;,&quot;ivPyJFnWroZKFYMK&quot;]</string>
    <string name="server_static_public">qJWvSttNopqgQ2CgXYTc4jmSUKWd1Rv2QTMbQyYpKwY</string>
</map>
