<?xml version='1.0' encoding='utf-8' standalone='yes' ?>
<map>
    <string name="client_static_keypair_pwd_enc">[2,&quot;Orq3x0K5E7J3hB9n1oqZAo2YZJ+OuBD\/8YT6Yx7jPiJWjtlXC6CwRINRMqSaFurEd4R\/mAyOfu6L8pUJZE3XSw&quot;,&quot;InmdVSwl6HbYizWHsZ4mBg&quot;,&quot;ObKT9w&quot;,&quot;C1zwOKyztzOC8Hu0i8shhg&quot;]</string>
    <long name="client_static_keypair_enc_success" value="19" />
    <boolean name="can_user_android_key_store" value="true" />
    <string name="client_static_keypair_enc">[0,&quot;O4JzwjBpdoy2q3IewVhD9rfyg1IVN2Bcb6G5kklm+CLgOvoqBkhLk7XC40mUlECtSnz0\/KR4S6lYvRGq0xPoQOkQEyTsgwkmw7z3TkNcxK0&quot;,&quot;jjHlrKppELrKgIvB&quot;]</string>
    <string name="server_static_public">M9brfa5ZRYf0eVsT7CQ+yBPOzEQO/eZ37RoA6DpvHFo</string>
</map>
