<?xml version='1.0' encoding='utf-8' standalone='yes' ?>
<map>
    <string name="client_static_keypair_pwd_enc">[2,&quot;mXazHU4OJ7M6EZv78U24ueHvjjmGvzGo\/rWjnhEI3pdNcwNlPVoIVXt1Am7rbaxSUFOmMxw4rvUY\/JZX+hsGKQ&quot;,&quot;oCG\/7chZYnXn7f+\/A51mJg&quot;,&quot;Xb2CsQ&quot;,&quot;vKJjtncmA42rITwo75BpBg&quot;]</string>
    <long name="client_static_keypair_enc_success" value="31" />
    <boolean name="can_user_android_key_store" value="true" />
    <string name="client_static_keypair_enc">[0,&quot;awvD2ukTZUCw8wVhAKsSjQ\/nTEl5klA7afZY\/1urS2t01js4uBAJ23qVRoyJQ7I9PU8IG6lVS9+aRVg0pvi1KhLpI8L8t437tFPfiXmOAic&quot;,&quot;OPk2TbY+8uA3rU5M&quot;]</string>
    <string name="server_static_public">qJWvSttNopqgQ2CgXYTc4jmSUKWd1Rv2QTMbQyYpKwY</string>
</map>
