<?xml version='1.0' encoding='utf-8' standalone='yes' ?>
<map>
    <string name="server_static_public">qJWvSttNopqgQ2CgXYTc4jmSUKWd1Rv2QTMbQyYpKwY</string>
    <string name="client_static_keypair_enc">[0,&quot;S+x\/\/lTcxgu3hkFi6qfn0wK3xjBhxgEbjetG9G86syjMcF8HCJwp\/Klu8ITkjjkfy9K8FoBPkHABhX2nNLSc\/rlPg203EX2AdQMy21X940Q&quot;,&quot;N\/pdqFMCQnO4X5Cu&quot;]</string>
    <long name="client_static_keypair_enc_success" value="4875" />
    <string name="client_static_keypair_pwd_enc">[2,&quot;7Yyi\/YAFaN3q7pm7HXDsU8Vlo+dMlYq0wDeZHCyZBIHHNrYyD99JXg\/cXygXoJ9mcJ2vxwaTdTVf\/kt\/g6PVaA&quot;,&quot;m7Wr3LEsJDToXIETHoTL3A&quot;,&quot;HaF31Q&quot;,&quot;RoLvmk5O1ffX8aKNpmkUkQ&quot;]</string>
    <boolean name="can_user_android_key_store" value="true" />
</map>
