<?xml version='1.0' encoding='utf-8' standalone='yes' ?>
<map>
    <string name="client_static_keypair_pwd_enc">[2,&quot;gkz5GoLBEvPGVH9oWAAz9TapT2MiGMHo+v4vu3SUKzXno9up2Hn5u8aK5PQdj7FLUnxq3V++FVA+1p2da72wOQ&quot;,&quot;yu6zMggaZzCos\/rB1VAJng&quot;,&quot;aguZIQ&quot;,&quot;+xaKGRcjeCZ6HBLTZMusNA&quot;]</string>
    <long name="client_static_keypair_enc_success" value="2" />
    <boolean name="can_user_android_key_store" value="true" />
    <string name="client_static_keypair_enc">[0,&quot;svQ3Sl4BST0UFr3uPgc0cCHKp5EFmxN+sZVxQU\/za1Ejup\/S9HU\/qGh7Oh9tlQns3nG4FXRS8OfsXmWBCWrdOomJ6Uemxw\/6dDLIkUOWSCg&quot;,&quot;o1Xq52I7dGqLjf2P&quot;]</string>
    <string name="server_static_public">qJWvSttNopqgQ2CgXYTc4jmSUKWd1Rv2QTMbQyYpKwY</string>
</map>
