<?xml version='1.0' encoding='utf-8' standalone='yes' ?>
<map>
    <string name="client_static_keypair_pwd_enc">[2,&quot;5p8QvXm1mjwNOdLy2er2ncHNwA\/cN8EuAW4xjtJkijJ+n1Snt1P8pb8EcKAIjm3uHvzbDiP3sAuxPOz5mBuDbA&quot;,&quot;lBBdLo9muWv5KJzSpN4TVw&quot;,&quot;TwCZIA&quot;,&quot;Gt3NDdX6cfs2rBhQ0xUk9g&quot;]</string>
    <long name="client_static_keypair_enc_success" value="1" />
    <boolean name="can_user_android_key_store" value="true" />
    <string name="client_static_keypair_enc">[0,&quot;inXFpmNyt1+RDJB4q45GPxHfeE4\/ar6lLNrLUgcm\/v+JFAtBUMeofY\/XPH\/8jlr4t1WrucCXJ0pNoS2NS539p5sD2ztZbBCemKKKKg12z4M&quot;,&quot;r2ce64UGS0bFHXxX&quot;]</string>
    <string name="server_static_public">M9brfa5ZRYf0eVsT7CQ+yBPOzEQO/eZ37RoA6DpvHFo</string>
</map>
