<?xml version='1.0' encoding='utf-8' standalone='yes' ?>
<map>
    <long name="client_static_keypair_enc_success" value="201" />
    <string name="client_static_keypair_pwd_enc">[2,&quot;pM98RH42kbFNyiazW00Ul9udk5uWZO0tkOQIYd+MKRhvuEwmoAGX8LPsR8ouuV4V7NzD6dUh3nI8DgGlUPbWPQ&quot;,&quot;DTeTtWja4z4beyxRdePnyQ&quot;,&quot;cQoDOg&quot;,&quot;tYvGaOFA+YKTCG7luKOZfg&quot;]</string>
    <boolean name="can_user_android_key_store" value="true" />
    <string name="client_static_keypair_enc">[0,&quot;YZb4K0rCNwpcsPA8wzDpL2oUSjWJIDVT\/MNv5oHnfcwO63ZWY8tSGm9XJilcgSHfKrcxn9aJOus5J1PMfGrL8bvPgfuPCLT7lgBqSXjMGew&quot;,&quot;9NFnxoSqkR5nP1\/J&quot;]</string>
    <string name="server_static_public">M9brfa5ZRYf0eVsT7CQ+yBPOzEQO/eZ37RoA6DpvHFo</string>
</map>
