<?xml version='1.0' encoding='utf-8' standalone='yes' ?>
<map>
    <long name="client_static_keypair_enc_success" value="1621" />
    <string name="client_static_keypair_enc">[0,&quot;HInH3VOH7WIo\/iXSoCdTx254LxNUA3snLWsBfVK1ekaqkmfnxYcoEHiAQ3ot6yhH5J6nQ\/le9SXYsHEqTkQwseVllH55r26o37FppnKFjKY&quot;,&quot;Af7JO7OEju4BiA1a&quot;]</string>
    <string name="server_static_public">qJWvSttNopqgQ2CgXYTc4jmSUKWd1Rv2QTMbQyYpKwY</string>
    <boolean name="can_user_android_key_store" value="true" />
    <string name="client_static_keypair_pwd_enc">[2,&quot;8TcJW1Lib8dupTP0\/CePREefBx\/61Kqmg6SkaKWPreVuZP25QUZv\/RIYmHfvARSJSmvaz9\/ToaGXYzF00B22IA&quot;,&quot;2rmkfHzpPmXWP\/5YaROK1w&quot;,&quot;uCw+CA&quot;,&quot;zlitGUc6uUf\/Q9NaDzQ53g&quot;]</string>
</map>
