<?xml version='1.0' encoding='utf-8' standalone='yes' ?>
<map>
    <string name="client_static_keypair_pwd_enc">[2,&quot;NG0xaye6MjpE2n1DfeNxXaJCN3s8C9gqDQulFXb7iZlDWaKT0jIG2nOivyFdIamYUCRABA+HdPG6wrm4jLqcjg&quot;,&quot;urVlTGPa0l1WUxCe2w8IAw&quot;,&quot;i4fATg&quot;,&quot;7bGRodpj9wFTOrxU0wiwwQ&quot;]</string>
    <long name="client_static_keypair_enc_success" value="18" />
    <boolean name="can_user_android_key_store" value="true" />
    <string name="client_static_keypair_enc">[0,&quot;HIHRomm1KqjuQxzbBvAiRZ7DD0deykNao5QJH9dYbvdO\/RhO0en4NwwebtZ7TNFGyJj+haG5031l3hpCO1Mt0gnNf9ab\/Rr0MIWgac6Vl2s&quot;,&quot;WeVwmJctX9R7ubG9&quot;]</string>
    <string name="server_static_public">M9brfa5ZRYf0eVsT7CQ+yBPOzEQO/eZ37RoA6DpvHFo</string>
</map>
