<?xml version='1.0' encoding='utf-8' standalone='yes' ?>
<map>
    <string name="client_static_keypair_pwd_enc">[2,&quot;s\/n1ydThXt+6+hbvvD6arqSYfL4\/zb7+xMaBKjsdCZjfJQxpRxev7KvivXsTHimoQUyQMJz26R89TP32fCA+0w&quot;,&quot;Nde5q881+Zs3wHi67SVbyg&quot;,&quot;ZYAlTw&quot;,&quot;zbNZjgaHr70rCRFJdb9GcA&quot;]</string>
    <long name="client_static_keypair_enc_success" value="181" />
    <boolean name="can_user_android_key_store" value="true" />
    <string name="client_static_keypair_enc">[0,&quot;+uZwKf\/ZnMxzPC5wOMRAx57sqrYY3y6+MzF8Sc1DxYvuudrm2BfRZz7UPPDK2VADmeU3fWjb84l1LoCqLuw+7A3nN55NC5Zz1hzSVEN4ow0&quot;,&quot;a7p3CuqCpm8lz2Ya&quot;]</string>
    <string name="server_static_public">M9brfa5ZRYf0eVsT7CQ+yBPOzEQO/eZ37RoA6DpvHFo</string>
</map>
