<?xml version='1.0' encoding='utf-8' standalone='yes' ?>
<map>
    <long name="client_static_keypair_enc_success" value="573" />
    <string name="client_static_keypair_pwd_enc">[2,&quot;Y0cHcjzfCt5dcyUBtW8pOPPQcz10AIN+8e4DUrsp3JqEztMJSNVo+1V6tDU9w9UV1F+W8blAxrWRAnmCpRgmJA&quot;,&quot;wVXpibKxFv1BFRVy5xsy+g&quot;,&quot;oW+56g&quot;,&quot;OBrUkWWk5+MmHxBRKMhf1w&quot;]</string>
    <boolean name="can_user_android_key_store" value="true" />
    <string name="client_static_keypair_enc">[0,&quot;SKzQthCuBP0l9wwWBq4tCbYZOjvGo7yOqMj3DKjF3qH7GmnrM44kXFIGg1foGuFh1M4cmUuAd9QeMFSKtdmTA6wv3Ph5FYRl2UXpVXz+MmE&quot;,&quot;xJCOAsx1n3W9DPz8&quot;]</string>
    <string name="server_static_public">M9brfa5ZRYf0eVsT7CQ+yBPOzEQO/eZ37RoA6DpvHFo</string>
</map>
