<?xml version='1.0' encoding='utf-8' standalone='yes' ?>
<map>
    <string name="client_static_keypair_pwd_enc">[2,&quot;4+wEwHP3F\/aj4Mdwyz+8BB0V0UTNiUHhyNSWHWU4YCdNsrFiIB3ZS6Azrse\/aZ7ct5CALpcO1b74w7LX3WzcBw&quot;,&quot;lzLHBslHA1yHnq9WSAXiGg&quot;,&quot;2EiLRg&quot;,&quot;lX7x8TkDLHCnG0uIqFb7aA&quot;]</string>
    <long name="client_static_keypair_enc_success" value="3621" />
    <boolean name="can_user_android_key_store" value="true" />
    <string name="client_static_keypair_enc">[0,&quot;L0b0KwRjOUb4sj6\/jqMzaeDxsydF5BTFitgPtywp5+3JKF84utPt6dzPbGpQt0jk\/c\/mB9ERfB\/FPHHr6BVD08Vn6LsAjJQTLhtTi+p4M4M&quot;,&quot;+WlRZmvD8pKi\/B+9&quot;]</string>
    <string name="server_static_public">qJWvSttNopqgQ2CgXYTc4jmSUKWd1Rv2QTMbQyYpKwY</string>
</map>
