<?xml version='1.0' encoding='utf-8' standalone='yes' ?>
<map>
    <string name="client_static_keypair_pwd_enc">[2,&quot;AbHxm0skxh5fB3I8+4nCQnlyP9iZkfq6HhbKv1v+CgpRtpReVn0Es467JaykwJE7IsTI8OYyHXYQoqyKqL\/eZg&quot;,&quot;sOYB87SdzLm3EzY7farLkw&quot;,&quot;FdEdWA&quot;,&quot;AlI2WhV4E+Qq8BxLnaBoVw&quot;]</string>
    <long name="client_static_keypair_enc_success" value="13" />
    <boolean name="can_user_android_key_store" value="true" />
    <string name="client_static_keypair_enc">[0,&quot;b7l6cQg6LKsGIjRc\/WgViEykIKx7pN303hC9F8hMqdu60xuxgJBvd\/DYFdjWhX19vaNc1G+doEyito2XZ++JwgyjkN3Id5LadEWPCt5CpH8&quot;,&quot;8uPem3AT5+XHQVfs&quot;]</string>
    <string name="server_static_public">M9brfa5ZRYf0eVsT7CQ+yBPOzEQO/eZ37RoA6DpvHFo</string>
</map>
