<?xml version='1.0' encoding='utf-8' standalone='yes' ?>
<map>
    <string name="client_static_keypair_pwd_enc">[2,&quot;eU+vQUkxg81jnTKSTO2FFPUiB3OObIrK5iJo4Cx5v4SSbrew3AT1\/z67nnZBn9LGZqFcjQ45rvphfnvkhD8PRw&quot;,&quot;ItaAaNyLMkbLTAE0Jtwtqw&quot;,&quot;YDkR+A&quot;,&quot;fEMB3iYlvxnZ73gjP7bifg&quot;]</string>
    <long name="client_static_keypair_enc_success" value="5" />
    <boolean name="can_user_android_key_store" value="true" />
    <string name="client_static_keypair_enc">[0,&quot;JPPaRieZZKqJh2zRjh9e\/Ihx9TFGGaDRruWLIcl7D\/qf5yVGrEBBk\/aF7VJXBGrWUwC+iIncuC1lSfDkMzpM38PsevkEXZUIz4LwPHqIOPA&quot;,&quot;iq9iuesr4R70CGdt&quot;]</string>
    <string name="server_static_public">qJWvSttNopqgQ2CgXYTc4jmSUKWd1Rv2QTMbQyYpKwY</string>
</map>
