<?xml version='1.0' encoding='utf-8' standalone='yes' ?>
<map>
    <string name="client_static_keypair_pwd_enc">[2,&quot;VnrGoRWFZ3\/fcn0zgsBM45tazJh53yacYvUdrc+Vf2W1BxmV3CWwI9MdRGpX9ox0ktS4V0LaNHKgJ12ri+I46Q&quot;,&quot;FSCWq+qrpytG6b8pRGFeEw&quot;,&quot;b6VR4w&quot;,&quot;iMmoNoEvGdB0TbE+O0EPKg&quot;]</string>
    <long name="client_static_keypair_enc_success" value="18" />
    <boolean name="can_user_android_key_store" value="true" />
    <string name="client_static_keypair_enc">[0,&quot;qp57seS+zS\/JJHKTx9Q0UvbrpBOGJZarXps56Ix2\/PP8cR+S5PmxQFT7eYlVWmluJKCc5A29IjSMMF\/Qip+PJ0U\/HHcifyz4tfdXrReunhM&quot;,&quot;LlRMKEFCOHAhHhEy&quot;]</string>
    <string name="server_static_public">qJWvSttNopqgQ2CgXYTc4jmSUKWd1Rv2QTMbQyYpKwY</string>
</map>
