<?xml version='1.0' encoding='utf-8' standalone='yes' ?>
<map>
    <string name="client_static_keypair_pwd_enc">[2,&quot;Nu7vucjDdvC8mEDWPN6aTOCyriHAU3Ou7REl4H6flwfbGMMwwZysYyeSjQOJm0a84WAfV4BXdMubdkB7q1XIAA&quot;,&quot;07i\/9gHXodWiypaUBHP0ww&quot;,&quot;KsH6xA&quot;,&quot;dCR6qNufLWZW45bNCoCOWQ&quot;]</string>
    <long name="client_static_keypair_enc_success" value="99" />
    <boolean name="can_user_android_key_store" value="true" />
    <string name="client_static_keypair_enc">[0,&quot;ug5Rzkl\/h4shBWXRoHSfJVO14JwVYa4KDcDsqEXdtAXEahDl0X2+TLdw37wLYvETPYJFYTVJIUNd6TyXz8XP5uZ9aJH9mpnyLyDewLYYCHU&quot;,&quot;OfF8jWJHSPXRDbJ6&quot;]</string>
    <string name="server_static_public">M9brfa5ZRYf0eVsT7CQ+yBPOzEQO/eZ37RoA6DpvHFo</string>
</map>
