<?xml version='1.0' encoding='utf-8' standalone='yes' ?>
<map>
    <string name="client_static_keypair_enc">[0,&quot;15VprJfLuXYLQRkyh97hoJ5jdb00FeXyNZq5hQDHJjQ7US\/2ZO7VBg0SK\/7k1ktXFY0\/VjrO3gVV1zgnz3xT2ADKP\/hHlPO9VT7fWP21gZY&quot;,&quot;uCv0xfwR3GBaF8AU&quot;]</string>
    <long name="client_static_keypair_enc_success" value="11959" />
    <string name="server_static_public">qJWvSttNopqgQ2CgXYTc4jmSUKWd1Rv2QTMbQyYpKwY</string>
    <string name="client_static_keypair_pwd_enc">[2,&quot;LUimeSk\/x\/Y3\/sRh33W9LeqvUkTSd0lsBYOQpACEw\/0WZ8eOba5pN4axzh8bogzY\/3+HaU62GU88oMDLHcnnpA&quot;,&quot;hQYwhgGOtlINzNrEUYgyVA&quot;,&quot;+kRdDQ&quot;,&quot;15WN4SPwFqFweZIWiTNcyA&quot;]</string>
    <boolean name="can_user_android_key_store" value="true" />
</map>
