<?xml version='1.0' encoding='utf-8' standalone='yes' ?>
<map>
    <string name="client_static_keypair_pwd_enc">[2,&quot;liRLmCvrwV6fqvP5p9QmrR4zWmDA+ezK\/ck46xM2VeubAb6MEbApdM\/W6d1\/Ab67xV9dVvYGasmD9dBdlNVrWA&quot;,&quot;tg\/LV0N8zdUPqQ6D122e8g&quot;,&quot;rTEEYQ&quot;,&quot;oYGbTOv55ely9H8JIKsOAQ&quot;]</string>
    <long name="client_static_keypair_enc_success" value="131" />
    <boolean name="can_user_android_key_store" value="true" />
    <string name="client_static_keypair_enc">[0,&quot;HJZdsC8ZOsFnzZJuR9VXYLDkJH3uMFHuNJPu5alDW\/F0wP7mgv+CyfeHidfSxN8\/HgTqroBk2Xd6wULT\/+5ZViVjuLJLXrETPAnJsyvIZOQ&quot;,&quot;Pktzn6gDkgA1Pwpd&quot;]</string>
    <string name="server_static_public">M9brfa5ZRYf0eVsT7CQ+yBPOzEQO/eZ37RoA6DpvHFo</string>
</map>
