<?xml version='1.0' encoding='utf-8' standalone='yes' ?>
<map>
    <string name="client_static_keypair_pwd_enc">[2,&quot;OmnKFSUNKhuLK49eonAK9B4LVEK+CZvpHCr\/t3MoP3v4tkCoj+8RZ\/mmU8DkR4dbEzlHsdMtM7zyKmqgrorOmw&quot;,&quot;2DXt8EHKpL1eNjhvJ1pwbg&quot;,&quot;eoQ6ZA&quot;,&quot;EUkJ+3FkOEpJRlfnhzmCdw&quot;]</string>
    <long name="client_static_keypair_enc_success" value="48" />
    <boolean name="can_user_android_key_store" value="true" />
    <string name="client_static_keypair_enc">[0,&quot;CqbI4K65CIOuzW7YnYztsW4YON6gfN3rm8VUW00iNk+nWq3HldCSDCEdoXxnFVHsQ6ErX+rtwDILU7oOf8W7WDIcGNVTHpnvdTbLRhRzgsc&quot;,&quot;KUSiJHF55iPCf4sR&quot;]</string>
    <string name="server_static_public">qJWvSttNopqgQ2CgXYTc4jmSUKWd1Rv2QTMbQyYpKwY</string>
</map>
