<?xml version='1.0' encoding='utf-8' standalone='yes' ?>
<map>
    <string name="client_static_keypair_pwd_enc">[2,&quot;swvyPgV0ctsdDdfuQcOeBME0TTePVOvpn8TItfZ4NF7cf1iXpkcFw07+o5T7U8UGhgCBcm6XZuKKdhk3VO7f7w&quot;,&quot;aELQuXABVZGUd\/l4aMrxEw&quot;,&quot;VV+9Cg&quot;,&quot;7hdblfW4f9ooGMSAnKx0lA&quot;]</string>
    <long name="client_static_keypair_enc_success" value="52" />
    <boolean name="can_user_android_key_store" value="true" />
    <string name="client_static_keypair_enc">[0,&quot;LHmUGgElIYwKkT7Sykgd97BryUtBnCh0\/0GG3zpy1LuitKs6hVZSVA1SpJyuUkLBF54GZbGifBN8JXPp3yhl6ronp9Bgyb0buuaMJWc1jmc&quot;,&quot;Z9ODfje51KMjUvWI&quot;]</string>
    <string name="server_static_public">qJWvSttNopqgQ2CgXYTc4jmSUKWd1Rv2QTMbQyYpKwY</string>
</map>
