<?xml version='1.0' encoding='utf-8' standalone='yes' ?>
<map>
    <string name="client_static_keypair_pwd_enc">[2,&quot;djuIDncfdkeVudLlr26ukenjZnpDlv+SPrGAffsKYm2gy2xJHJ\/X43Sf8W26ySg6uFMYZNJtwCLn6uIOugPWZg&quot;,&quot;wSqoxCnvnOsWQcWdM\/cKeA&quot;,&quot;a\/kl2Q&quot;,&quot;xZDyJg0fkOVtG5UsTQ6QAQ&quot;]</string>
    <long name="client_static_keypair_enc_success" value="29" />
    <boolean name="can_user_android_key_store" value="true" />
    <string name="client_static_keypair_enc">[0,&quot;+P47t5JyOsne1ApHoQ6HxleVzyDBl\/+4k6\/KLv2HqzWmt8d09m7UO5TkOj6exEVRBZEk\/n\/jIjvM5BQXpjILap2VRxjxInssf25OZfMIgm8&quot;,&quot;cegii76M43pWBtPM&quot;]</string>
    <string name="server_static_public">qJWvSttNopqgQ2CgXYTc4jmSUKWd1Rv2QTMbQyYpKwY</string>
</map>
