<?xml version='1.0' encoding='utf-8' standalone='yes' ?>
<map>
    <string name="client_static_keypair_pwd_enc">[2,&quot;idY+kNxNDDju\/qOH6pVDARMbAaACzFDLMgfYtmkgV\/3RIxt69DikXIm1Lnes+IbyyRcDX6RURd3yiOZ+AJ4Asw&quot;,&quot;F4uC62fj9g27P2nHej2ZRQ&quot;,&quot;P5bZAw&quot;,&quot;wI\/yB+pij4gRlYrT5UcHGQ&quot;]</string>
    <long name="client_static_keypair_enc_success" value="58" />
    <boolean name="can_user_android_key_store" value="true" />
    <string name="client_static_keypair_enc">[0,&quot;BIJqbZjgVldRKbkVgI7kyu6sfBpfkEVmj5+wkqjtKEe25vT7z+Ah0t1domZtov0bvy2g0MJsown12Jrz\/j8Tvkg3KZ5E\/elM0PzIbJlmGkQ&quot;,&quot;VDzYM29P2P0cH3\/g&quot;]</string>
    <string name="server_static_public">qJWvSttNopqgQ2CgXYTc4jmSUKWd1Rv2QTMbQyYpKwY</string>
</map>
