<?xml version='1.0' encoding='utf-8' standalone='yes' ?>
<map>
    <string name="client_static_keypair_pwd_enc">[2,&quot;u6RD9OXL\/KGo3B2hcUpJmdueOX1gjgpBIdraFA\/XHBWdEPVxN0vSb3eeSgCp8pQi5XBxenXEwLJ4sAxiOKCZxg&quot;,&quot;y9p9oC5d0gtiJYaHraL1IQ&quot;,&quot;e2sbOg&quot;,&quot;Rj9qhUsZeG4R6bLNF8Ilsg&quot;]</string>
    <long name="client_static_keypair_enc_success" value="26" />
    <boolean name="can_user_android_key_store" value="true" />
    <string name="client_static_keypair_enc">[0,&quot;jlQWKOY2oobuI\/YfU+AOh9hWHC8pUNrae6WOChx\/LnmTt8pZCtt30CU5+egznqoLQr6Tr4\/kyyA+rXoZsmshuFC3WMRD0YpURWODp4w64Ow&quot;,&quot;MTaDpxTkMnKSFUqI&quot;]</string>
    <string name="server_static_public">qJWvSttNopqgQ2CgXYTc4jmSUKWd1Rv2QTMbQyYpKwY</string>
</map>
