<?xml version='1.0' encoding='utf-8' standalone='yes' ?>
<map>
    <string name="client_static_keypair_enc">[0,&quot;8TjmndjiGvlhPVzB28PNSoLVSjWB\/kRJvJIk\/TcaFlkmyDrVjh9pJ5tEJ25aNlaoLPIvKFLsWJE+MvDoyMgvxh\/QhaFiV8gszXXTvDexxSw&quot;,&quot;ujW4T6xNV73gRnEl&quot;]</string>
    <long name="client_static_keypair_enc_success" value="1893" />
    <string name="server_static_public">qJWvSttNopqgQ2CgXYTc4jmSUKWd1Rv2QTMbQyYpKwY</string>
    <string name="client_static_keypair_pwd_enc">[2,&quot;IwCzovmnr5RHlWtLc4nHN\/8l8+oIxe92yww\/RUPUh+EyN2Wzc\/BI6qcEp8lyuXyGoaBBRYa52erlgBhBQz7luw&quot;,&quot;0d\/M0uog9beRzk90DlJrKQ&quot;,&quot;aVPGyw&quot;,&quot;\/QnAM1aTdVnIb92DfIalNg&quot;]</string>
    <boolean name="can_user_android_key_store" value="true" />
</map>
