<?xml version='1.0' encoding='utf-8' standalone='yes' ?>
<map>
    <string name="client_static_keypair_pwd_enc">[2,&quot;f8Fzup7Y++F6L3\/YkxM0Op8jQufEXyIv7Ij74f+N2Ezpe9VzwNSFWMpO9PsSsnUSwP8kbz36Gui58Bb5gPVe6w&quot;,&quot;GeVLKkeZ5QHXyKvWSKRCwg&quot;,&quot;lnZQdA&quot;,&quot;Kcb4IwdUBxjTOp+EXaBIlg&quot;]</string>
    <long name="client_static_keypair_enc_success" value="80" />
    <boolean name="can_user_android_key_store" value="true" />
    <string name="client_static_keypair_enc">[0,&quot;lhQiogAiMHsVbBr\/U45TLISJnlm5q8tsCTDSEGRduKbmynrsT0KHlSDhROpUa26Ge1bcZwJn9u5K1QwDZSm+4iRvyX621\/+hE\/5hws+Gfdk&quot;,&quot;agPJuLsI67gHQuGp&quot;]</string>
    <string name="server_static_public">qJWvSttNopqgQ2CgXYTc4jmSUKWd1Rv2QTMbQyYpKwY</string>
</map>
