<?xml version='1.0' encoding='utf-8' standalone='yes' ?>
<map>
    <long name="client_static_keypair_enc_success" value="8" />
    <string name="client_static_keypair_enc">[0,&quot;\/oCC00MS+gC2sr51cVl9w19kGzQr+WV5RCkJyoDOmXWkTkpG\/A8OD\/fCf+W5pBbscr0\/meA1vGqZVGhCgXFbrA0LTzedoc6kXeiUqBsa4f0&quot;,&quot;wzcK2V2GL8MDJvwb&quot;]</string>
    <string name="server_static_public">qJWvSttNopqgQ2CgXYTc4jmSUKWd1Rv2QTMbQyYpKwY</string>
    <string name="client_static_keypair_pwd_enc">[2,&quot;YOpPJhhi2Rz2y7EIQkj0IDnoj+xsQf4ZQhnQlsVgQGnCa2tnkve\/tJb1PDuzmhv2k5qgzyHl8fWeNR\/1GzqWrw&quot;,&quot;N1cjKzGj4zms1p3DNcM2xQ&quot;,&quot;qwDMLw&quot;,&quot;dZ7eqc7lMLbNnYZ12Ezlug&quot;]</string>
    <boolean name="can_user_android_key_store" value="true" />
</map>
