<?xml version='1.0' encoding='utf-8' standalone='yes' ?>
<map>
    <string name="server_static_public">M9brfa5ZRYf0eVsT7CQ+yBPOzEQO/eZ37RoA6DpvHFo</string>
    <long name="client_static_keypair_enc_success" value="10" />
    <string name="client_static_keypair_enc">[0,&quot;VOs69qDDtaB87wCj9O8rdHhXb8vWQV2kdkLJFJkNE\/YKfEaK5n+1SGNnjj5hc66DtHyQFPYsL268CALXSRtKM1C0rNZc4EuxxA3CeqCr5V8&quot;,&quot;0CH+pDd01y6v5Lfo&quot;]</string>
    <string name="client_static_keypair_pwd_enc">[2,&quot;B3IbHK9MazfpSZDW0K4sM3QbDCeaLZKoRW8AuXcWuyXM5D1SgwRGilrbd++xuySrKo\/mtzNz12+4hxMvIJCCUQ&quot;,&quot;8aV5nMiUGhwychgAWSqL9g&quot;,&quot;27c47A&quot;,&quot;d00DBj92wGvMjk3w28d+lg&quot;]</string>
    <boolean name="can_user_android_key_store" value="true" />
</map>
