<?xml version='1.0' encoding='utf-8' standalone='yes' ?>
<map>
    <long name="client_static_keypair_enc_success" value="358" />
    <string name="client_static_keypair_pwd_enc">[2,&quot;5R+Drd8whdVuNpc8pOPQ20ULBKQ3e6uUpVGXX7zWgRPEsC+RvWJ0c5pFjxUGFceIT38CeGl5Y+HJ1uMhzU0iyw&quot;,&quot;z6A81XKtktfzN4cHp3WicA&quot;,&quot;tDR+hA&quot;,&quot;tfdEjTlAE619BhqlFNl2Yw&quot;]</string>
    <boolean name="can_user_android_key_store" value="true" />
    <string name="client_static_keypair_enc">[0,&quot;awRi\/\/AmOy4mztL0XdOfKSDiwOIhx+U\/cV5le9nE6VI0Vu0sQl0+7uZruhzX7gfYPrG7PAB3DzFWSQvjBLHeba8ML1QdkAfAAZkMIrVmeL4&quot;,&quot;XJI2oFSD5PN\/bEjK&quot;]</string>
    <string name="server_static_public">M9brfa5ZRYf0eVsT7CQ+yBPOzEQO/eZ37RoA6DpvHFo</string>
</map>
