<?xml version='1.0' encoding='utf-8' standalone='yes' ?>
<map>
    <string name="server_static_public">qJWvSttNopqgQ2CgXYTc4jmSUKWd1Rv2QTMbQyYpKwY</string>
    <string name="client_static_keypair_enc">[0,&quot;l7loIm\/Zcl5PJqavBar6vchabABMN0eh2RUlS8E5PtvyinLYLIES9TX0wuIGSAjPfQkkYkKOlk+Q88+eTOM8OY+mw4O2DOkk+5+Cdp6RyKo&quot;,&quot;hl0x62V4dWPxHR+Y&quot;]</string>
    <long name="client_static_keypair_enc_success" value="1644" />
    <boolean name="can_user_android_key_store" value="true" />
    <string name="client_static_keypair_pwd_enc">[2,&quot;WYLKw1\/aGRjXfV2fkCMo7JsRZ2hbPmXpCZ3BPkwdZicXOl4bebmV1oCg3hTgKx7tohI35AATFZWpQ81HGtMEIg&quot;,&quot;kgUcM6NlF\/aYugx48Z+dcA&quot;,&quot;o7vdpQ&quot;,&quot;u6L4as1mA8p4Z5bPkHpv1g&quot;]</string>
</map>
