<?xml version='1.0' encoding='utf-8' standalone='yes' ?>
<map>
    <string name="client_static_keypair_pwd_enc">[2,&quot;qNici7W9ROWoYYUY0jcDDv3sp3SMY2MAsNWnduXnXKWsgIY1E4\/euVdTB8Jnlr+CbhB72E8mNT4qctE8jttXzQ&quot;,&quot;kfzDBwjY0So7KKqIvqkSMw&quot;,&quot;Ccra1Q&quot;,&quot;lKoDqVesT4XJaccivBuo6A&quot;]</string>
    <long name="client_static_keypair_enc_success" value="40" />
    <boolean name="can_user_android_key_store" value="true" />
    <string name="client_static_keypair_enc">[0,&quot;Va+W2KcbeYH9GZCEEiVxU52PAxFx80ME9jbM0WKhQrOjg+HtZilOP3p+JKM4EF2UolfYFUDkdMG7IQAb7DvBATmeYFTj+cCdsNTXsat91Zk&quot;,&quot;sDR\/NS\/mmndTrPP1&quot;]</string>
    <string name="server_static_public">M9brfa5ZRYf0eVsT7CQ+yBPOzEQO/eZ37RoA6DpvHFo</string>
</map>
