<?xml version='1.0' encoding='utf-8' standalone='yes' ?>
<map>
    <string name="client_static_keypair_pwd_enc">[2,&quot;2W1x5wISbzjstBRn7PDvtVGZfL1UqqturfSHR7aL2GXvSOKblQv9BJDvIQi80G7Zk266RixM5ppe7zQ2NxxiUw&quot;,&quot;YjTl\/l7h6vxa+bKyNLkSeg&quot;,&quot;SZOPbw&quot;,&quot;rU59jhyh+LZ720NcgtjUtQ&quot;]</string>
    <long name="client_static_keypair_enc_success" value="4" />
    <boolean name="can_user_android_key_store" value="true" />
    <string name="client_static_keypair_enc">[0,&quot;lju6BUMu4qtWpFt5NSyjuuZArktBOmkey+AJTiFrXcEMOmQog+j+IjpDmWcEB0FwISwXEjB1x+gtM3t81pHsgKrWZWBT0gcylreOBPTix8Y&quot;,&quot;grr9+YNsz5JGaUub&quot;]</string>
    <string name="server_static_public">M9brfa5ZRYf0eVsT7CQ+yBPOzEQO/eZ37RoA6DpvHFo</string>
</map>
