<?xml version='1.0' encoding='utf-8' standalone='yes' ?>
<map>
    <string name="client_static_keypair_pwd_enc">[2,&quot;wpm6kpiqAYrpxc2n2Z147VbSEzRbDD5cJav5gWpIiJVYe9vNGzw9M\/n6GLDUPx9XjSSXQ6MKMFxIGFVEqObCgw&quot;,&quot;Th\/vdTw64pAsG0W+oBhD7g&quot;,&quot;iKAD5Q&quot;,&quot;eplA6oieFEe3LNEyCFC6aw&quot;]</string>
    <long name="client_static_keypair_enc_success" value="76" />
    <boolean name="can_user_android_key_store" value="true" />
    <string name="client_static_keypair_enc">[0,&quot;7wJzFVhBo+HNkg+xSwQxjWfawB1RAOtzEZIE11JCCGRNzBlLt6rzKZWhn98ma67kqsST2Dj1jKdY1KAOo3MNxbHwL7LH4sb7nX3rajOa4oE&quot;,&quot;M+AKx+ALgGAnHkAs&quot;]</string>
    <string name="server_static_public">M9brfa5ZRYf0eVsT7CQ+yBPOzEQO/eZ37RoA6DpvHFo</string>
</map>
