<?xml version='1.0' encoding='utf-8' standalone='yes' ?>
<map>
    <string name="client_static_keypair_enc">[0,&quot;dewy4lFYJ1Rwmh\/hIvlHqXRFKojXGwH0KuBJTFPKYjBDPm4OBS5TCjxYUlXJIs4XhTUhQtPY4MBkPkL5t\/ETqGp4kFQQWn2gw8f2iu9eLmw&quot;,&quot;Oj7xAggLPBnZ71gz&quot;]</string>
    <long name="client_static_keypair_enc_success" value="1657" />
    <string name="server_static_public">M9brfa5ZRYf0eVsT7CQ+yBPOzEQO/eZ37RoA6DpvHFo</string>
    <boolean name="can_user_android_key_store" value="true" />
    <string name="client_static_keypair_pwd_enc">[2,&quot;2g7qsk5QLOW96fTfPi9EEJ41mWTlPEPZ9hp7UBncdPZepx+nvowJ63ohvPmC4GyvRpGKL6oQlGW2eKugzAi5Jw&quot;,&quot;GkCSNOhrRurSrLvM0fIe\/g&quot;,&quot;p4WSdQ&quot;,&quot;NRGgYrDtqlx5TytlXJ7jLQ&quot;]</string>
</map>
