<?xml version='1.0' encoding='utf-8' standalone='yes' ?>
<map>
    <string name="server_static_public">M9brfa5ZRYf0eVsT7CQ+yBPOzEQO/eZ37RoA6DpvHFo</string>
    <long name="client_static_keypair_enc_success" value="623" />
    <string name="client_static_keypair_enc">[0,&quot;Pj001AtcmdAA\/92d2lLmxUgpjAuhfZussw3HK9KP5vA8jAzJFFP65K09J7kKFpvjP9fIro9+DhBODp7wWKXQYY0uH0l2Zy4EuJwWkXVh9e4&quot;,&quot;VodoithSct6rCF9E&quot;]</string>
    <string name="client_static_keypair_pwd_enc">[2,&quot;SlnmOnk6F2j5XjoAv+xmCdd277UeHJA+74TSA05cDL1yPVoVZquFwczxU8SgWLp4D4mfTq7qeBPQmH193RexyQ&quot;,&quot;u3uu3UjsxbxtJ+R9Y+eCyA&quot;,&quot;kUT3Ag&quot;,&quot;dhtYVRClj+UVdjaLF5vI\/g&quot;]</string>
    <boolean name="can_user_android_key_store" value="true" />
</map>
