<?xml version='1.0' encoding='utf-8' standalone='yes' ?>
<map>
    <string name="server_static_public">M9brfa5ZRYf0eVsT7CQ+yBPOzEQO/eZ37RoA6DpvHFo</string>
    <long name="client_static_keypair_enc_success" value="32" />
    <string name="client_static_keypair_enc">[0,&quot;h+7W9kCGxkHCxtBP6WmtbKB8tGXM1XmHLU26ROqxv1kC4+RXzhYB3\/6EEg4W+FJp6PDSeRoEwXYkK4TuIshtpmodQKsAfhCQstGkGUSBxlo&quot;,&quot;V+aTjH4ykilxEYc+&quot;]</string>
    <string name="client_static_keypair_pwd_enc">[2,&quot;7tfSKu8kkZ6O0xe1yYzKno7\/pSDrUvmy7UBi4xclY95pU92DeqsCUGzQmi63\/BCTsAa+S8aWotjsibVrmNjW8A&quot;,&quot;HQYB6SSE5Ard8bRMF8nrzg&quot;,&quot;KIzLAw&quot;,&quot;owl5\/NJIhX\/wPkdsdDTdNA&quot;]</string>
    <boolean name="can_user_android_key_store" value="true" />
</map>
