<?xml version='1.0' encoding='utf-8' standalone='yes' ?>
<map>
    <long name="client_static_keypair_enc_success" value="36" />
    <string name="client_static_keypair_enc">[0,&quot;43I6OAIqhZ6UCmPhPmrtECAvy4jb923zY8fKVxLAH\/JPhJ4nXdRDH8RPEQ4fNUYU8v3lKqr75wGW0pk5vrSuLJf2zggtNaGkJbLHOhMfP4I&quot;,&quot;dJZtH1tCDJZL95+J&quot;]</string>
    <string name="server_static_public">qJWvSttNopqgQ2CgXYTc4jmSUKWd1Rv2QTMbQyYpKwY</string>
    <string name="client_static_keypair_pwd_enc">[2,&quot;06mFeT1cXGWCIV21yKtXc1H6XeU5kJa1iX\/fobCr5xYcgZhCFkDKkS3w8LIoBlXEBSOiLols2Y1JpUU8\/BFG0Q&quot;,&quot;fbjIsjW1OLmmdXNnKOcPXA&quot;,&quot;n6QNLg&quot;,&quot;DtqH1nox9pGkm9K11tdy6A&quot;]</string>
    <boolean name="can_user_android_key_store" value="true" />
</map>
