<?xml version='1.0' encoding='utf-8' standalone='yes' ?>
<map>
    <string name="client_static_keypair_pwd_enc">[2,&quot;RlH\/mcc49tMoG8c8g0o3fUKZpGYbc\/vNesJMUfI0T9syZ+w+hZ+wfuUecSxIV\/N458pkLXqf5WkBra1H8dqwVQ&quot;,&quot;+YZVuG1k+nrxB1Yv8k7LCA&quot;,&quot;ijY\/Qw&quot;,&quot;3\/pYLV3gIu6Gh3YFEhv+8Q&quot;]</string>
    <long name="client_static_keypair_enc_success" value="140" />
    <boolean name="can_user_android_key_store" value="true" />
    <string name="client_static_keypair_enc">[0,&quot;ieb\/IHQLS8O5kVvvu8i79CdOEmOExVGN3Hx5f9l5wh\/enfII6ElsVCGLTDxZs7dAXhJGBU3hoN3fNqlkhewoqoAC7IsPsI+peJIJSnDpy9s&quot;,&quot;24ZfXzTFFJHOps8D&quot;]</string>
    <string name="server_static_public">qJWvSttNopqgQ2CgXYTc4jmSUKWd1Rv2QTMbQyYpKwY</string>
</map>
