<?xml version='1.0' encoding='utf-8' standalone='yes' ?>
<map>
    <long name="client_static_keypair_enc_success" value="1470" />
    <string name="client_static_keypair_pwd_enc">[2,&quot;s7z7GweiShIqHZLOnwiluD7FKa4roT2r\/SaBGvfCU6hMznO8qChO8Vxw4oAtSd+JZ7S5EJbY9hi\/ll5gyVw8\/A&quot;,&quot;f6HCYlYEXmruTu11ZNIVWA&quot;,&quot;W2MpNl&quot;,&quot;by70Kav0svFn1WHhBEfANA&quot;]</string>
    <boolean name="can_user_android_key_store" value="true" />
    <string name="client_static_keypair_enc">[0,&quot;WdXaV7se1IgyOAebHb8\/h+K4W8MzH79+GgfXXzs6aG0BlOfmVO4I+4VEeIYqhG51YMlAP1l4qVlbwhxbfcG9uu9xki3O2d0N9HqRiiphwgM&quot;,&quot;55ZIHtqsPIk6Qg3J&quot;]</string>
    <string name="server_static_public">qJWvSttNopqgQ2CgXYTc4jmSUKWd1Rv2QTMbQyYpKwY</string>
</map>
