<?xml version='1.0' encoding='utf-8' standalone='yes' ?>
<map>
    <string name="client_static_keypair_pwd_enc">[2,&quot;+FKFiPV7Qk8SwTzzE24vynsPyrrqQtD08BOo8v+zhy1a3+dsxIMCQ77832+Fm+nvSSiYE\/+QYM+3VIGLDie5MQ&quot;,&quot;IooHBdziJz9+f3FVFw8yxQ&quot;,&quot;3WOfEg&quot;,&quot;gKBRQkQ9Kpg2TmKfPyiFlw&quot;]</string>
    <long name="client_static_keypair_enc_success" value="12" />
    <boolean name="can_user_android_key_store" value="true" />
    <string name="client_static_keypair_enc">[0,&quot;g0S+4NrWBIptqWpbgldDVdks2DH+NNlTiPIuw\/QcOJlmuND\/dWKjH1pOmsNc1+7QQi+yLNpxWiHqOTEWWOmbMINDanJ57Gu+93PvfGa5u+A&quot;,&quot;67JJsVrHND7bgAvq&quot;]</string>
    <string name="server_static_public">M9brfa5ZRYf0eVsT7CQ+yBPOzEQO/eZ37RoA6DpvHFo</string>
</map>
