<?xml version='1.0' encoding='utf-8' standalone='yes' ?>
<map>
    <string name="server_static_public">M9brfa5ZRYf0eVsT7CQ+yBPOzEQO/eZ37RoA6DpvHFo</string>
    <long name="client_static_keypair_enc_success" value="179" />
    <string name="client_static_keypair_enc">[0,&quot;HSZDKJdzJ07MCC67nSrN4YK7bmcf34yKMv6zX9ILYIb9s2YY0RdApmNqEZeM0xt5vOkDTZzHrCBOO94TRVtPhYiq\/U3glv+K0WmZrUNXuWg&quot;,&quot;qFXNwrI65q3YSljh&quot;]</string>
    <string name="client_static_keypair_pwd_enc">[2,&quot;\/gz+eyvYF0BQSDgqf62ftF\/Fo3WX25qVVPEHzybXE+iVQNYhRZ+UmBX0Elk5jjAPHqgKDgeY0QAzutkw8tHy6A&quot;,&quot;vq3a8cMwA2hNU31yJdSxOw&quot;,&quot;Jesyfg&quot;,&quot;JMP1O\/hYzK\/4zQg5hHkDhA&quot;]</string>
    <boolean name="can_user_android_key_store" value="true" />
</map>
