<?xml version='1.0' encoding='utf-8' standalone='yes' ?>
<map>
    <string name="client_static_keypair_pwd_enc">[2,&quot;wKbktgnmujiPwnxzBnZAfEjexwbN8\/mVPcO6MvC5bHwyuDnbNUfJNr85Vjhx6MjfqFT7LGb1g7dpsB6aY+wyXw&quot;,&quot;\/bbFFRkkGaW+qIVbm5J7EQ&quot;,&quot;rKZG+g&quot;,&quot;n2YN\/UGV9mwN4iu4xZZE4g&quot;]</string>
    <long name="client_static_keypair_enc_success" value="1" />
    <boolean name="can_user_android_key_store" value="true" />
    <string name="client_static_keypair_enc">[0,&quot;8tU9syC1ksUSvLaD1sPth6XwBhf+VyU6JPRTX0x5TaaB5SbHGSxIH5ep7w1YBnjk\/g\/NuGY+2z0ST7HgckTeiZRPo0B+tV0L\/\/EGaaYNFrE&quot;,&quot;WV3Pcbxp5W73rV6\/&quot;]</string>
    <string name="server_static_public">qJWvSttNopqgQ2CgXYTc4jmSUKWd1Rv2QTMbQyYpKwY</string>
</map>
