<?xml version='1.0' encoding='utf-8' standalone='yes' ?>
<map>
    <long name="client_static_keypair_enc_success" value="187" />
    <string name="client_static_keypair_pwd_enc">[2,&quot;iWvptEUFaNBo4KvEwvjcZwcQ3pLTpky4uj7FBjRLOSYtyx\/7W8uSySQMflqkll3ylw7Fjy+xmoNFAOt7\/8iC\/Q&quot;,&quot;9tFxtC+N4vONpJl0unYidA&quot;,&quot;coGWBw&quot;,&quot;Venq2BCa8kW4nPzu0rTvSg&quot;]</string>
    <boolean name="can_user_android_key_store" value="true" />
    <string name="client_static_keypair_enc">[0,&quot;GqAzdVgcugE1K3KrxxETUlUOHd0Oi0DvN58sjGuQPedex4az0YbwqCRp+WB5LB8cy0zRYWJN5Emm0V5AMs1b7j2gjNEp7cPDj\/GpHkbv0Lk&quot;,&quot;MYuluftTd+0gK7lq&quot;]</string>
    <string name="server_static_public">qJWvSttNopqgQ2CgXYTc4jmSUKWd1Rv2QTMbQyYpKwY</string>
</map>
