<?xml version='1.0' encoding='utf-8' standalone='yes' ?>
<map>
    <long name="client_static_keypair_enc_success" value="103" />
    <string name="client_static_keypair_enc">[0,&quot;AXj1uvy1o6b3hplpPgysGm\/2ws7AH6qA1B6LN2nvBHVXA9u25gaQAm1k\/z6o1jmbWksHgQ\/l1GYs7D\/suPxcdof2H0O7xa6koj2NClS8Xc8&quot;,&quot;yhfXgLIMx31potid&quot;]</string>
    <string name="server_static_public">qJWvSttNopqgQ2CgXYTc4jmSUKWd1Rv2QTMbQyYpKwY</string>
    <string name="client_static_keypair_pwd_enc">[2,&quot;pMtqKDNIL4JwbDbvBD4lvGCLqAS+QQlRRCYAj8RIpXVHfIe0uU7x\/lPktPL2gJiXQWqX5ZR3l2mo0f290Hv4hQ&quot;,&quot;qV0eDZErEsYUiFsYXfaDCg&quot;,&quot;LaLBCC&quot;,&quot;BHB7PQVi3TBm1lOlbcf6\/g&quot;]</string>
    <boolean name="can_user_android_key_store" value="true" />
</map>
