<?xml version='1.0' encoding='utf-8' standalone='yes' ?>
<map>
    <string name="client_static_keypair_pwd_enc">[2,&quot;y4CQNkKZsFxdwWIHS53Qc8\/WrPNtrqeu8Ll6z5ITxZT5r5CKv8ulp5L64xrxIR3eQ9VyJ7vdGbe1KgBxZDasdw&quot;,&quot;qRD1dg+24Y5+cS2ewhKYvw&quot;,&quot;BMH2uv&quot;,&quot;+vs8BljhznERsAKR0rskUw&quot;]</string>
    <long name="client_static_keypair_enc_success" value="119" />
    <boolean name="can_user_android_key_store" value="true" />
    <string name="client_static_keypair_enc">[0,&quot;0TXja6O1NpzFUB0ritloFqhNfnSV+krn\/40tfLZaqY+hdcHYxLXxgJL2RsdWHB8SLGoTtPTMQgPYQ6ll7w5sqXiFztcBD1L8+4MRzTSM5EY&quot;,&quot;7dfWVT9dI2SA6mjd&quot;]</string>
    <string name="server_static_public">M9brfa5ZRYf0eVsT7CQ+yBPOzEQO/eZ37RoA6DpvHFo</string>
</map>
