<?xml version='1.0' encoding='utf-8' standalone='yes' ?>
<map>
    <string name="client_static_keypair_pwd_enc">[2,&quot;gNXIM93RgXGvu\/Stfx9l\/hDEUREuQ9s3a0X16sPFFgnxGfCH4h0FM1\/19GMxTmFsP8darQyqCegnK53qt4hR6A&quot;,&quot;us71lAzFPOzekNdrK0nweQ&quot;,&quot;d9WkrA&quot;,&quot;2dQbB6PTDq1+mvVzw4WbeQ&quot;]</string>
    <long name="client_static_keypair_enc_success" value="14" />
    <boolean name="can_user_android_key_store" value="true" />
    <string name="client_static_keypair_enc">[0,&quot;aeLPHWk2Gp9VhBUToXp4wQWM8EvRRwvIwOc9r\/a3S\/LL4Syp9D5Wr\/5R0P1ajRnV48UlP0fB2L8doD9mVf5LDfyGLr761D7xJcU6Wtp3ya8&quot;,&quot;232IneXohgbw36mh&quot;]</string>
    <string name="server_static_public">M9brfa5ZRYf0eVsT7CQ+yBPOzEQO/eZ37RoA6DpvHFo</string>
</map>
