<?xml version='1.0' encoding='utf-8' standalone='yes' ?>
<map>
    <string name="client_static_keypair_pwd_enc">[2,&quot;tdeDSDD9iDTvFvn32MkWfb0eEbrt5ow20voXWj2Qli25Madz9FP70Ogw2nC0bYaDZct0s7rAdyrRj\/CQo8hxSA&quot;,&quot;jwF8r9j2ypkr4YzUk0a2yw&quot;,&quot;hwISjw&quot;,&quot;TqvE5bONIMGA4igx2Bf6FQ&quot;]</string>
    <long name="client_static_keypair_enc_success" value="41" />
    <boolean name="can_user_android_key_store" value="true" />
    <string name="client_static_keypair_enc">[0,&quot;ymjcZ8HH\/qW5T96Ld8KQaNi8BxEXDTYyK9XdLMEljJs7uSJ6XHZoM9R8VHPmaPwB6NIS2u\/IvcHFMdl1DQ5rIn9N37eQuI3mn4LKq6iZ6\/E&quot;,&quot;vBuiZW5+4FV5K1P+&quot;]</string>
    <string name="server_static_public">qJWvSttNopqgQ2CgXYTc4jmSUKWd1Rv2QTMbQyYpKwY</string>
</map>
