<?xml version='1.0' encoding='utf-8' standalone='yes' ?>
<map>
    <string name="client_static_keypair_enc">[0,&quot;t6XSi2yvTGxp3WT7T1ueb2qxLhxSdZx73FlFhudAsrNK7xApaf8c1Y832gcz+53AVOQZ696o4Q0JX4a2CbyWWmku\/Gg9tfDNBlIySwFFTOE&quot;,&quot;FeDXXrsQIcp2T+h1&quot;]</string>
    <string name="server_static_public">M9brfa5ZRYf0eVsT7CQ+yBPOzEQO/eZ37RoA6DpvHFo</string>
    <long name="client_static_keypair_enc_success" value="203" />
    <string name="client_static_keypair_pwd_enc">[2,&quot;XAobP2Ax7SHvBISf6DcC90af8C8cztPCkXR7eWbYwlBJyYH\/IS1Hv+rJWZ1XcHkxCnsWizJW9j1e+K8TTPZ15A&quot;,&quot;XJ6aEzWndy91UkEQCJlq4A&quot;,&quot;wfDL+w&quot;,&quot;XylhfczAD56SYXN9\/SoVAA&quot;]</string>
    <boolean name="can_user_android_key_store" value="true" />
</map>
