<?xml version='1.0' encoding='utf-8' standalone='yes' ?>
<map>
    <string name="client_static_keypair_pwd_enc">[2,&quot;Iiuyi00nIYLn0c69aFjWFwgXgWBpNTUWfMHIPItd5tipHSnTrI0iUdRrAoRr8Qhk4gwviMmoMRKa7SqfFEdRBg&quot;,&quot;UTjUXLWXqcZSMxAkQjOx1g&quot;,&quot;ZmqrrA&quot;,&quot;y22TzDxq9dXL6CSc0z2VPA&quot;]</string>
    <long name="client_static_keypair_enc_success" value="71" />
    <boolean name="can_user_android_key_store" value="true" />
    <string name="client_static_keypair_enc">[0,&quot;dI09Mh2tvpqUE7uw9adyUqnMRLrSrJvVt9+s6KxPlct7PIeqqhGLpbv7kNMSksoIfKHZW97+S2iyZHGNTTcFY7e97gVkV1r4Ur+T+TOPeg4&quot;,&quot;wZRfSBiGe3vwkvO2&quot;]</string>
    <string name="server_static_public">M9brfa5ZRYf0eVsT7CQ+yBPOzEQO/eZ37RoA6DpvHFo</string>
</map>
