<?xml version='1.0' encoding='utf-8' standalone='yes' ?>
<map>
    <string name="client_static_keypair_pwd_enc">[2,&quot;KaUyidwh02hlEGoz\/dcOYM8QS\/D4BvsOn7Sgsi7takpb8G\/Jep10vdJiHasU4CULUxx+uJcSl\/HZr95E5szJtQ&quot;,&quot;I3fe+sKarmi4Z77W631f8w&quot;,&quot;nNd1dw&quot;,&quot;tIGobUAz43p6sdZTwPPKfA&quot;]</string>
    <long name="client_static_keypair_enc_success" value="1" />
    <boolean name="can_user_android_key_store" value="true" />
    <string name="client_static_keypair_enc">[0,&quot;pvqa\/0ibg5BaSGnburI+7w4aZLd\/RlyJMkYBovraz6Rl44f1hkiOmlAmGc6lSEB8z3yRje7VtEcdudwzt1voREsjBouuLjJRwF6zerWOxUk&quot;,&quot;BNQJXWiKomekJnrK&quot;]</string>
    <string name="server_static_public">M9brfa5ZRYf0eVsT7CQ+yBPOzEQO/eZ37RoA6DpvHFo</string>
</map>
