<?xml version='1.0' encoding='utf-8' standalone='yes' ?>
<map>
    <string name="client_static_keypair_pwd_enc">[2,&quot;\/ZL24gWmlptRYtugN\/2aeqzSiUCwyZbu04bL08ki0L+SiBimgBiqK0Vmt5LUDNqHR6FtQNL9mhlxcdv6DXV3Dg&quot;,&quot;s6NI+XUCZepyU7903RLD1Q&quot;,&quot;lGUsWw&quot;,&quot;m2TB9SveLAjGynv+tuOTYg&quot;]</string>
    <long name="client_static_keypair_enc_success" value="39" />
    <boolean name="can_user_android_key_store" value="true" />
    <string name="client_static_keypair_enc">[0,&quot;EyUY9g2Mz5eXlBxifK88yYfpB34aZFO5t\/lodqPxLRnJp5Jt1upGbVP\/iAAHWKeIOpUZHkilhqo4zmy\/XLwyn7KVsOMSIE7ZIB2A\/uGxeeI&quot;,&quot;kIZ1BbOxdT2aqSOt&quot;]</string>
    <string name="server_static_public">M9brfa5ZRYf0eVsT7CQ+yBPOzEQO/eZ37RoA6DpvHFo</string>
</map>
