<?xml version='1.0' encoding='utf-8' standalone='yes' ?>
<map>
    <string name="client_static_keypair_pwd_enc">[2,&quot;Jpm78HP1PqMTAODDgqLdR9yioTXpgpBS6HJMs0EPQl18HHO7dI0r4cC7hEz8+mKjhJyyNFF71bUXA+uK2j0vUQ&quot;,&quot;c6eQ+icd08NyxtXjjTDLnw&quot;,&quot;5RmGVQ&quot;,&quot;W+OmKbJczpjb0zIx1Nbe1g&quot;]</string>
    <long name="client_static_keypair_enc_success" value="1" />
    <boolean name="can_user_android_key_store" value="true" />
    <string name="client_static_keypair_enc">[0,&quot;x+y\/GxfvivkzIEJRxG9XTOzNZvVpc4UqdmvB9vQgSxLvePfKEZhbl6J4yNHLzzEnaAcvV0RQJgVLreKbEFD5krfyGH11IlBxV73PnIsxhsQ&quot;,&quot;6ivYxnG4rGdcYZRX&quot;]</string>
    <string name="server_static_public">qJWvSttNopqgQ2CgXYTc4jmSUKWd1Rv2QTMbQyYpKwY</string>
</map>
