<?xml version='1.0' encoding='utf-8' standalone='yes' ?>
<map>
    <string name="client_static_keypair_pwd_enc">[2,&quot;faAP5UvMwukm\/H88T9yNgg1kuojz1DIAp\/+CGXR7db1+BJ8Bd3xwTGDF8ODt1Om3kVkeOiY8JJDpzC68iKh\/tQ&quot;,&quot;kV8aFkaUFk3vVlTIPHc8yw&quot;,&quot;VI92Gg&quot;,&quot;o0ji8osaFMZVtSAFYN7+XA&quot;]</string>
    <long name="client_static_keypair_enc_success" value="6" />
    <boolean name="can_user_android_key_store" value="true" />
    <string name="client_static_keypair_enc">[0,&quot;d+Ta4+30xfSs8Xmtm915BS+80YW+3JRjnUMxhDWNk\/X8DMqAvAF5\/Z44pdZNhoRbGx4zJ1HB6j171Q1pxt1s5OEvGnkJHO4XaHFK5FYH4\/c&quot;,&quot;8denbpBqqadWB4nq&quot;]</string>
    <string name="server_static_public">M9brfa5ZRYf0eVsT7CQ+yBPOzEQO/eZ37RoA6DpvHFo</string>
</map>
