<?xml version='1.0' encoding='utf-8' standalone='yes' ?>
<map>
    <string name="client_static_keypair_pwd_enc">[2,&quot;EGhFCpuq7HzYO71NdxQBb7GxZaJQKhl9\/EhouYU1QkAE3+yuz5iPQtviok04r1XCWoIRiVszPiva1bk3xNlJHA&quot;,&quot;uF4Rz4LYlKVEa6jBDD7u5Q&quot;,&quot;B+TAXg&quot;,&quot;35OEGj5iCuvwXT6+tvR0kA&quot;]</string>
    <long name="client_static_keypair_enc_success" value="701" />
    <boolean name="can_user_android_key_store" value="true" />
    <string name="client_static_keypair_enc">[0,&quot;cM4GLX+EkrT+x5tUp+91RavfjC+yX+5oQhrsNF\/pwEVlUTvMTzJHuI6GFwQ37kJV1KbIbvbm0DAt96KdKcQw5UxlS555Mz8W\/Nknv15y68Q&quot;,&quot;tqAsW1DG5habhTso&quot;]</string>
    <string name="server_static_public">qJWvSttNopqgQ2CgXYTc4jmSUKWd1Rv2QTMbQyYpKwY</string>
</map>
