<?xml version='1.0' encoding='utf-8' standalone='yes' ?>
<map>
    <string name="client_static_keypair_pwd_enc">[2,&quot;lIVbONBlLx5CQbIupETaRa8KmQt43gk6cTIEoW\/BaYyFwy7fdCjOXo84jvaLTH9hgA9tPy\/1DOWS8xA+6ln88Q&quot;,&quot;gbuhINuqFeQgv+nf8OVf2A&quot;,&quot;W0nEbA&quot;,&quot;OIBxlI7Wiriamd26mL0bFg&quot;]</string>
    <long name="client_static_keypair_enc_success" value="15" />
    <boolean name="can_user_android_key_store" value="true" />
    <string name="client_static_keypair_enc">[0,&quot;sUk3a75sSDn4AmhLscdLHfnaXtOFlUqfLp8mNfheQ8yom52reXqIdPbBqFiyspxvxXn0ADymy7Rie5q0Y9TIRE4j2gyIX\/gQVECPOk\/uJv0&quot;,&quot;P0R+YPQGHYhxMjZY&quot;]</string>
    <string name="server_static_public">M9brfa5ZRYf0eVsT7CQ+yBPOzEQO/eZ37RoA6DpvHFo</string>
</map>
