<?xml version='1.0' encoding='utf-8' standalone='yes' ?>
<map>
    <string name="client_static_keypair_pwd_enc">[2,&quot;Zp16QZgFAMBRnKpwSA\/+8o1jrf6LAm3EP9gWg2IOwRb10XgwIEBR+S5BQGKjKDrQ+EO3N4H1lC5gdptbo3oibA&quot;,&quot;GahxD5U+DUSLo29K4pkpSA&quot;,&quot;kXnxUQ&quot;,&quot;eAjmVkxKJe2PV0IILXn5dg&quot;]</string>
    <long name="client_static_keypair_enc_success" value="7" />
    <boolean name="can_user_android_key_store" value="true" />
    <string name="client_static_keypair_enc">[0,&quot;DiHLq7YSm6BbGvEDo3mvMDXznYVd+cVqNVtgwaM3+iTGIsBXAa3M190nG+NfYvw\/U6ZkFTr9yKRwLWrlotLbW2OTugTljpEJVg1qETySUyA&quot;,&quot;VZ\/lSCgwG8M61Op0&quot;]</string>
    <string name="server_static_public">qJWvSttNopqgQ2CgXYTc4jmSUKWd1Rv2QTMbQyYpKwY</string>
</map>
