<?xml version='1.0' encoding='utf-8' standalone='yes' ?>
<map>
    <long name="client_static_keypair_enc_success" value="98" />
    <string name="client_static_keypair_enc">[0,&quot;FhcJ8AI\/xwY9hnZgN8\/p0N9rkACuDs7Oil\/ma+zpVUmerNKBWVNS9qyOey2BaUY0xP9pWzCay3DgI\/wjwt3dxcFGp5V8OekKZtgDvKzMLE0&quot;,&quot;ak\/SLnAChd60CGnI&quot;]</string>
    <string name="server_static_public">M9brfa5ZRYf0eVsT7CQ+yBPOzEQO/eZ37RoA6DpvHFo</string>
    <string name="client_static_keypair_pwd_enc">[2,&quot;FuGQ1s7uC2WCXsLqdDfKQYmv6ukRzE2X\/WJcqCC7jCzitzOCaW+g87aELrxW5lgjSbo1\/El5\/UEL0MSRBVx3Rw&quot;,&quot;lhtaMmCoAncTRV6gQl92HA&quot;,&quot;oOV\/cA&quot;,&quot;Xvt2pmYhniH4TZzmroG3Wg&quot;]</string>
    <boolean name="can_user_android_key_store" value="true" />
</map>
