<?xml version='1.0' encoding='utf-8' standalone='yes' ?>
<map>
    <string name="client_static_keypair_pwd_enc">[2,&quot;St1thGwzyCI+gzOhkiiaVbzk5yhV\/Ll987CWL6gyXglFgCA1j3VeCmye3LmohnMhVoxQjyeYDwfDSJsPA2HHKw&quot;,&quot;il5SVQhrE6gooeAr1BCsGg&quot;,&quot;D++I7A&quot;,&quot;YWEIdl9\/s2MDZ0VGyi3d6g&quot;]</string>
    <long name="client_static_keypair_enc_success" value="12" />
    <boolean name="can_user_android_key_store" value="true" />
    <string name="client_static_keypair_enc">[0,&quot;yBmso3xgM1wLaVJvhXF\/+gpiaiCfOx2J+avQ+3xKYeAGIciDT3sioG1cIhJX4feaAO6hWfc2c6lxOu21C3qYYWs7Gqh5\/xVo7YGAXo8JDP8&quot;,&quot;2GVnd3iazW9SWxwN&quot;]</string>
    <string name="server_static_public">qJWvSttNopqgQ2CgXYTc4jmSUKWd1Rv2QTMbQyYpKwY</string>
</map>
