<?xml version='1.0' encoding='utf-8' standalone='yes' ?>
<map>
    <string name="client_static_keypair_pwd_enc">[2,&quot;QxQ9OPTrCZivzAao70w9jNN6YLq3VaO1jV1Vz6UIRJYZkjeSCXDL4GAwzVADH0P08poYBnyQjGcbkXxIz5S8ew&quot;,&quot;FknSxBmIotWtYSV3eRTi+A&quot;,&quot;AfDBpi&quot;,&quot;h3nZHc+WgeUao+1KdpcPxQ&quot;]</string>
    <long name="client_static_keypair_enc_success" value="1" />
    <boolean name="can_user_android_key_store" value="true" />
    <string name="client_static_keypair_enc">[0,&quot;M2Gll8ivH2kC3NKubV3Y\/utlO46vUFMU3SoSongkQAB2iM86l9GUdnWNAkKo8HG7LSQJVL9o1aoJouGq9tuzP9znLGoR5sAdK\/Jg8EDzvgE&quot;,&quot;R0FvptiT1MwppN8U&quot;]</string>
    <string name="server_static_public">M9brfa5ZRYf0eVsT7CQ+yBPOzEQO/eZ37RoA6DpvHFo</string>
</map>
