<?xml version='1.0' encoding='utf-8' standalone='yes' ?>
<map>
    <long name="client_static_keypair_enc_success" value="31" />
    <string name="client_static_keypair_enc">[0,&quot;fR+Bl1XflsCS1oMvo22owmG5ACxxjGRQ7YgOEAJ\/BtaQf5191YXublc1isn7v2mxNZmnGuVeoS9Y+\/E\/Jw3EWSQc0z3zu2+TAUDfWGJI+kQ&quot;,&quot;mELnxGxxHS1\/Xl4u&quot;]</string>
    <string name="server_static_public">qJWvSttNopqgQ2CgXYTc4jmSUKWd1Rv2QTMbQyYpKwY</string>
    <boolean name="can_user_android_key_store" value="true" />
    <string name="client_static_keypair_pwd_enc">[2,&quot;HTcWnNvVRbPgDLiDIcH\/staIh\/s5CtDb5Vr4JugSwGD35cUcwB6e6TTj9628U8vlIgJULU5Rx9Cs27DkaRfYBQ&quot;,&quot;7jDsHPNT28wFr6SIMq2hoQ&quot;,&quot;ubK1Og&quot;,&quot;0sU+jA6hcG4OsdWxWQteyw&quot;]</string>
</map>
