<?xml version='1.0' encoding='utf-8' standalone='yes' ?>
<map>
    <string name="client_static_keypair_pwd_enc">[2,&quot;gwjaY1m38v8ACTokMP6QmROkT\/WrS4MnEYsLljEvMjBwIXzjPMUsM+VpiaDuusOZfD1Fe0DYB2Okefb\/O+TVWQ&quot;,&quot;rORno\/X7JSwsNEVyZ6cIVg&quot;,&quot;zBf7oA&quot;,&quot;btJOdMLHVgSbhhhiUYvVlw&quot;]</string>
    <long name="client_static_keypair_enc_success" value="415" />
    <boolean name="can_user_android_key_store" value="true" />
    <string name="client_static_keypair_enc">[0,&quot;fSWKcBE\/M1kQT1wMJDPaDcw0ed4XPqVoX5WaJBHaMfA5AEh7\/w4ldZr7fTbVI0AV5iId7y1RQKJrX+rx5tO8\/gGeNgV32N6kuzEE63Kb3g4&quot;,&quot;BHnamMq++qa0SBGE&quot;]</string>
    <string name="server_static_public">M9brfa5ZRYf0eVsT7CQ+yBPOzEQO/eZ37RoA6DpvHFo</string>
</map>
