<?xml version='1.0' encoding='utf-8' standalone='yes' ?>
<map>
    <string name="server_static_public">qJWvSttNopqgQ2CgXYTc4jmSUKWd1Rv2QTMbQyYpKwY</string>
    <string name="client_static_keypair_enc">[0,&quot;kyOQCrbpZSnsLiLYglqt3hZYBi5VDbCpJaJH\/q+WAo0Al+sn3yoGV74YZJRo5pn\/6mezRQjjITNkIgz8jyLhCL\/8CDJK0ddT4nD8q9YYIkc&quot;,&quot;mOUld+8a1BeEybAU&quot;]</string>
    <long name="client_static_keypair_enc_success" value="150" />
    <boolean name="can_user_android_key_store" value="true" />
    <string name="client_static_keypair_pwd_enc">[2,&quot;Wl9jZeAV9sMPmbfgIgJY4BRyGJ57q7oGajwK0za7UU0Kodd0dyZN2bcmRixlAEoOfsLQG0GnATSJWJwDutOmnw&quot;,&quot;e9JAaTmQ\/lbWuBCssgSKzQ&quot;,&quot;yJTraw&quot;,&quot;K9jailRdIQlAI4o++cuQgQ&quot;]</string>
</map>
