<?xml version='1.0' encoding='utf-8' standalone='yes' ?>
<map>
    <string name="client_static_keypair_pwd_enc">[2,&quot;SgAe1FnKrdyXPpKUIoAy46W\/pMo0zjrYdKA2\/eY8dwH4wd+jLZwsPidBIQL4\/Yqa3AAV7LkV6rVv8ZTRB2fXjQ&quot;,&quot;9YbtdEAf3CG4+zkzHsKvpQ&quot;,&quot;D0Mo7w&quot;,&quot;B3qv0v8mGw4a1V5Tk6O+Zw&quot;]</string>
    <long name="client_static_keypair_enc_success" value="11" />
    <boolean name="can_user_android_key_store" value="true" />
    <string name="client_static_keypair_enc">[0,&quot;uKvKjW1XtUCbAVSi80c8AUsOQ9aCmgzxDXJDWy5JLGXUa1JC+\/JOln1siCpb\/0w+jhn+6BTtpErRwZuBZfACxJspOj5lS\/Q8Qw2sb34VSyE&quot;,&quot;QsG50Mz1mnwflmSV&quot;]</string>
    <string name="server_static_public">qJWvSttNopqgQ2CgXYTc4jmSUKWd1Rv2QTMbQyYpKwY</string>
</map>
