<?xml version='1.0' encoding='utf-8' standalone='yes' ?>
<map>
    <string name="client_static_keypair_pwd_enc">[2,&quot;CwrkB7E3xAdCcnxAVlv+ZdLKKo2E2xxYiTvUo6R6hPf54xFnvtosiPfQXnwdDGB3UYR4mdTVOQtubsM0RTZqTg&quot;,&quot;uNk8o9rbPiOk96u\/wDnbOg&quot;,&quot;qqb2kQ&quot;,&quot;wDfFLQlvNRdiJ3Vrb5YPVA&quot;]</string>
    <long name="client_static_keypair_enc_success" value="127" />
    <boolean name="can_user_android_key_store" value="true" />
    <string name="client_static_keypair_enc">[0,&quot;oT+lCZ3zWf2ehbo0KhUoEgblwbg6GME+OKEuOrsgKhdo5V4psBqOy\/WlcYHJOsT6JvFZsBHP\/eCsLebe3mKpTYi\/JyHCJUpTJE3sb\/TtCpo&quot;,&quot;JY6BhDG\/HrRYi44H&quot;]</string>
    <string name="server_static_public">M9brfa5ZRYf0eVsT7CQ+yBPOzEQO/eZ37RoA6DpvHFo</string>
</map>
