<?xml version='1.0' encoding='utf-8' standalone='yes' ?>
<map>
    <string name="client_static_keypair_pwd_enc">[2,&quot;0eJLbaODUp0DWBIHkJcwwBa1K5EnWR9m21OM32kpcb2HQ4xERRTwVK+jEDxGDnc8dNN\/CAAiCE8H1M3NAGk2Kg&quot;,&quot;f4rNfV4nW+5aAMMaH82JWA&quot;,&quot;zUPM7g&quot;,&quot;SkmG3LpPxrenqKW\/n9vlDQ&quot;]</string>
    <long name="client_static_keypair_enc_success" value="171" />
    <boolean name="can_user_android_key_store" value="true" />
    <string name="client_static_keypair_enc">[0,&quot;azeh0ZGbOwFZNTtaG+3TBw0ccCsLzr5ZHlOBme8B5aX1Bq0omxtWMJv4Ym2+\/eDaklZAiwqyOMpJNeaOAe\/xJSU2jCxjTCc1lbeoxLsU57E&quot;,&quot;dLDu6kMIgPp0qSHW&quot;]</string>
    <string name="server_static_public">qJWvSttNopqgQ2CgXYTc4jmSUKWd1Rv2QTMbQyYpKwY</string>
</map>
