<?xml version='1.0' encoding='utf-8' standalone='yes' ?>
<map>
    <string name="client_static_keypair_pwd_enc">[2,&quot;e6Ngq4Y\/RzQwlVdbBGSDCh7Twxwv931H6fl7gRRedbAMhLp\/Rtfu7tDZ3JXTOaKUbp8Rakev9nY2FuJAsO0BVg&quot;,&quot;OXN\/IuEpgRWCCq8LFgpByQ&quot;,&quot;0HKtMw&quot;,&quot;5nxrwEwnK9cW2HlSdys47Q&quot;]</string>
    <long name="client_static_keypair_enc_success" value="6" />
    <boolean name="can_user_android_key_store" value="true" />
    <string name="client_static_keypair_enc">[0,&quot;uaofKw4x2gDzVxxsIwsaMl4Mi5num4kAlF9hKd3iiCNRfpNV8+S4Vm0oJwJ7EWUg4k\/cr7sMPdGl5SyaO30fei17qxF3L8KQGHn8VsqfOdU&quot;,&quot;JQ0VFd1IoKuAtADT&quot;]</string>
    <string name="server_static_public">M9brfa5ZRYf0eVsT7CQ+yBPOzEQO/eZ37RoA6DpvHFo</string>
</map>
