<?xml version='1.0' encoding='utf-8' standalone='yes' ?>
<map>
    <string name="client_static_keypair_pwd_enc">[2,&quot;7sS6CP3WjN6e+d9Nc83ECJylGKiXm2FhxY7qtOqYFzHZ+BtsHmvLDP4WATe2EABs4wN33dwqXQsIlkUt\/pC7dg&quot;,&quot;1w7uxgwyjfnbi2A6m8mSlg&quot;,&quot;Ak7Uhw&quot;,&quot;fvD+va9i8rg\/VcPQkl+fzw&quot;]</string>
    <long name="client_static_keypair_enc_success" value="10" />
    <boolean name="can_user_android_key_store" value="true" />
    <string name="client_static_keypair_enc">[0,&quot;181ZPprAwOvfDfitBDj6gsEbRv4SfCkUxur\/5x5fv1AfxIaVO9k17SoYNMyyPrZ9bFpeKZ\/hPyRDoqcw5T6Um2O1vH0f6eAIrVAJWfI+rI8&quot;,&quot;3Pv25zswBH\/wbfud&quot;]</string>
    <string name="server_static_public">qJWvSttNopqgQ2CgXYTc4jmSUKWd1Rv2QTMbQyYpKwY</string>
</map>
