<?xml version='1.0' encoding='utf-8' standalone='yes' ?>
<map>
    <string name="client_static_keypair_pwd_enc">[2,&quot;Rvu4mMCPgGYAvRTRVAdG44QkvB6fBXYOqV9eXI5l3tFcWbvVGFxF52ePzO9MDtDvkyzdiZOYJe5d297vtcW0+w&quot;,&quot;Um+dvZEUCsWTFgxfcFds0g&quot;,&quot;4CeLAw&quot;,&quot;YXZ+N5JEWFIfPrQLKNCtXA&quot;]</string>
    <long name="client_static_keypair_enc_success" value="61" />
    <boolean name="can_user_android_key_store" value="true" />
    <string name="client_static_keypair_enc">[0,&quot;JItU3FL+S+ZuTLk15vRPXSL7hPbei2WEslPicac5MCMH4TVpBG4nObpMD26Rx6Kd9O8I0HF3oBZzgfCEN684TGifBJtb6ibsL014y\/0ww4c&quot;,&quot;r+NgeVBbIRqHjtdP&quot;]</string>
    <string name="server_static_public">qJWvSttNopqgQ2CgXYTc4jmSUKWd1Rv2QTMbQyYpKwY</string>
</map>
