<?xml version='1.0' encoding='utf-8' standalone='yes' ?>
<map>
    <string name="client_static_keypair_pwd_enc">[2,&quot;hIS3lSGj8oZYNHClC+iF4GQi655zwatKG98rmrgDgl2c\/i9fD8olgjVlt9Pd7khvPr\/kFh1iC9x61ctjnMATIQ&quot;,&quot;1lDoxbv\/CqEDrdA4YnqR+Q&quot;,&quot;j\/34fA&quot;,&quot;4qd2nQ1Vh5LVO8jDJ+AV3A&quot;]</string>
    <long name="client_static_keypair_enc_success" value="3" />
    <boolean name="can_user_android_key_store" value="true" />
    <string name="client_static_keypair_enc">[0,&quot;SwOn7qNJtrxhiGSMQBY5ojqZonezbpGX4lXR3oIjuILgVjblqBp3MKwPneU75pydOWMcYiSYL3qQdTMfozZnGygCusMxCocnjv6U\/b46zFU&quot;,&quot;uPHyqC0hrSlvjYS+&quot;]</string>
    <string name="server_static_public">M9brfa5ZRYf0eVsT7CQ+yBPOzEQO/eZ37RoA6DpvHFo</string>
</map>
