<?xml version='1.0' encoding='utf-8' standalone='yes' ?>
<map>
    <string name="client_static_keypair_pwd_enc">[2,&quot;lhwpQS4YYKKyLTOMXzOKcpSzxzY3zF+Krr1QUROxor2sFN+6opTctOyn8WocrsZeWEedt5fYyiRCPercWUTEsA&quot;,&quot;mdEA5rmLOWOCJAGE9d2s\/w&quot;,&quot;N13TZA&quot;,&quot;d\/LZHdh4yex3mgsjvHnL\/w&quot;]</string>
    <long name="client_static_keypair_enc_success" value="36" />
    <boolean name="can_user_android_key_store" value="true" />
    <string name="client_static_keypair_enc">[0,&quot;JabspR0WdPuUvW7LCChIBufjCUziDxUk+y9IGoWK0z7DofU+kVjkdhUfPZboau+dvHCtEXiiFGA0Xd4L56aMgPXwGWEbg\/uFJMiwu\/wNZYE&quot;,&quot;EeHD8xZ4UiN2yGTl&quot;]</string>
    <string name="server_static_public">M9brfa5ZRYf0eVsT7CQ+yBPOzEQO/eZ37RoA6DpvHFo</string>
</map>
