<?xml version='1.0' encoding='utf-8' standalone='yes' ?>
<map>
    <string name="client_static_keypair_pwd_enc">[2,&quot;j6vKebKSxMe8nVsnBxxZrDRVn4VQVdLcQhxHfcyBEzxSXfTJcZm1KJEIwAGTjhf\/OSKORaxWbJ\/d8WCXg4ys1w&quot;,&quot;zBEc5yhwKt1g1P5NQuaqIQ&quot;,&quot;+kKzAQ&quot;,&quot;I\/nzwAtsLvWny7KO2vDOtg&quot;]</string>
    <long name="client_static_keypair_enc_success" value="89" />
    <boolean name="can_user_android_key_store" value="true" />
    <string name="client_static_keypair_enc">[0,&quot;B7GtT70i35O74CiFtDeb5asQzfkIvpflCIDuH8G8GEnwOOqJDo5GzU8zjLx5AFI7BEJYTVaVrwvI2CgdPSifCy8YsXKzAxRfWIitISQddKE&quot;,&quot;f3yVz4mmlF7JJqw3&quot;]</string>
    <string name="server_static_public">M9brfa5ZRYf0eVsT7CQ+yBPOzEQO/eZ37RoA6DpvHFo</string>
</map>
