<?xml version='1.0' encoding='utf-8' standalone='yes' ?>
<map>
    <string name="client_static_keypair_pwd_enc">[2,&quot;fZ18AOSV21tVsSCrNCroHgdK610bu8tHCrLS3j4gtEe6GhgiYrELtFYL3\/+hHC\/nV8l1kvsDXZl1AbbxGxpDjQ&quot;,&quot;VKxDM\/9yvSfA7Ug8QHicNQ&quot;,&quot;t\/aMLQ&quot;,&quot;+uzhDV1\/YxsXOKky8YfRPg&quot;]</string>
    <long name="client_static_keypair_enc_success" value="1" />
    <boolean name="can_user_android_key_store" value="true" />
    <string name="client_static_keypair_enc">[0,&quot;0mpmh5tRqH3VzJaJ8nwXXIT+qJAZKH6spvKudr+3VIS\/nBOzy8Iq1cKN\/Xc4s6DZQvAaCJHAEEvg14OdATgIb+KYFyJ8orap4vm9Mo9cwr4&quot;,&quot;6SsirAX9SS+Vl0Tn&quot;]</string>
    <string name="server_static_public">M9brfa5ZRYf0eVsT7CQ+yBPOzEQO/eZ37RoA6DpvHFo</string>
</map>
