<?xml version='1.0' encoding='utf-8' standalone='yes' ?>
<map>
    <long name="client_static_keypair_enc_success" value="35" />
    <string name="client_static_keypair_enc">[0,&quot;0\/LvMXT1dYOtARtLb1QqqNkiJd0VPlJ6bsndujtGbB6CMDcWDMpxEes7nltqQOEIuz5gNLub3oLjJtp4inApuvGrFqIVIPVhNyynUEHAxZk&quot;,&quot;TEZIXlxN2rj21qIk&quot;]</string>
    <string name="server_static_public">qJWvSttNopqgQ2CgXYTc4jmSUKWd1Rv2QTMbQyYpKwY</string>
    <string name="client_static_keypair_pwd_enc">[2,&quot;UbnLH58h7jWg1gzjhCDhNlip9xg+2M1\/TtsHBVD0hozAxoAyqaSNaOaha\/oegohJ1olIFVO1nArzbOqa1s75LQ&quot;,&quot;ZzWUOgvJF4mT9sgBbugydg&quot;,&quot;4km3kw&quot;,&quot;2mXMsMZqgWg\/w3r5uGlfBA&quot;]</string>
    <boolean name="can_user_android_key_store" value="true" />
</map>
