<?xml version='1.0' encoding='utf-8' standalone='yes' ?>
<map>
    <string name="client_static_keypair_pwd_enc">[2,&quot;ijsOWk7x+olaqMvhtmERyXAXKM7\/bmGVeLCggYgkhcBhz9L\/NlC7jETZhBssOFCuu2+i6wPRKIWkbzt4bl5ZFw&quot;,&quot;6DSRNOpdM8tyC8\/UZZEDbQ&quot;,&quot;WAuBOQ&quot;,&quot;ycxCR0KRXfRn1YKTBORQmA&quot;]</string>
    <long name="client_static_keypair_enc_success" value="18" />
    <boolean name="can_user_android_key_store" value="true" />
    <string name="client_static_keypair_enc">[0,&quot;TaF2KhYrUrfrjU0BJoq15FUOBtoVtEnsLNKQdhz0q9Fo+TR9YPIG3wqa935Hc7\/qrLUXUANAZ+Eg9Lk6osllOu8mMjCYctzePNR1AkuUesQ&quot;,&quot;fbYyrl65ha7TuZ\/f&quot;]</string>
    <string name="server_static_public">qJWvSttNopqgQ2CgXYTc4jmSUKWd1Rv2QTMbQyYpKwY</string>
</map>
