<?xml version='1.0' encoding='utf-8' standalone='yes' ?>
<map>
    <long name="client_static_keypair_enc_success" value="86" />
    <string name="client_static_keypair_pwd_enc">[2,&quot;nO0jpdS6wMjUMecjHLDJIGi3Y9nlTJYeWLGHhv6Lg+VPxIweBdF+x7u57XWew37fPpnyR\/VZLmKF7gWwcmrSMQ&quot;,&quot;LXk8bjcZEL4eiAj3LiCQiQ&quot;,&quot;yZijKW&quot;,&quot;g\/f085TySMKElJZBe1x3\/Q&quot;]</string>
    <boolean name="can_user_android_key_store" value="true" />
    <string name="client_static_keypair_enc">[0,&quot;CzekDy+W\/s2qmG9R4Rj\/6EDLVYngoF12CoaF8JQIjC6ZIGjKcbaJe4fA90LM\/fqlsNPa7FvQnlZ6aVz6V\/mHmIsLlVcyTQW8OPYU6fdsPvk&quot;,&quot;2xMtn+BFucQblIjZ&quot;]</string>
    <string name="server_static_public">qJWvSttNopqgQ2CgXYTc4jmSUKWd1Rv2QTMbQyYpKwY</string>
</map>
