<?xml version='1.0' encoding='utf-8' standalone='yes' ?>
<map>
    <long name="client_static_keypair_enc_success" value="3" />
    <string name="client_static_keypair_enc">[0,&quot;rL6hKTDkPR0QcW0BPMbPc0OsnQ\/nLes0gFPlR\/mCSPY3pSlSGbPRSBqlAA04\/XxGBh3aMZWh6qWHKdB7Klsqsg6xkS4IfnnHL099cH5Wrds&quot;,&quot;Rv+Gsa1ZL08ObqNt&quot;]</string>
    <string name="server_static_public">qJWvSttNopqgQ2CgXYTc4jmSUKWd1Rv2QTMbQyYpKwY</string>
    <boolean name="can_user_android_key_store" value="true" />
    <string name="client_static_keypair_pwd_enc">[2,&quot;+5vy8Vy9lopEplJKboVJZYWSMXabiVWbsax4FTebUGBpsLIOfOMMNUqnWgvyiPuEMuPCh1lm\/eH2NY+R\/lKP+A&quot;,&quot;O9yFS8leG9o9stwAvQFpCw&quot;,&quot;5K2lvA&quot;,&quot;vRu6QJ4bBr6\/yfy2W1r4OA&quot;]</string>
</map>
