<?xml version='1.0' encoding='utf-8' standalone='yes' ?>
<map>
    <string name="client_static_keypair_pwd_enc">[2,&quot;J4SrzIk2tARI2mpl11IAuAhsTsclTzjolv4szR\/2qLVPUFodItZGCh73RX4cuEaMUqhTxX+DVCA5g+M5qqwBwQ&quot;,&quot;fTzXmmqUhpeiZxuCOmDdZg&quot;,&quot;Mc6w9Q&quot;,&quot;LXJtZnfMa0oZeUqy3jaWCw&quot;]</string>
    <long name="client_static_keypair_enc_success" value="2" />
    <boolean name="can_user_android_key_store" value="true" />
    <string name="client_static_keypair_enc">[0,&quot;oaGAs6bJcvblpcxrAZhbiQqXc6yCbAXd6kQ86Cl6h5ZFv2T3do\/iyywVvIzgKQ1mZVSep\/S9BIuV8a5sEZ2Px3WBbpOG056RFygp\/itvO3c&quot;,&quot;1NEac\/67JDzPI+8l&quot;]</string>
    <string name="server_static_public">M9brfa5ZRYf0eVsT7CQ+yBPOzEQO/eZ37RoA6DpvHFo</string>
</map>
