<?xml version='1.0' encoding='utf-8' standalone='yes' ?>
<map>
    <long name="client_static_keypair_enc_success" value="125" />
    <string name="client_static_keypair_pwd_enc">[2,&quot;sObIpNFSGp\/c8jZvR7vBtF2lebhUl8LPthVC+uOgidwjV24EFXAxPFWutab65JwdOahMUgZJ4tIbukPB8vNXcA&quot;,&quot;CtMctfU9MnPDjdXiAPAoZg&quot;,&quot;EsxhQA&quot;,&quot;7\/zW4pRjDtogXj2lvONUQQ&quot;]</string>
    <boolean name="can_user_android_key_store" value="true" />
    <string name="client_static_keypair_enc">[0,&quot;qEPdpEypvKRQwid6L0FZh3IkUXkyAhjTTrjVpJ67Et9hj9x6I4uf7Ikkd1q+cqkrLgpS9kbPPf93DAlNvoCmSP9Rlx1qJ8B1CskCSNa9Azw&quot;,&quot;aGCd+u3as+L9VlSI&quot;]</string>
    <string name="server_static_public">qJWvSttNopqgQ2CgXYTc4jmSUKWd1Rv2QTMbQyYpKwY</string>
</map>
