<?xml version='1.0' encoding='utf-8' standalone='yes' ?>
<map>
    <string name="client_static_keypair_pwd_enc">[2,&quot;9K+125C0hLOThqfjXnbiI3EjqQHn0j61qCMBMrIRSMaeuzEAneaP\/\/IZ\/eU06UV8r6K0Q2d7yo5rMN0yFw5IaQ&quot;,&quot;sYodlKxhSpZ8JePuxa\/ONw&quot;,&quot;VKCwgA&quot;,&quot;v48foytYFX071BsLwEwt1A&quot;]</string>
    <long name="client_static_keypair_enc_success" value="3" />
    <boolean name="can_user_android_key_store" value="true" />
    <string name="client_static_keypair_enc">[0,&quot;WM8J8p\/LzCgFFe2Cig2LiWiztkG7nEeaijynbRdkKB8Kq9CX0KGEi\/izgyaImPSVHjfMLFNBJa9siVaLO98Jpp+XqLv\/qn8MkBGK70uLbMI&quot;,&quot;fdcvIWE3RFKko\/zX&quot;]</string>
    <string name="server_static_public">qJWvSttNopqgQ2CgXYTc4jmSUKWd1Rv2QTMbQyYpKwY</string>
</map>
