<?xml version='1.0' encoding='utf-8' standalone='yes' ?>
<map>
    <string name="client_static_keypair_pwd_enc">[2,&quot;OkSYxzsJKtaP9QpB9NjpQ7zfRoew07LJrN\/hP4AS7V1+g2YbGZrBwbnNIsvzfpke1VEFzeunSvdjQ0TJ2AY\/4g&quot;,&quot;obCUpP6\/NlJYMayVSr4sTQ&quot;,&quot;9kJ7HQ&quot;,&quot;hg5zLan2MGDScy+B5TUUGQ&quot;]</string>
    <long name="client_static_keypair_enc_success" value="37" />
    <boolean name="can_user_android_key_store" value="true" />
    <string name="client_static_keypair_enc">[0,&quot;dkUr4SwHffPQp2iLBNV+9d6OI3llVoFg2KI4AK65VlIwB9zYVDJn\/+i0Sx6lHaHP88EwX1lMp7cRmTCpMAO\/90+bSOhngFkH3YIrJR7bP7M&quot;,&quot;6qa3KlVMncG9ad3S&quot;]</string>
    <string name="server_static_public">M9brfa5ZRYf0eVsT7CQ+yBPOzEQO/eZ37RoA6DpvHFo</string>
</map>
