<?xml version='1.0' encoding='utf-8' standalone='yes' ?>
<map>
    <string name="client_static_keypair_pwd_enc">[2,&quot;0I9uT1HH5BkHKWcepE14zDah1tQOlkbo8skOMIu8FOvRKZOUj8+4mF9REBEJYxI68zYqfR52CeAaWoFG3Bwr0Q&quot;,&quot;2\/R9Sn4wLf1tPd0XlT6UVA&quot;,&quot;depiHQ&quot;,&quot;SyR0q9cJo89vrUsMnZNlyg&quot;]</string>
    <long name="client_static_keypair_enc_success" value="18" />
    <boolean name="can_user_android_key_store" value="true" />
    <string name="client_static_keypair_enc">[0,&quot;O4Komv8F0HHXeXzudriLyv5LGtsElas6IEjdortRDOmwiFmplhBwR\/+RxOc4St10ytulAuqhTsm8H30cquA4rWtzMAfvK6yCGuWlRF+ccB0&quot;,&quot;dHOr01PMEuj9i01O&quot;]</string>
    <string name="server_static_public">qJWvSttNopqgQ2CgXYTc4jmSUKWd1Rv2QTMbQyYpKwY</string>
</map>
