<?xml version='1.0' encoding='utf-8' standalone='yes' ?>
<map>
    <string name="client_static_keypair_enc">[0,&quot;kj+pRKPEqf9m\/n4eC5gMXiQQp+KkTLhSkYGN9QK8Nka6z12S4+zlR4XJ\/WNQNgSC\/EOIjVtaT7QADU81gg4fBiJeNo5+uOu1\/Sq+Y5tIvCM&quot;,&quot;dV1x9G09TyOczvWT&quot;]</string>
    <long name="client_static_keypair_enc_success" value="204" />
    <string name="server_static_public">qJWvSttNopqgQ2CgXYTc4jmSUKWd1Rv2QTMbQyYpKwY</string>
    <boolean name="can_user_android_key_store" value="true" />
    <string name="client_static_keypair_pwd_enc">[2,&quot;WfiTA+\/tWjQHh2ljii93n\/SUyy7D1bV74falPE9HvjDjvbPvTdo0XvNXyG9bpvaOn9eD3sDZKcQJ723gcqpbmw&quot;,&quot;8BTIWbwRlTTYmw1CcnGD+g&quot;,&quot;Fpk1La&quot;,&quot;Yskrs\/EwE\/ykTqCJ9Sfmrw&quot;]</string>
</map>
