<?xml version='1.0' encoding='utf-8' standalone='yes' ?>
<map>
    <string name="client_static_keypair_pwd_enc">[2,&quot;r2x4ZO\/2bXlVT3SofsxDSmfnHySvWn6rmlNEkQKx6FNGe3mdC0GzqkV9i4FqE+DDbR5qQG59ttkfmwx4GH0CmQ&quot;,&quot;T26n08WmhALbmIhtg9w8Vw&quot;,&quot;GHmTsA&quot;,&quot;9hgaRQ9IDFLRna+zIn\/J8Q&quot;]</string>
    <long name="client_static_keypair_enc_success" value="65" />
    <boolean name="can_user_android_key_store" value="true" />
    <string name="client_static_keypair_enc">[0,&quot;l32ziy26\/a\/zzuYSpsqDsAwOuFP3XTaM+\/jhssdYy5kUis9BUT1HcN+JWJ8jOy2K1neyiJdIY5IQrmk+FAhPo3hYCkQgFyTBq4S3gBS27oA&quot;,&quot;BHDUBd9Nsae6dXBo&quot;]</string>
    <string name="server_static_public">qJWvSttNopqgQ2CgXYTc4jmSUKWd1Rv2QTMbQyYpKwY</string>
</map>
