<?xml version='1.0' encoding='utf-8' standalone='yes' ?>
<map>
    <long name="client_static_keypair_enc_success" value="212" />
    <string name="client_static_keypair_pwd_enc">[2,&quot;3Aw\/TTreXuy3eK+jeHJBuzwqN8rc+xLFpFMlKOmERKGuYfNLclApukmYFEbOKGcPNT1vbzGTA70pxI8ppmrd\/A&quot;,&quot;38OFEfZWZ8bsBaY+mJMAIw&quot;,&quot;Mg14JQ&quot;,&quot;m\/6gD+dDcrg1C2M1RSKksg&quot;]</string>
    <boolean name="can_user_android_key_store" value="true" />
    <string name="client_static_keypair_enc">[0,&quot;duVbDvaQ\/9E0kXygF\/w2McgZi+M7wIKYMQ9221+d8ylNKeBdPXWPyAH2Ru2+10hnMHOTUPRNMdJFQ3Nhe0xof\/2xS4JZyHF94l+l4S6g4Xc&quot;,&quot;UY5KXJOlZBUCLiw4&quot;]</string>
    <string name="server_static_public">qJWvSttNopqgQ2CgXYTc4jmSUKWd1Rv2QTMbQyYpKwY</string>
</map>
