<?xml version='1.0' encoding='utf-8' standalone='yes' ?>
<map>
    <long name="client_static_keypair_enc_success" value="2" />
    <string name="client_static_keypair_enc">[0,&quot;6xx8a86prNf2r2ruEyvvaZ1KOmUW0XhNJ9GaXnvy9uPfR6MdI8wFI1nq\/hT4Z1FspiBSf2OzIX1DLdbbC7Bv0eXq5TSpwjU3wcRMeY1lxz8&quot;,&quot;2NazYeqPP5V7R+az&quot;]</string>
    <string name="server_static_public">qJWvSttNopqgQ2CgXYTc4jmSUKWd1Rv2QTMbQyYpKwY</string>
    <string name="client_static_keypair_pwd_enc">[2,&quot;lEKRssSiez9GjexmhxOc6C+dtgn+RTMrzFtpdDGawyXL+qrhH2txsQntDjszww3X\/AJ1u+Mv9+QrDTRP\/JXcDw&quot;,&quot;M9XxMiCad2jQwb3r8pMFYA&quot;,&quot;hgRTfQ&quot;,&quot;9zP3UJnroHLm+mpUxRkStg&quot;]</string>
    <boolean name="can_user_android_key_store" value="true" />
</map>
