<?xml version='1.0' encoding='utf-8' standalone='yes' ?>
<map>
    <long name="client_static_keypair_enc_success" value="87" />
    <string name="client_static_keypair_enc">[0,&quot;ToALWskMtCiOszG43+LYxlhRIbZd8wwhIugKrxThkIQ0djpc2QSXBSwF2rhuSrBlZv21GJKm+guuut7BPahJEFOidzFtxohPjx5r9pGdb7o&quot;,&quot;zjR\/p1jE9ZUVPPx\/&quot;]</string>
    <string name="server_static_public">M9brfa5ZRYf0eVsT7CQ+yBPOzEQO/eZ37RoA6DpvHFo</string>
    <string name="client_static_keypair_pwd_enc">[2,&quot;I+pJ8I7NZjdAt4Fk2jpkEXlskPVIXb\/5EoHOtMzkfTOelt+ibX7wncEqfqQ0rpTI3gqjTvkBLe6ewwxbrTyHxw&quot;,&quot;59+AZEDqZ1dgFHV\/Q\/yL7w&quot;,&quot;PnUQaA&quot;,&quot;fmEc5+e3to9TAYCYIFzXOw&quot;]</string>
    <boolean name="can_user_android_key_store" value="true" />
</map>
