<?xml version='1.0' encoding='utf-8' standalone='yes' ?>
<map>
    <string name="client_static_keypair_pwd_enc">[2,&quot;ex5J9DMJZ\/EDjocVJBhUHjb\/NwXqd0AWT1pmdpUK5FJlYSxhzCwOMwbDKhe+2JGe7cOWlh8CXo\/S94Z1T7MPow&quot;,&quot;TXWzk3FiGcIHIxB6mMGb5Q&quot;,&quot;ZFZvIj&quot;,&quot;7CumhL0aOmzVOTJLkGFdKA&quot;]</string>
    <long name="client_static_keypair_enc_success" value="227" />
    <boolean name="can_user_android_key_store" value="true" />
    <string name="client_static_keypair_enc">[0,&quot;T3BswlMMTR3+smEh4IZlUPCJbjTKHfwMp1N9nc9qdYrl2dUE3jk8q6R0Bc4v5repi4O2pCn6Roz1VnxF3svn4qirUvkGM9CCXaEnnu8vu+A&quot;,&quot;rYoqSNTEWSbWMcev&quot;]</string>
    <string name="server_static_public">M9brfa5ZRYf0eVsT7CQ+yBPOzEQO/eZ37RoA6DpvHFo</string>
</map>
