<?xml version='1.0' encoding='utf-8' standalone='yes' ?>
<map>
    <string name="client_static_keypair_enc">[0,&quot;kSMthpQUCLU2wQdHKS+VffhIMS5AYK0LHSckRSqQnW7pqfgY4BgFpk3MdH1A9YFAM2EWUbEWQWpOnlOwbs9WTdR5214wXQhhsfs\/fji7lHQ&quot;,&quot;6RKwaKw4AJpvAkWP&quot;]</string>
    <long name="client_static_keypair_enc_success" value="380" />
    <string name="server_static_public">qJWvSttNopqgQ2CgXYTc4jmSUKWd1Rv2QTMbQyYpKwY</string>
    <boolean name="can_user_android_key_store" value="true" />
    <string name="client_static_keypair_pwd_enc">[2,&quot;ZPX314KIA4bRrgdLrZpJu2zZjIJfKmIt+Iwo8jp6g7+4pCJn3PRSW2PaTHL9nkOLJKaEFKbSklp3MGIgkbTkgg&quot;,&quot;4hDQTd9426UF63PAIBScRA&quot;,&quot;QTkSSH&quot;,&quot;EMhpkPMRfB\/39yicmj710A&quot;]</string>
</map>
