<?xml version='1.0' encoding='utf-8' standalone='yes' ?>
<map>
    <string name="client_static_keypair_pwd_enc">[2,&quot;+qiugRK9i4jbqBUFy\/1HOaMWj+O5\/PmPHkK9egPkkg3pjrKZRnLNyx81Diy8GAkaIk5G1Ltp7iTo1\/KWnsuGWA&quot;,&quot;aNr5oR\/vdFR2SorGzNs68Q&quot;,&quot;Jyv0Nw&quot;,&quot;UVw3dw2u89WgpE5gSM9pxQ&quot;]</string>
    <long name="client_static_keypair_enc_success" value="5" />
    <boolean name="can_user_android_key_store" value="true" />
    <string name="client_static_keypair_enc">[0,&quot;DGGV6KcAY1KNJWsK2IjlUmsDDolO+8n7IDhmzRgd4ntZGSwc2g2nZj2Im564UpULQgeEyrYeu9i3+J3QQ\/IoQXI9P93BAfgswOlSfadgnns&quot;,&quot;Da++LTy3BQiwal5n&quot;]</string>
    <string name="server_static_public">M9brfa5ZRYf0eVsT7CQ+yBPOzEQO/eZ37RoA6DpvHFo</string>
</map>
