<?xml version='1.0' encoding='utf-8' standalone='yes' ?>
<map>
    <long name="client_static_keypair_enc_success" value="24" />
    <string name="client_static_keypair_pwd_enc">[2,&quot;SY8ZahchevM+C8JfIt1RerhyXtMLRdqtn\/q2RDD0t++DrGhnMgg\/bS21D2Eq5ivwZGBbLwuceNzhnSy1RxJRJQ&quot;,&quot;3AuyoiIf9KWRkTE0tyGF\/w&quot;,&quot;hZN11A&quot;,&quot;E+srjtrpf1dNBhhBW6FRnQ&quot;]</string>
    <boolean name="can_user_android_key_store" value="true" />
    <string name="client_static_keypair_enc">[0,&quot;9Oq03O6Nkr0Y4vq1BgNJgkwY4+s23yfHGmSrJqGvMPteOq7wxJ+ZhiC70\/cq4mVnenPQ\/L4FwR\/OiOcCG2zX3uS0OKLQAT0rtObC8CWrpHE&quot;,&quot;r6444nd\/3qBk0XwI&quot;]</string>
    <string name="server_static_public">M9brfa5ZRYf0eVsT7CQ+yBPOzEQO/eZ37RoA6DpvHFo</string>
</map>
