<?xml version='1.0' encoding='utf-8' standalone='yes' ?>
<map>
    <string name="client_static_keypair_pwd_enc">[2,&quot;VnHa1mpuYlsR6l9MHJM5TTOTAHWbQgRi9erFR1yd1vtFBdeAVRPnI0pHyIuHBQcqdMaKrQqhiJ0E9TpE8cwkug&quot;,&quot;U+7cIk6RAhWi\/ood5SXCqw&quot;,&quot;GEOoeu&quot;,&quot;U1TAfiLFT7EXjNmOe+pspg&quot;]</string>
    <long name="client_static_keypair_enc_success" value="15" />
    <boolean name="can_user_android_key_store" value="true" />
    <string name="client_static_keypair_enc">[0,&quot;HuCrX19VhYBoZVU9UNs9dmQic6WTGL6NX5O9wTYtZyKojlq6bm+cHUKTQyd9WZq+omA0STerPkPGiwLq2kGbPoDukyYGvNnBlT+uJ3XsWbo&quot;,&quot;CTFS\/bT+p+dPGXfm&quot;]</string>
    <string name="server_static_public">qJWvSttNopqgQ2CgXYTc4jmSUKWd1Rv2QTMbQyYpKwY</string>
</map>
