<?xml version='1.0' encoding='utf-8' standalone='yes' ?>
<map>
    <string name="server_static_public">qJWvSttNopqgQ2CgXYTc4jmSUKWd1Rv2QTMbQyYpKwY</string>
    <long name="client_static_keypair_enc_success" value="1392" />
    <string name="client_static_keypair_enc">[0,&quot;bdzbcpec31pTY3hQT656LFKxuic+R4tbNXuU4qtlSghrr5hxTAqF+nG2SVU2dtgd5ovGDvbRY97xatm\/leMlMpZeytyMkQZqNQ39y5kGhDs&quot;,&quot;JMbN6uiczo4dutpu&quot;]</string>
    <string name="client_static_keypair_pwd_enc">[2,&quot;6DchRrsHVSa6aGrNiGfQmTNpLsTpetFjjqQKENENbJv99oUXqrVNsqstXsEjDl1Pv85OZvGcUgSH2a567+P2hw&quot;,&quot;s8xijtJB2Ki4zvBJZDNVyg&quot;,&quot;Tadcsg&quot;,&quot;UzQftsby7CLH9RIOIwb0EA&quot;]</string>
    <boolean name="can_user_android_key_store" value="true" />
</map>
