<?xml version='1.0' encoding='utf-8' standalone='yes' ?>
<map>
    <string name="client_static_keypair_pwd_enc">[2,&quot;tAyEAL2oFk2e7\/SuukrrDmOd1YBh1WC9q5mFZdDpbLzvY7E0sBQPSx3rQZeG4Sh3cdcxtH2\/cNUkkc7QyHeTvQ&quot;,&quot;MezD1HpMOYUrHs7Q7wHFeQ&quot;,&quot;hA6ieg&quot;,&quot;TlvUujUSaEylGnB4y2fz5g&quot;]</string>
    <long name="client_static_keypair_enc_success" value="384" />
    <boolean name="can_user_android_key_store" value="true" />
    <string name="client_static_keypair_enc">[0,&quot;rhj816hgo9aitXuHHM+g+mX2tsy5iLjIYCLBEpMKAxTclNHTeto1srx9kH\/UMt2brOf849fg08UtHsT\/+nJhp5PXo9pbU4P2SR+9\/pN+XKs&quot;,&quot;twol3SFlgDLQCh0S&quot;]</string>
    <string name="server_static_public">qJWvSttNopqgQ2CgXYTc4jmSUKWd1Rv2QTMbQyYpKwY</string>
</map>
