<?xml version='1.0' encoding='utf-8' standalone='yes' ?>
<map>
    <string name="client_static_keypair_pwd_enc">[2,&quot;mOFy9tjM0\/qSaEOI2q4G3I97v3imxNzA9whliJUMQc0N9URRvE1VF3sP1Jf1BqRrP2Z9X8S31r180uUysHUyKQ&quot;,&quot;wDFzpPc4dlE4Jugq+T8NmA&quot;,&quot;Z9SC8g&quot;,&quot;O6MQSSTWZemjZC41+WzxVA&quot;]</string>
    <long name="client_static_keypair_enc_success" value="11" />
    <boolean name="can_user_android_key_store" value="true" />
    <string name="client_static_keypair_enc">[0,&quot;EQds23fHKCT10DfQk4fRXhS0W+DMv\/sD1YFq+QQ+OE03XCx6LDWq5m7M\/t\/ZUEinVDS\/TCXmXbJrEhRZAi42vxIekyHE51o7sOohfmECYng&quot;,&quot;l1h8KELv\/7NeocTX&quot;]</string>
    <string name="server_static_public">qJWvSttNopqgQ2CgXYTc4jmSUKWd1Rv2QTMbQyYpKwY</string>
</map>
