<?xml version='1.0' encoding='utf-8' standalone='yes' ?>
<map>
    <string name="client_static_keypair_enc">[0,&quot;HZUvMSHNYEavKKM24axxyly6YrPGi0WEvJgJGCTSb4piuNczcpDjn6GrOsJo7CQ2hNjJCn3RPBZj1Adwb\/iF1YQkCupFu39jZUkLD5L5Em0&quot;,&quot;c3+T4cxLCAnqRuS4&quot;]</string>
    <string name="server_static_public">M9brfa5ZRYf0eVsT7CQ+yBPOzEQO/eZ37RoA6DpvHFo</string>
    <long name="client_static_keypair_enc_success" value="20086" />
    <string name="client_static_keypair_pwd_enc">[2,&quot;U5n2CELrKiclI8AICq2345O4GM0uif4VU8ZkVrfSKvfYacHBOgV\/GSktCa7FWtpa7CtiNn7JH00pnpy2UW5\/Wg&quot;,&quot;3vilHIOpE5X6lKr6kJ2D2g&quot;,&quot;kzRRL6&quot;,&quot;2E+XIJzS9UMhsU2KFVFhNw&quot;]</string>
    <boolean name="can_user_android_key_store" value="true" />
</map>
