<?xml version='1.0' encoding='utf-8' standalone='yes' ?>
<map>
    <string name="client_static_keypair_pwd_enc">[2,&quot;4hKOZAvPLXrBLe8KzNloFJiOm\/2zwcYSwsr9XVkfiBJb29vZ8bWBQg6AqtOHr+ku\/eZLi7hBwiu+7F5KfVHbDA&quot;,&quot;Wv16CkaFKQxHnJ6RQSrRDw&quot;,&quot;n9qjCQ&quot;,&quot;+GjX3C7h26xLFbguVVfJ9A&quot;]</string>
    <long name="client_static_keypair_enc_success" value="18" />
    <boolean name="can_user_android_key_store" value="true" />
    <string name="client_static_keypair_enc">[0,&quot;tkLPQwaSTn7uA7UdTHOb8zClYpJ\/I4tEuoEFTB8FaCiwxgYznfJUHIHHgMR++k8RuOaiLbP7kYXcckzepENDlJhA\/mr1q8XD91yut3gc0N8&quot;,&quot;qTnM6Eyc4hTkhFdz&quot;]</string>
    <string name="server_static_public">qJWvSttNopqgQ2CgXYTc4jmSUKWd1Rv2QTMbQyYpKwY</string>
</map>
