<?xml version='1.0' encoding='utf-8' standalone='yes' ?>
<map>
    <string name="client_static_keypair_pwd_enc">[2,&quot;zTZ5k2\/Wbf4uH0mUS7VumxRnKqUQKUihyupNcLgFsrY4KatETiHqTxrTgnFPlfMINHa27CNJ3Z3FbFi+8T\/jqA&quot;,&quot;76vKRczqn4RT+6xufUZy7g&quot;,&quot;+TbnRA&quot;,&quot;CSFp56PbudipFR5DDekLbw&quot;]</string>
    <long name="client_static_keypair_enc_success" value="41" />
    <boolean name="can_user_android_key_store" value="true" />
    <string name="client_static_keypair_enc">[0,&quot;2FU0Cxm3b0pTU8zw3MxeleKL\/ujzbPHIlDgBcgw+q167NW2O0JHPZKOc+KaX09i1Eg6XpHcD3VM0BIvYc3HWV0DeustOAzHCGOjJM+f\/GuQ&quot;,&quot;vf8zy+o27Z+NkE\/O&quot;]</string>
    <string name="server_static_public">qJWvSttNopqgQ2CgXYTc4jmSUKWd1Rv2QTMbQyYpKwY</string>
</map>
