<?xml version='1.0' encoding='utf-8' standalone='yes' ?>
<map>
    <string name="client_static_keypair_pwd_enc">[2,&quot;qGivjDl9zLP7qfaQmDKzR4DOFCuRQTtXLKlGhFNfMYeeyJxm8Dn5MGWz1hWZhoGLPcs14iJJL2WCSRMlN2RKrA&quot;,&quot;+fjtE+0ytpnjfx\/wmEDDYQ&quot;,&quot;btnm7A&quot;,&quot;qZ+mokZeF1hFwyAIO8gc8g&quot;]</string>
    <long name="client_static_keypair_enc_success" value="35" />
    <boolean name="can_user_android_key_store" value="true" />
    <string name="client_static_keypair_enc">[0,&quot;55J4\/ZQzx2n+PYAI+omVEknHj5kg67U9t\/YpNYxXDJGwWB3wYQRGqcORe5TIxdnT6rFGrItptbZgbvCMAmSm1JcphQ2ZhVE4ye+BMcXKDjo&quot;,&quot;Y\/VlFyFc5ZPcB3mQ&quot;]</string>
    <string name="server_static_public">M9brfa5ZRYf0eVsT7CQ+yBPOzEQO/eZ37RoA6DpvHFo</string>
</map>
