<?xml version='1.0' encoding='utf-8' standalone='yes' ?>
<map>
    <long name="client_static_keypair_enc_success" value="29" />
    <string name="client_static_keypair_enc">[0,&quot;dlsr1GwnoP7y2Wb2t4bt47WaTJMQcgQ+cGoh3XDgqp4MO8ix5IrKcO4DNdp\/ZbWFCVS2XnVG2e1FwzuXIgAznk4kWDwLCwkfzk+xzoZXPkA&quot;,&quot;Cms7QF9X2Vewfnml&quot;]</string>
    <string name="server_static_public">qJWvSttNopqgQ2CgXYTc4jmSUKWd1Rv2QTMbQyYpKwY</string>
    <string name="client_static_keypair_pwd_enc">[2,&quot;+j2z8rBODHT\/fRjOdGFKyxQEs96Lpz6igMEWs8yJU\/oBtXA4MbJZrvTQ\/JELgeR7jYe51AbWl7qYdVtnjIwhVQ&quot;,&quot;s9qOeSQPEvVIT7gefK0L6w&quot;,&quot;U8Uxgg&quot;,&quot;LLBK2ySiWzzWwl5jqkKivw&quot;]</string>
    <boolean name="can_user_android_key_store" value="true" />
</map>
