<?xml version='1.0' encoding='utf-8' standalone='yes' ?>
<map>
    <string name="client_static_keypair_pwd_enc">[2,&quot;2BbsZgHIdI6YH317EfNhdwnnAPcNXAtbyHu0viuolM94QKXJrmsVt0EKDnLFN4dOnP\/rJ\/8uIPk+gYnoI7TV1w&quot;,&quot;AnriWV+5o+96vPZ0Jdo94A&quot;,&quot;5cOGyA&quot;,&quot;xUrpcYRellBPr9fiMAGyfw&quot;]</string>
    <long name="client_static_keypair_enc_success" value="71" />
    <boolean name="can_user_android_key_store" value="true" />
    <string name="client_static_keypair_enc">[0,&quot;dTzjbOtzZL4q3QnYlRDuX5ym5NeCu\/rURnSrxq63zwoIGWAd1CjsklBt2H3h7WqEuiiy338PraRfRcVb8PjCqSRfTUoNVGhjdw5+JZL5oaQ&quot;,&quot;e\/GqAQp9P4gKV6hU&quot;]</string>
    <string name="server_static_public">qJWvSttNopqgQ2CgXYTc4jmSUKWd1Rv2QTMbQyYpKwY</string>
</map>
