<?xml version='1.0' encoding='utf-8' standalone='yes' ?>
<map>
    <string name="client_static_keypair_pwd_enc">[2,&quot;qQJ65iJpcSJgJpJKyGjJXhkmBO6V5tRlLTJyKWSP5N2SciIFZlPSNJ2L5PKv81PDos5QTh6ULY3hMAQaf+wsag&quot;,&quot;wPGNhKgdbZfPHnaj8xQVUw&quot;,&quot;3UBO\/A&quot;,&quot;F39UIm\/HXobVG0dGidQQYA&quot;]</string>
    <long name="client_static_keypair_enc_success" value="31" />
    <boolean name="can_user_android_key_store" value="true" />
    <string name="client_static_keypair_enc">[0,&quot;RXXCGilODbgrx2vSF3AxY817hhe9ShSxYEnssLF0o6KFp2xGba1m6OGufdEQNWCDc23LUkkLEM7EvsR6X5HHZx+pePxIA2VbJP3i+j4Ia2U&quot;,&quot;BST0UA27fo6k8SGE&quot;]</string>
    <string name="server_static_public">qJWvSttNopqgQ2CgXYTc4jmSUKWd1Rv2QTMbQyYpKwY</string>
</map>
