<?xml version='1.0' encoding='utf-8' standalone='yes' ?>
<map>
    <string name="client_static_keypair_pwd_enc">[2,&quot;YteO3XJmTFphdEKVHegXGXlGOzUBlODiJe9NnkclNVyByTWJoPaLlKk5nCOBLd4mXtV08BPaVSHFxaeW2JE0OA&quot;,&quot;nelI6CY8n5+W5z3pIHoEcw&quot;,&quot;dyZlZA&quot;,&quot;wPib6JEqUgmj4kHV19Qgug&quot;]</string>
    <long name="client_static_keypair_enc_success" value="10" />
    <boolean name="can_user_android_key_store" value="true" />
    <string name="client_static_keypair_enc">[0,&quot;9Fzyp25E5W98245IJW2lvNhRo20mKy4d96\/Yqa9EEvbglhgEZc+DvGSOTQ1+7xzqD\/TF6lZ9N6qthFLB6NjiAcrfPh\/jMQzBjBfBU\/SXjMM&quot;,&quot;OW2NiEPrYRGua2jo&quot;]</string>
    <string name="server_static_public">qJWvSttNopqgQ2CgXYTc4jmSUKWd1Rv2QTMbQyYpKwY</string>
</map>
