<?xml version='1.0' encoding='utf-8' standalone='yes' ?>
<map>
    <string name="client_static_keypair_pwd_enc">[2,&quot;a89Yc9IhcEdcI3T9ieBWozYG5b3sC0yFqecF4TPolj4bMqTrrl9CQ\/c+TlgL+mO5+3Icy\/\/uCSTSFUmCWNDubg&quot;,&quot;AhzqoJFn3CQUEb3+LhhmKg&quot;,&quot;09mpCQ&quot;,&quot;8IQ9BRzdk4aaOsLgHt0Juw&quot;]</string>
    <long name="client_static_keypair_enc_success" value="5" />
    <boolean name="can_user_android_key_store" value="true" />
    <string name="client_static_keypair_enc">[0,&quot;iqCoImIyYjlZoJyq\/wv4ddD1Aj79WyexI8+JehoM4lnPpJrZZ3KNC0MtZfYsGFOVGi5exuS9kWIyfI35gSOApxmWCUr8rukHFmwyrGA9r4U&quot;,&quot;S5A1sIzXBkM6tn6n&quot;]</string>
    <string name="server_static_public">M9brfa5ZRYf0eVsT7CQ+yBPOzEQO/eZ37RoA6DpvHFo</string>
</map>
