<?xml version='1.0' encoding='utf-8' standalone='yes' ?>
<map>
    <long name="client_static_keypair_enc_success" value="5010" />
    <string name="client_static_keypair_pwd_enc">[2,&quot;+pOlNlLkz8TlBovvEQvNz8uR2MrZbhoDZa\/roL6w9bgK0TzSjFXQqjZ8Z78a2i5AZtcCgPsdioMeJkhacHmUhg&quot;,&quot;jOqoIVxEDnth2gLnsuHdKQ&quot;,&quot;cq8bmQ&quot;,&quot;Pic\/9qQqiioE220WPVUbpg&quot;]</string>
    <boolean name="can_user_android_key_store" value="true" />
    <string name="client_static_keypair_enc">[0,&quot;Ydbz3iaCFp\/HFoyL+V3tUDnPUFG8OSv0WnLkZYrzqaMfGWPyN9QB\/0shLxNRg9JpUgnXYMcnBJOyQHLmtYhha1\/ca99slGROmtuTyWhMDug&quot;,&quot;WzqxAE8wN0Hv\/hJV&quot;]</string>
    <string name="server_static_public">qJWvSttNopqgQ2CgXYTc4jmSUKWd1Rv2QTMbQyYpKwY</string>
</map>
