<?xml version='1.0' encoding='utf-8' standalone='yes' ?>
<map>
    <string name="server_static_public">qJWvSttNopqgQ2CgXYTc4jmSUKWd1Rv2QTMbQyYpKwY</string>
    <string name="client_static_keypair_enc">[0,&quot;J\/QRFTjs4s4zAhweONYXcZN\/\/y\/ZB1PkTCgKNrAMxAF5kS0oLYbRarjGWVMYT87Q6Uu5g5A\/c8k75UXKBOP9qIErKKmd+aRHd5I29KqFU3U&quot;,&quot;TWcgm+m1l7s+DGFl&quot;]</string>
    <long name="client_static_keypair_enc_success" value="266" />
    <boolean name="can_user_android_key_store" value="true" />
    <string name="client_static_keypair_pwd_enc">[2,&quot;fRI8HOtEJDcrGyQ5zpWZPjMaaHKmSzJsOdC7nguEISY0tAvcONiInGwEql9pa4U+zSZfEAXW7CeJ2zQM6HRERA&quot;,&quot;vOxVfhJJ08WeOfQ9HE6L6Q&quot;,&quot;OR5n\/Q&quot;,&quot;\/8pfHfzd\/c5OD3mPCD6M8g&quot;]</string>
</map>
