<?xml version='1.0' encoding='utf-8' standalone='yes' ?>
<map>
    <string name="client_static_keypair_pwd_enc">[2,&quot;AaWe+RgXjWLZ51TTnpjtGq1epq+B2IAhVT1OgIUHFD\/3mlUUiDsiGbYf2z8SrCUWiA+maAJZYD+N9chCWq3HWg&quot;,&quot;6I7Ar12aN22mkkhNVKI3Pw&quot;,&quot;qOY6fw&quot;,&quot;uv8qAjeYj73MjTxN5TjU+Q&quot;]</string>
    <long name="client_static_keypair_enc_success" value="20" />
    <boolean name="can_user_android_key_store" value="true" />
    <string name="client_static_keypair_enc">[0,&quot;MIlQw5KxSwXhJy+479Ly4pi7+IdvI64LIdUmWvlbw\/LOP4Gzv1qyvQTxQNtmaGD\/USdrN4dQEIIWZEVMPs+FbzQ8a0Fdl3xW9dcsbNz76tk&quot;,&quot;h581E6xiiXb0709l&quot;]</string>
    <string name="server_static_public">qJWvSttNopqgQ2CgXYTc4jmSUKWd1Rv2QTMbQyYpKwY</string>
</map>
