<?xml version='1.0' encoding='utf-8' standalone='yes' ?>
<map>
    <string name="client_static_keypair_pwd_enc">[2,&quot;Sy7zZuUn6wb98VTFD428UqAS+BsBW00wrZW\/rsFJJAD0C4eSVImiC+\/wvUt7qHyjkITkJwgO5TZvTmoRmtS3Lg&quot;,&quot;7SY44fRk7+NDJrcWnn325g&quot;,&quot;K4m9Jg&quot;,&quot;qasXAnrYMhOUWulcWt0c+g&quot;]</string>
    <long name="client_static_keypair_enc_success" value="56" />
    <boolean name="can_user_android_key_store" value="true" />
    <string name="client_static_keypair_enc">[0,&quot;5ySQBAWMXyyrZlQVgpBnDOASQXIYH5vD6MbeLqBADsSXby9+yDrwgKXtcD71qMdf7YRPESFyUC784Gw5xBsisEYekyRnwiGf7rlNEtU4R8s&quot;,&quot;LfEwLKo9vzw8pUCo&quot;]</string>
    <string name="server_static_public">M9brfa5ZRYf0eVsT7CQ+yBPOzEQO/eZ37RoA6DpvHFo</string>
</map>
