<?xml version='1.0' encoding='utf-8' standalone='yes' ?>
<map>
    <string name="client_static_keypair_pwd_enc">[2,&quot;WjptkEVOlw2Pp73f\/azZp5+Chb42yZ8qLbjyYkrmiciqo0EkwiW2GO4Q4TXJBd9iBayatVX+olxq1+Ci5PNjBA&quot;,&quot;1i8AmuMSpOcmMkp5SklgVg&quot;,&quot;k9zpsA&quot;,&quot;0fHR+2DNWQENpUxEA8SS9g&quot;]</string>
    <long name="client_static_keypair_enc_success" value="3" />
    <boolean name="can_user_android_key_store" value="true" />
    <string name="client_static_keypair_enc">[0,&quot;diYM3BTZY77sNnLgJxaeumpwK67ZL0JqWg8JMjM5WGsjGKC66H2dYH4Jrvy7e1FSPkcYbfsjqxBUNf3uWpJt1B+B0PJ0Ca9fZ3ac4NZ\/CiU&quot;,&quot;22rN0Ks2kPMvIzby&quot;]</string>
    <string name="server_static_public">qJWvSttNopqgQ2CgXYTc4jmSUKWd1Rv2QTMbQyYpKwY</string>
</map>
