<?xml version='1.0' encoding='utf-8' standalone='yes' ?>
<map>
    <string name="client_static_keypair_pwd_enc">[2,&quot;o2\/izL5Oycd4wDNaiXCOkBGaJ+J\/K+gfhs9cHWHCF4rxEhwNDpOy+s7tV+9qn6K\/IMGp1ORPIbNnU+u5DR0jZg&quot;,&quot;lAy2xzgM0QqPw2Cu\/o1uwQ&quot;,&quot;Mf2++A&quot;,&quot;GHwnrawn+rb0fEvFo8Z\/3g&quot;]</string>
    <long name="client_static_keypair_enc_success" value="47" />
    <boolean name="can_user_android_key_store" value="true" />
    <string name="client_static_keypair_enc">[0,&quot;AiRaOFM\/MFxP+rT8yEAX2HhqYuuLF9sHtK\/fbQ6YjxHxhlpdZUNpyDoaDObMe2CiximGNM8FS4bF3SfkL\/vripXqYFQmnjMIWepyqlYY+6g&quot;,&quot;a8KtJCTa4w9HIqIp&quot;]</string>
    <string name="server_static_public">M9brfa5ZRYf0eVsT7CQ+yBPOzEQO/eZ37RoA6DpvHFo</string>
</map>
