<?xml version='1.0' encoding='utf-8' standalone='yes' ?>
<map>
    <string name="client_static_keypair_pwd_enc">[2,&quot;sR\/hoUJYF0k+hHNX1KXk7xinbXptzqfZRmt5SD0qCXft1j4Bd0SRidNHThx\/hEzLn9BD+EglWHJSfvGOJEEXrQ&quot;,&quot;spKZM+7IKNuF8asXv\/rSww&quot;,&quot;r7z6wQ&quot;,&quot;7TsmuOQFtee9MQLQFY9crQ&quot;]</string>
    <long name="client_static_keypair_enc_success" value="73" />
    <boolean name="can_user_android_key_store" value="true" />
    <string name="client_static_keypair_enc">[0,&quot;bsebyvqr62qWlEc0D78rVlOQEW\/eMno857Dz6\/td5QAiS0kVwT4z4MCZgRVpsVEjQsJzOFf2aT55GIXX8pStqWipsueiHwBRYjUcRYtFCDA&quot;,&quot;a0YrmG+Fweiv6YpH&quot;]</string>
    <string name="server_static_public">qJWvSttNopqgQ2CgXYTc4jmSUKWd1Rv2QTMbQyYpKwY</string>
</map>
