<?xml version='1.0' encoding='utf-8' standalone='yes' ?>
<map>
    <string name="client_static_keypair_pwd_enc">[2,&quot;9rTO\/JxhU2RAOffzUSnorcsWMiNELIuf3rqz7VLWwZ71Dh\/HQi1+XkZ+Eg9w6pdM8QlB12p3a3WEl\/K7gyltDA&quot;,&quot;aiGrhW\/7SgIsQEQXAJJ04g&quot;,&quot;\/MmOqw&quot;,&quot;mRErgit\/Bn\/J326SgmOeew&quot;]</string>
    <long name="client_static_keypair_enc_success" value="16" />
    <boolean name="can_user_android_key_store" value="true" />
    <string name="client_static_keypair_enc">[0,&quot;fGyqQChOzjWxvVVyXk0aLfQ4KYWe7t\/eJVwCzN3oMcGaYNUAvTOgts7oFZJ3IX0BCnVe97lag4vlWn2ViZWUIZ6ZLU9ZF7ev5coBFVvcaF8&quot;,&quot;avJ3Wk0xBK4\/yCIE&quot;]</string>
    <string name="server_static_public">qJWvSttNopqgQ2CgXYTc4jmSUKWd1Rv2QTMbQyYpKwY</string>
</map>
