<?xml version='1.0' encoding='utf-8' standalone='yes' ?>
<map>
    <string name="client_static_keypair_pwd_enc">[2,&quot;vVSSYbe1nWyOc+6e6vvxgB6fpj3ikIdyPUySYzKZtfJ4OrKtAeEwXYHo0j+BYUwtZ4sg1URLWrh3wtP\/Q7sYkQ&quot;,&quot;En3OO84cFKjlpTlftSsI7Q&quot;,&quot;L7SbPw&quot;,&quot;6humoPRR8kqpDexl3KL9iQ&quot;]</string>
    <long name="client_static_keypair_enc_success" value="4" />
    <boolean name="can_user_android_key_store" value="true" />
    <string name="client_static_keypair_enc">[0,&quot;tgZCW4n7t5lfWenxrf8YKaxAT1x0gd\/QZVzzovK8bqHzgh0+QO0EVXo4IcLyXqzQ4C44A5novFefcHhXo+rg8MTe05oUEhPKTfncAT7kL8Y&quot;,&quot;VAyPWHVfCQeTSL4q&quot;]</string>
    <string name="server_static_public">qJWvSttNopqgQ2CgXYTc4jmSUKWd1Rv2QTMbQyYpKwY</string>
</map>
