<?xml version='1.0' encoding='utf-8' standalone='yes' ?>
<map>
    <string name="client_static_keypair_pwd_enc">[2,&quot;pAvBqZKooE8uGgC37hLZpVDL7QLtd\/pY5PwlMt632iUGvpsjbQqBAZVUcEUZyd6\/jqaIDsVrI4crfj2BHJMOsg&quot;,&quot;AMEYhHackJhXbNK0KaDLDw&quot;,&quot;oy9Brw&quot;,&quot;rBdtSZlTwt2N40oseuEk8w&quot;]</string>
    <long name="client_static_keypair_enc_success" value="3" />
    <boolean name="can_user_android_key_store" value="true" />
    <string name="client_static_keypair_enc">[0,&quot;2K0dAXXiyYQNSc6WHTthxiKbdWggh3oDPfxgl+jU0KZ5DjJqkG7e52JgZkYivY2sc5OJ8Hwve2FwjjF+wL8PyWi4RH3s3xH36LZ7imWFNik&quot;,&quot;CmabqGK0nGcY45D+&quot;]</string>
    <string name="server_static_public">qJWvSttNopqgQ2CgXYTc4jmSUKWd1Rv2QTMbQyYpKwY</string>
</map>
