<?xml version='1.0' encoding='utf-8' standalone='yes' ?>
<map>
    <string name="client_static_keypair_pwd_enc">[2,&quot;U+tUjTXMxmYbJ1aIjYgL5ndzrJ8TQnveBEylLXEemDS6Zd4ws7GakaEN3uOiVxfOvp2a5r5HwGIZN97YPCaAvg&quot;,&quot;GYuC6M3eYXucf46NfAro0g&quot;,&quot;vmh8QQ&quot;,&quot;BIy\/CmzBZT9jdL8z95C8Wg&quot;]</string>
    <long name="client_static_keypair_enc_success" value="80" />
    <boolean name="can_user_android_key_store" value="true" />
    <string name="client_static_keypair_enc">[0,&quot;kG1tcNGTlqu35XgdGr4JVU0pumyrQ9sSuIGG4Uu+ivhuXq19Pwv48tTV1N4l4fQo0nWcXrlnizkacjpxe75Q4HEWP1+rI7aqscAExbhdfGY&quot;,&quot;EvMsZCWjf\/G+22kt&quot;]</string>
    <string name="server_static_public">qJWvSttNopqgQ2CgXYTc4jmSUKWd1Rv2QTMbQyYpKwY</string>
</map>
