<?xml version='1.0' encoding='utf-8' standalone='yes' ?>
<map>
    <string name="client_static_keypair_pwd_enc">[2,&quot;2wyuAxB7BRGxKLWuu6X+uTvrG8xs2gyQillrSN\/hGk6RBMCV3oHLbnlYX2Jrs4J4l635GvUIUm8c72hXooriJw&quot;,&quot;4r5bnKUSA9Q6o2DHtwzFsQ&quot;,&quot;BV2z\/g&quot;,&quot;xlN1lSmWsYfUmKHCkXLNsA&quot;]</string>
    <long name="client_static_keypair_enc_success" value="2" />
    <boolean name="can_user_android_key_store" value="true" />
    <string name="client_static_keypair_enc">[0,&quot;ZzFdeA84kIQTYUSVb3WZEcuB4137qkql8Uyl3CxZHJileG4fPzEWo7ww+JK5awZbp3tYX5HtRCJBEesTUPbL11x5FIz7Rt2Dfga3N7KgBCY&quot;,&quot;t4NtkDkiKkddG7ba&quot;]</string>
    <string name="server_static_public">qJWvSttNopqgQ2CgXYTc4jmSUKWd1Rv2QTMbQyYpKwY</string>
</map>
