<?xml version="1.0" encoding="utf-8" standalone="yes"?>
<map>
    <int name="privacy_last_seen" value="0"/>
    <boolean name="archive_v2_enabled" value="true"/>
    <long name="phoneid_timestamp" value="1673645402646"/>
    <string name="perf_device_id">92bca849-0971-4205-8e87-0be99b630993</string>
    <string name="ph">4322017018</string>
    <int name="registration_sms_code_length" value="6">7351379594</int>
    <boolean name="is_ls_shown_during_reg" value="true"/>
    <string name="phoneid_id">b271a288-e675-4ea8-927f-b238dfb36670</string>
    <string name="last_datacenter">cln</string>
    <boolean name="notify_new_message_for_archived_chats" value="false"/>
    <int name="privacy_status" value="0"/>
    <string name="pref_autoconf_feo2_query_status">error_security_exception</string>
    <boolean name="wam_is_current_buffer_real_time" value="true"/>
    <int name="reg_attempts_verify_code" value="1"/>
    <string name="external_storage_type">legacy</string>
    <long name="adv_last_daily_check_ts" value="1673645684097"/>
    <long name="sticker_store_backoff_time" value="0"/>
    <int name="c2dm_app_vers" value="222478001"/>
    <boolean name="bad_signed_pre_key_check_done" value="true"/>
    <string name="registration_jid">14322017018</string>
    <int name="reg_backup_status_key" value="1"/>
    <int name="logins_with_messages" value="0">917351379594</int>
    <boolean name="groups_type_discovered" value="true"/>
    <boolean name="is_eula_loaded_once" value="true"/>
    <string name="web_contact_checksum">fwn5DtkZ_S8Oyfkv
    </string>
    <long name="block_list_receive_time" value="1673645682831"/>
    <boolean name="refresh_broadcast_lists" value="false"/>
    <boolean name="saved_gcm_token_server_unreg" value="true"/>
    <boolean name="pref_wam_advertisement_id_reporting_done" value="true"/>
    <boolean name="new_jid" value="true"/>
    <long name="backup_token_file_timestamp" value="1673645683062"/>
    <int name="connection_sequence_attempts" value="0"/>
    <boolean name="md_opt_in_show_forced_dialog" value="true"/>
    <long name="wa_last_reminder_timestamp" value="1673644975967"/>
    <string name="self_display_name">+1 (∙∙∙) ∙∙∙ ∙∙18</string>
    <long name="next_randomized_daily_cron" value="1673661503637"/>
    <boolean name="spam_banned" value="false"/>
    <int name="reg_attempts_check_exist" value="1"/>
    <long name="gdrive_next_prompt_for_setup_timestamp" value="1674249775969"/>
    <int name="connection_lc" value="1"/>
    <boolean name="input_enter_send" value="false"/>
    <string name="routing_info">CAgIAg</string>
    <string name="smb_app_install_source">unknown|unknown</string>
    <string name="cc">1</string>
    <boolean name="future_proof_processing_needed" value="true">91</boolean>
    <int name="privacy_profile_photo" value="0"/>
    <string name="previous_registration_screen">profile_photo</string>
    <boolean name="registration_biz_registered_on_device" value="false"/>
    <int name="autoconf_type" value="1"/>
    <long name="registration_initialized_time" value="1673644977090"/>
    <string name="registration_failure_reason"/>
    <int name="registration_voice_code_length" value="6"/>
    <boolean name="net_new_jid" value="false"/>
    <string name="c2dm_reg_id">cKU6vA-AMWE:APA91bHOcvQsyy91MsxVwOEGjZv38RCmJRbA2M4gYD4YaUX-RUTNJxqWlxOSmRD40AdHc55VVdkXBwNbL8HpzDRUe1Peg4sKloiiHS465riTrM_A1oA9FUI1SlJOGRNJOumsxt6RdSda</string>
    <int name="reg_attempts_generate_code" value="1"/>
    <boolean name="read_receipts_enabled" value="true"/>
    <long name="next_daily_cron_catchup" value="1673645595645"/>
    <boolean name="need_to_get_pre_key_digest" value="false"/>
    <string name="previous_registration_action">no_tap</string>
    <int name="sticker_store_backoff_attempt" value="0"/>
    <string name="self_lid">139311810904088@lid</string>
    <boolean name="underage_account_banned" value="false"/>
    <string name="pref_pre_chatd_ab_hash">3IUJl9</string>
    <long name="dithered_last_signed_prekey_rotation" value="1673456627587"/>
    <string name="registration_code">624751</string>
    <long name="last_daily_event" value="1673644978058"/>
    <string name="com.whatsapp.registration.RegisterPhone.mistyped_state">7</string>
    <string name="pref_autoconf_status">autoconf_server_enabled</string>
    <long name="client_version_upgrade_timestamp" value="1673644697170"/>
    <boolean name="signal_protocol_store_is_new" value="false"/>
    <long name="spam_banned_expiry_timestamp" value="0"/>
    <boolean name="companion_reg_opt_in_enabled" value="true"/>
    <boolean name="report_unhealthy_module" value="true"/>
    <string name="token_used_during_reg">Sg3uK4QZIqA6G5cmYt1vztma/Bw</string>
    <int name="privacy_groupadd" value="0"/>
    <long name="last_login_time" value="1673645682"/>
    <string name="sticker_store_etag">f45f721795fe1daf220f142e21b08541</string>
    <long name="last_heartbeat_login" value="1673591837585"/>
    <boolean name="md_messaging_enabled" value="true"/>
    <int name="privacy_online" value="0"/>
    <long name="sticker_store_last_fetch_time" value="1673644697630"/>
</map>
