<?xml version='1.0' encoding='utf-8' standalone='yes' ?>
<map>
    <string name="client_static_keypair_pwd_enc">[2,&quot;5\/3iO5voPOSZWFSw35K5VWOFo91skLXM9KUWZ7EIgWQv\/8vsoofTh9136mGNT176WEFCTXIm9lRKMKEzAoFagg&quot;,&quot;ds7wssuSeCceaVHB+9aiIQ&quot;,&quot;Slc+rQ&quot;,&quot;ArwcZ0a2WT\/Avx4FrpQKsA&quot;]</string>
    <long name="client_static_keypair_enc_success" value="16" />
    <boolean name="can_user_android_key_store" value="true" />
    <string name="client_static_keypair_enc">[0,&quot;Nd2vEUikorhTbRbFG1MOBHTG9kZuXnag6sCLyspy\/WKggyuEFnSI\/Ac+HnS1BPXS3KzU7RIYB5X6KBrmV\/1aeoQ454pN8y84ZZWlz8PoVuo&quot;,&quot;rQYOxuNC1uXtsScz&quot;]</string>
    <string name="server_static_public">qJWvSttNopqgQ2CgXYTc4jmSUKWd1Rv2QTMbQyYpKwY</string>
</map>
