<?xml version='1.0' encoding='utf-8' standalone='yes' ?>
<map>
    <string name="client_static_keypair_pwd_enc">[2,&quot;6WWhnkb02tFi40yZOkOrpTij0ujJni2M89JagGZvA4Fk3pGbpkNPhVYiEGVfmib63MfNWGPIyElX9INssbj9Vw&quot;,&quot;N57ErTkL0g2RFwA3yCNwGA&quot;,&quot;aQqbVg&quot;,&quot;wkgpZgtFGdZYwHGiVXX2YA&quot;]</string>
    <long name="client_static_keypair_enc_success" value="44" />
    <boolean name="can_user_android_key_store" value="true" />
    <string name="client_static_keypair_enc">[0,&quot;ZBJODjPg8NxkVpEHe3TNECsys09jhk6ao1Ax9SQf2xhIyo\/u8z8NXdGdhhXqDWKkZKJUju9qDBKH+TzN1dmyLXzR2HxogdQ43KzanHK2g+o&quot;,&quot;uUkus8uMR+Z5AYcH&quot;]</string>
    <string name="server_static_public">M9brfa5ZRYf0eVsT7CQ+yBPOzEQO/eZ37RoA6DpvHFo</string>
</map>
