<?xml version='1.0' encoding='utf-8' standalone='yes' ?>
<map>
    <string name="client_static_keypair_pwd_enc">[2,&quot;bOLqwG5iUrRWiO8\/5g\/Ivq7nGUUN9pNHH917ab9RThNzvemBX8+ls+2e5je2CnCZXPyd1loQKZzlgXgHxo8elw&quot;,&quot;zC3P4zAOHx2mmn1\/6Id0Ag&quot;,&quot;lahQqh&quot;,&quot;o8ZKcTER8fvfRFA7S9MgMA&quot;]</string>
    <long name="client_static_keypair_enc_success" value="39" />
    <boolean name="can_user_android_key_store" value="true" />
    <string name="client_static_keypair_enc">[0,&quot;z2wbKHx7z8SNw9lT0nu2nx9gWqWUZR7wRf+jrlBL+E6YZI31NivK0Nu2qUQ9ddWaGa2PebtfqRs5fbnVtcga0hOOCROhQ9BYtGW\/hru7PEI&quot;,&quot;9YlkehIyZG1J662k&quot;]</string>
    <string name="server_static_public">M9brfa5ZRYf0eVsT7CQ+yBPOzEQO/eZ37RoA6DpvHFo</string>
</map>
