<?xml version='1.0' encoding='utf-8' standalone='yes' ?>
<map>
    <string name="client_static_keypair_enc">[0,&quot;+Ul5mE6iNmLX+d51eHnKMPhftB3o8071EghcO9YWU0mcWB\/kj+eKBK9kq23YsNUZQxIuVSje5bLO\/RLk4nRe\/LystTpUj1YGaeOQi5LwOx0&quot;,&quot;Cb\/xt6qOK5hG3zsM&quot;]</string>
    <long name="client_static_keypair_enc_success" value="4777" />
    <string name="server_static_public">qJWvSttNopqgQ2CgXYTc4jmSUKWd1Rv2QTMbQyYpKwY</string>
    <string name="client_static_keypair_pwd_enc">[2,&quot;J6dynKV65xeFz0an4iXvz9cUh27w0R\/haDwrLTi7qSzvFqmKyfQqK0wMPvTG\/ct\/fiVMnGuunSKhto3e2zerag&quot;,&quot;aZuIblP2CyvQtLaA30iQEg&quot;,&quot;fLYQzw&quot;,&quot;FCtwo6Ap\/j7JOp5cfZRtbQ&quot;]</string>
    <boolean name="can_user_android_key_store" value="true" />
</map>
