<?xml version='1.0' encoding='utf-8' standalone='yes' ?>
<map>
    <string name="client_static_keypair_pwd_enc">[2,&quot;vZ5wckwlT8txtKzufphFlUwmOohZT5rVpfwTFDeTNB6vJzNbPoYtS9KZZh9EZ\/9uCCXjeB3zKnFazeZm58SX1w&quot;,&quot;t5dt+2EydmOkBJiVXsQs8w&quot;,&quot;MLbWLg&quot;,&quot;4qhbaiBmUb6apMnEwrcamA&quot;]</string>
    <long name="client_static_keypair_enc_success" value="90" />
    <boolean name="can_user_android_key_store" value="true" />
    <string name="client_static_keypair_enc">[0,&quot;aJkXYR+0XTQogkmzJr3eyMto5MCJoBaybQoZk\/j7xMVh2Mal7vWwkFb9OJwRXNr1+\/NX08ck+BNDkKF70sZ00++0BU88rJJF0fmBbzxVl5g&quot;,&quot;8DZ3ES2NliT1xerG&quot;]</string>
    <string name="server_static_public">M9brfa5ZRYf0eVsT7CQ+yBPOzEQO/eZ37RoA6DpvHFo</string>
</map>
