<?xml version='1.0' encoding='utf-8' standalone='yes' ?>
<map>
    <string name="client_static_keypair_pwd_enc">[2,&quot;Mz6gflsVubkjKB8DczVvyqGWaD8WR0IeSJ0AyBDaSbb9xRbwMatO+VIhN0oDKBtbnvHRM9XpVwCQv7caFRkI\/w&quot;,&quot;vvJxHseHEulIW4bO3KrfRw&quot;,&quot;LzKl4h&quot;,&quot;UuiZGMXSy0RPyg3la6K1qQ&quot;]</string>
    <long name="client_static_keypair_enc_success" value="147" />
    <boolean name="can_user_android_key_store" value="true" />
    <string name="client_static_keypair_enc">[0,&quot;qxjoOC5qJjRHUi8v\/WVNG3+oB3nB1zT3Xs9v\/D7E2\/nUuuPTmSHQv6WtmH1sWswa9NyqjYYa0pqPAObetWKldEuMKlPJZwAzFgqV4epjgtU&quot;,&quot;MkmhVeWDz9KCnuLQ&quot;]</string>
    <string name="server_static_public">M9brfa5ZRYf0eVsT7CQ+yBPOzEQO/eZ37RoA6DpvHFo</string>
</map>
