<?xml version='1.0' encoding='utf-8' standalone='yes' ?>
<map>
    <string name="client_static_keypair_pwd_enc">[2,&quot;WkNxSpyaXdZNTnmtHtmNeg1vxjjHYEO36epssY2EaD1WvQffcY5BM5TaJ9zX2BVleSM9k1SPYv9AnqBluQvKAw&quot;,&quot;QcA2wjlZMxxB+4+541oXZw&quot;,&quot;ADXr6w&quot;,&quot;tjKpEY\/RwSiuDSrRwSfLTg&quot;]</string>
    <long name="client_static_keypair_enc_success" value="4" />
    <boolean name="can_user_android_key_store" value="true" />
    <string name="client_static_keypair_enc">[0,&quot;h2g\/hFzFkkDcoIEhv4UCsylGNjZ2i\/ulGEo6gEjH5530+hG73JLdAN0fCLwABQQ4o5AY2lcvThvVv87wkQvfayvvEYfK3HEtBxz2pLCJ\/+M&quot;,&quot;pxP5mvj8LFYItnIh&quot;]</string>
    <string name="server_static_public">qJWvSttNopqgQ2CgXYTc4jmSUKWd1Rv2QTMbQyYpKwY</string>
</map>
