<?xml version='1.0' encoding='utf-8' standalone='yes' ?>
<map>
    <long name="client_static_keypair_enc_success" value="2657" />
    <string name="client_static_keypair_enc">[0,&quot;uIjBxz97SbqxzNbCPVctaWB3HfpW+FXR8ieUrH3B4sBdH8K8Trn4hMaMEh6FfashPW0VSFxBYPzQ9H6QR2KSdu+J1hg9rlA5gePUYyeF+s0&quot;,&quot;q\/x0jue8e6lZNcnM&quot;]</string>
    <long name="client_static_keypair_enc_failed" value="10" />
    <string name="server_static_public">qJWvSttNopqgQ2CgXYTc4jmSUKWd1Rv2QTMbQyYpKwY</string>
    <string name="client_static_keypair_pwd_enc">[2,&quot;9s6zn2LLla1piH3F3WnQRsSDIa5LX\/YyYGleTglQ+Y4VuJKRJtxbZaGqR49n8lEpbukHRVAXYo41a5os7ExnOA&quot;,&quot;c5buezl50EwJWQiqtlBsNA&quot;,&quot;z5ds3O&quot;,&quot;89SK8f1FUacmphw8hMYSjA&quot;]</string>
    <boolean name="can_user_android_key_store" value="true" />
</map>
