<?xml version='1.0' encoding='utf-8' standalone='yes' ?>
<map>
    <string name="client_static_keypair_pwd_enc">[2,&quot;TNWdZyAsvZq3rROAmRxz0fyu5OAol81exCTlK9rQSxaxyjQTiWP3LAG9q77b\/n6Ci6J3xLHcinY8prmq5OCiWg&quot;,&quot;A7faukwzzHR92g7TuIFMtQ&quot;,&quot;0eatog&quot;,&quot;KD9emOE\/cSH59u5a57MWgw&quot;]</string>
    <long name="client_static_keypair_enc_success" value="20" />
    <boolean name="can_user_android_key_store" value="true" />
    <string name="client_static_keypair_enc">[0,&quot;6q+Mu34h192YhRk7qAohAcBKCaWnWawlS071S\/haSOrlkauiD\/PLSMdZKFI0oxPB\/ekkiteURX7J0+Qq2JItGTeqLhF2QOMMNmc8jcW9Y6Q&quot;,&quot;9HByauFlaskNFRNM&quot;]</string>
    <string name="server_static_public">qJWvSttNopqgQ2CgXYTc4jmSUKWd1Rv2QTMbQyYpKwY</string>
</map>
