<?xml version='1.0' encoding='utf-8' standalone='yes' ?>
<map>
    <string name="server_static_public">qJWvSttNopqgQ2CgXYTc4jmSUKWd1Rv2QTMbQyYpKwY</string>
    <long name="client_static_keypair_enc_success" value="3" />
    <string name="client_static_keypair_enc">[0,&quot;t8Evhzf64vSQb8A8fibeFUkwoWaldAjnv4O8tGCavEP+gU+z6r9ZTVBDjIjTGQBZg2esX7rXqT3GE2NAZuQyRZwk6uSHzDdejjK\/IHXPKYI&quot;,&quot;yG2yzh1VSrx0KMcc&quot;]</string>
    <string name="client_static_keypair_pwd_enc">[2,&quot;dSqEI1KV5gHn5dfbkJ9H4sQEmJADDK+xN9yKJy48cJnMPUOrrygrA1K48RcUKJpFL3QPxx3qX3UPqvyiiU9gog&quot;,&quot;laK1GoY0\/R5dM\/lizrfSRQ&quot;,&quot;qdnEFg&quot;,&quot;4YQbvKxuIy7vqsJtYUWFMw&quot;]</string>
    <boolean name="can_user_android_key_store" value="true" />
</map>
