<?xml version='1.0' encoding='utf-8' standalone='yes' ?>
<map>
    <long name="client_static_keypair_enc_success" value="10563" />
    <string name="client_static_keypair_enc">[0,&quot;zWcqn4\/cP8kI4L3B9MVX0RQYr\/fbOYyOpX8S\/LCcoOKBMDqyY1srymAtr\/wgWrTW5dmQXLCky\/n5DV6tXi6OyUUQfcB684mMMLvy1RiVEpY&quot;,&quot;+wkoD4luujJaO5Y6&quot;]</string>
    <string name="server_static_public">qJWvSttNopqgQ2CgXYTc4jmSUKWd1Rv2QTMbQyYpKwY</string>
    <string name="client_static_keypair_pwd_enc">[2,&quot;NdeaVJ5uMJKGuvLGQQCVUzYDEFtm2FHVGud05uinJg965lEdV3iLlAXzqnJlRHY0bykCDL47eOGFR\/8g1y1X0Q&quot;,&quot;GCP45ICexpi0EuwXMs0kzA&quot;,&quot;+jhZpw&quot;,&quot;jERccZWbg3PP97Kd6vzPrQ&quot;]</string>
    <boolean name="can_user_android_key_store" value="true" />
</map>
