<?xml version='1.0' encoding='utf-8' standalone='yes' ?>
<map>
    <long name="client_static_keypair_enc_success" value="66" />
    <string name="client_static_keypair_pwd_enc">[2,&quot;VdBXG9KYoxtcS1TYIg9Sqv6gtmnIUKAkkLKosRNhk69z4\/vvPvwWws0Um03BLMiIvUEOc7bVfxKZlf5i5y4pYw&quot;,&quot;\/U62sS5zYHSplnoShttbeQ&quot;,&quot;mIiX5g&quot;,&quot;OHTykUHWMXGZ+67TBdqhYQ&quot;]</string>
    <boolean name="can_user_android_key_store" value="true" />
    <string name="client_static_keypair_enc">[0,&quot;8wv201SJdpJiBODkKGBsLzn7xPqb0LDewQrIwZJQ1q7dZsrBeT4+jfLsb7nkk56RwYRZf4l9hVLzHeT8JUMfPTc24NVSn2P1nvL9lUzZSqo&quot;,&quot;AL80jkWZMO+cq+jn&quot;]</string>
    <string name="server_static_public">M9brfa5ZRYf0eVsT7CQ+yBPOzEQO/eZ37RoA6DpvHFo</string>
</map>
