<?xml version='1.0' encoding='utf-8' standalone='yes' ?>
<map>
    <long name="client_static_keypair_enc_success" value="1430" />
    <string name="client_static_keypair_enc">[0,&quot;GTjvNNpcULDFsIUVSEFC19aewXDqw7zOIbK2Wpx4boHqBHCxahD2sMjVeevMxYPUwvz5BglpI5Va87cf6GqQeOCk0tCLvJZdZvXX3Av60qM&quot;,&quot;MMQ9hqTUv6WcGZFo&quot;]</string>
    <string name="server_static_public">M9brfa5ZRYf0eVsT7CQ+yBPOzEQO/eZ37RoA6DpvHFo</string>
    <string name="client_static_keypair_pwd_enc">[2,&quot;FlaCpq\/dl63PjEkHvyJp+Em+Ta\/gzTFna0reMm1GkxjZ4LdRCD5eIDMfj364N2QFYRTp5p8zg3gO\/rvXpD5p7w&quot;,&quot;HZ58hgOzvKmsj1+jAaX+uA&quot;,&quot;Diqdug&quot;,&quot;jdcFe0r1klT8vridHf6F7g&quot;]</string>
    <boolean name="can_user_android_key_store" value="true" />
</map>
