<?xml version='1.0' encoding='utf-8' standalone='yes' ?>
<map>
    <string name="client_static_keypair_pwd_enc">[2,&quot;\/J+BRcmdP0QxhXhG05WG2g478RoOmLL6krmKEvwpBYSQAXXTD8gwEFJzAJfz3sj9LSAZgWGyOHhtiyymuj7E\/A&quot;,&quot;M43f8aVAVy\/GyxFCyYqdyA&quot;,&quot;QTv7NA&quot;,&quot;2l4PdgRTHqg1bR6Fr0qoRQ&quot;]</string>
    <long name="client_static_keypair_enc_success" value="85" />
    <boolean name="can_user_android_key_store" value="true" />
    <string name="client_static_keypair_enc">[0,&quot;9rXZw4xvvztekvE8W5+eSXyqYiktPbSOlefetcerQB9gWMjvR8WeYb81DldONnVFWZnB2\/JyIHyqeVcetjM83zbS\/zfTJbif0sh23GE5uIQ&quot;,&quot;egjFYiU5AfkuKut\/&quot;]</string>
    <string name="server_static_public">M9brfa5ZRYf0eVsT7CQ+yBPOzEQO/eZ37RoA6DpvHFo</string>
</map>
