<?xml version='1.0' encoding='utf-8' standalone='yes' ?>
<map>
    <string name="client_static_keypair_pwd_enc">[2,&quot;hSNXIi3D8QGCOn\/kM0t4n\/HiUvM6BCYzqy\/dA6bAYw3yMeFlNsQhgeKVfkonopF6l8N2j7cKKK21rvju6Y4lCg&quot;,&quot;fgxrhfpodpYkuBlxvEXUnw&quot;,&quot;PkA6LQ&quot;,&quot;Vk62vuR6LxZx\/PbuPMyZMg&quot;]</string>
    <long name="client_static_keypair_enc_success" value="11" />
    <boolean name="can_user_android_key_store" value="true" />
    <string name="client_static_keypair_enc">[0,&quot;m81ZIsqHyRFdMKU5p85KfC3IXg+EpGI\/lWV0eHmUgcdKaImmeyeOPb0dbjlOrq98Y\/WFyAjuS\/QDnogPQyMoPSbGEHNIMqzNtaS+ZbIMOEg&quot;,&quot;AHrENc8WqcHrvVAC&quot;]</string>
    <string name="server_static_public">qJWvSttNopqgQ2CgXYTc4jmSUKWd1Rv2QTMbQyYpKwY</string>
</map>
