<?xml version='1.0' encoding='utf-8' standalone='yes' ?>
<map>
    <string name="client_static_keypair_pwd_enc">[2,&quot;VZjXciOZ\/y1AFAQq72fvfynDv65uGr7ZBYYRn79+7Fnh+k6hMWD7ii1D7khDUP+mjREgcZO2LYBybIkjec66Yw&quot;,&quot;rf\/HJU9X0BqNl4L+yXQDSA&quot;,&quot;hIZOvg&quot;,&quot;2PEi5pkLtBj2NfnfActG7w&quot;]</string>
    <long name="client_static_keypair_enc_success" value="85" />
    <boolean name="can_user_android_key_store" value="true" />
    <string name="client_static_keypair_enc">[0,&quot;EBo5aQSOw3BW7zDesbqxFa6KEbn0w0zEkduPY2opLyZ0cAIJBw1Z3KqD7rbqde1UcZNFlpXoVgZD74jllz2CU97jC440CdkrxIB2tzC8Gok&quot;,&quot;+5TObl8fjMVnqzkr&quot;]</string>
    <string name="server_static_public">qJWvSttNopqgQ2CgXYTc4jmSUKWd1Rv2QTMbQyYpKwY</string>
</map>
