<?xml version='1.0' encoding='utf-8' standalone='yes' ?>
<map>
    <string name="client_static_keypair_pwd_enc">[2,&quot;tYX9\/nV7lrdpJt+KngVhNNWhFv7fNo4kCiwa65wE6I09TB0oFSB7DXocWvdyUzzI\/2JOTmfApS5bqgG6u1PwJQ&quot;,&quot;WjEqgBafcj+OENNZ3Q+\/Bw&quot;,&quot;4xjAaw&quot;,&quot;DLt0xtghlp70szgZNNv4Rg&quot;]</string>
    <long name="client_static_keypair_enc_success" value="7" />
    <boolean name="can_user_android_key_store" value="true" />
    <string name="client_static_keypair_enc">[0,&quot;2TzXbEqaH\/zjiV8gwL4ajKsrU2dOxmQA9u+8rlCECsgAcmF97dNsm9Xyt5MWKdIOFoBaeFjdf4333KCbPfwOmf0GiMmukSkCCZuPHNH2UKY&quot;,&quot;VoKfavCB4FUIEsYC&quot;]</string>
    <string name="server_static_public">M9brfa5ZRYf0eVsT7CQ+yBPOzEQO/eZ37RoA6DpvHFo</string>
</map>
