<?xml version='1.0' encoding='utf-8' standalone='yes' ?>
<map>
    <string name="client_static_keypair_pwd_enc">[2,&quot;mU0D1CIZiuuYKROW8E9kS9s1tgbGCQBkoiCFJ0fbC2EBJLIV0RSzFVMW4An+gETKrb+lA7wjKh\/IRjkzMpQEdA&quot;,&quot;nC8S2SQDMCcc5HXZO0FqIA&quot;,&quot;aToYcw&quot;,&quot;GpGsWCAQZ88VCl8CcAAfLw&quot;]</string>
    <long name="client_static_keypair_enc_success" value="23" />
    <boolean name="can_user_android_key_store" value="true" />
    <string name="client_static_keypair_enc">[0,&quot;G9fYZltJXyWcw5l8H9HaeVz69i4Y9RK4BscPncnndMP31qFCnh5DsBBKCF1ZyqULRqlyGyRcJabfiiqtwDtcU0GUc8zEdgUgrrQ7eukEFj4&quot;,&quot;77BVOwL+1J2uDkXl&quot;]</string>
    <string name="server_static_public">qJWvSttNopqgQ2CgXYTc4jmSUKWd1Rv2QTMbQyYpKwY</string>
</map>
