<?xml version='1.0' encoding='utf-8' standalone='yes' ?>
<map>
    <long name="client_static_keypair_enc_success" value="54" />
    <string name="client_static_keypair_pwd_enc">[2,&quot;vRt5E6QJsPA7ozx2TpIytxYwrrADV7AWT\/ks9Lgg2uUunoT3PskI9V0QJsa+hf8sRijIq2LBLQ1Cdl7WIb0s1Q&quot;,&quot;KEcMyR\/\/0Als7uwRp7GJ0Q&quot;,&quot;8GO\/\/g&quot;,&quot;Qga+QsPA\/7ayE2TET6wyMQ&quot;]</string>
    <boolean name="can_user_android_key_store" value="true" />
    <string name="client_static_keypair_enc">[0,&quot;NHOtjrdQ+8XnxW2osDkYsS0MX+ESRZYkVLa8SpSSrv4rjDdkJ2Uto3PYPDtWzf60J\/S\/GndoPB36TV3rJCV2SAQx8JRSBTu6PIxLkRFIT6M&quot;,&quot;igWxz2rn7AhPweWB&quot;]</string>
    <string name="server_static_public">M9brfa5ZRYf0eVsT7CQ+yBPOzEQO/eZ37RoA6DpvHFo</string>
</map>
