<?xml version='1.0' encoding='utf-8' standalone='yes' ?>
<map>
    <string name="server_static_public">qJWvSttNopqgQ2CgXYTc4jmSUKWd1Rv2QTMbQyYpKwY</string>
    <string name="client_static_keypair_enc">[0,&quot;wnp32mUNdDmEoMO+TjaFNe+zU5uMWsyP9VPtbNOQU6hpH2rytmb\/yz+P7cUAW+zNXuJ2k2CytchY2dJB0smgvd3mONie6+BqZ1kYGtQrDuc&quot;,&quot;AZ0mKZR1zKQpDuW2&quot;]</string>
    <long name="client_static_keypair_enc_success" value="12" />
    <boolean name="can_user_android_key_store" value="true" />
    <string name="client_static_keypair_pwd_enc">[2,&quot;WxE4B5b1liGevAne5wnXsgiMoJMhukmRVM8WPXihl8jzOGxbzcEBY0pZ2al0b5\/6TUlHnJljmp+gf7NZHBvf\/A&quot;,&quot;f6ENczu1ravpl7L5+tXcJA&quot;,&quot;CXTHHg&quot;,&quot;LdZlzHQEAFNqYMMTMxOyhg&quot;]</string>
</map>
