<?xml version='1.0' encoding='utf-8' standalone='yes' ?>
<map>
    <string name="client_static_keypair_enc">[0,&quot;hg1I+KQYRESeZTrzXLopx3+J97zRKS9iMZ+AexEFn1hfa0gFkJ5jL6ueNstKgGdaLAQmTS0vkEUfb9xzQu9LUga9ExErf2vYsk9rmgW1pRY&quot;,&quot;WKLWJmwNRzuwqPks&quot;]</string>
    <long name="client_static_keypair_enc_success" value="341" />
    <string name="server_static_public">qJWvSttNopqgQ2CgXYTc4jmSUKWd1Rv2QTMbQyYpKwY</string>
    <string name="client_static_keypair_pwd_enc">[2,&quot;qpjkRR09kbsA+LVowghFBCCUWX53EaT3q3T1ZWzqFeL66HBLoQwJTvo+Jf4fMXhVuBcNLBbM5clNU8\/0IdCqwg&quot;,&quot;DtrFqBs\/9PPIbQ2ozXDbug&quot;,&quot;D\/oQKw&quot;,&quot;A\/SzvAsVagdzI6yt22kZ\/Q&quot;]</string>
    <boolean name="can_user_android_key_store" value="true" />
</map>
