<?xml version='1.0' encoding='utf-8' standalone='yes' ?>
<map>
    <string name="client_static_keypair_pwd_enc">[2,&quot;hOWNG+rWaw2RyMGiuRS3q2hc76MYei6KsC17QSqkiOKbPRPFtQvsCNPQJSdFLW4RSvB\/qwRI+1FOmeCBpFnCNA&quot;,&quot;aRvYGn7C2iTy3vIVnc0zGw&quot;,&quot;fwzFiQ&quot;,&quot;X0EZPdORWlC5rCbP+h+nRg&quot;]</string>
    <long name="client_static_keypair_enc_success" value="36" />
    <boolean name="can_user_android_key_store" value="true" />
    <string name="client_static_keypair_enc">[0,&quot;cmJs3Su4DtYTKTi3R6AAxTjkW34a4iAhlzGaH6y9LwZ0Y5lHLFBNtUDbteo+4Y5atAn1p78AfwCcsAM6oat8NSTULlv5VxYmNeOxz\/S5Ac4&quot;,&quot;gQJebOTODy9Iopna&quot;]</string>
    <string name="server_static_public">M9brfa5ZRYf0eVsT7CQ+yBPOzEQO/eZ37RoA6DpvHFo</string>
</map>
