<?xml version='1.0' encoding='utf-8' standalone='yes' ?>
<map>
    <string name="client_static_keypair_pwd_enc">[2,&quot;ZwB7KqKwe3r4krM0Y444Gw5E13VlRC0ZoOrNk+jDkU4MGfJU8+lmRb+94eghox5UzKqOy\/g8AIVlvkn7Wa2AMg&quot;,&quot;IRfYa9sQRr7EHMd9aq1gYA&quot;,&quot;pt8o2w&quot;,&quot;YUAWwDxt7ABZQUqHj1NiuA&quot;]</string>
    <long name="client_static_keypair_enc_success" value="10" />
    <boolean name="can_user_android_key_store" value="true" />
    <string name="client_static_keypair_enc">[0,&quot;7wAMzuRbzgrDf72Z7Hq\/MYfXB+tqileMkPln2kIrriIeXdcw1zSSu4TVV8E+J8sN4EoROq\/T+A7vbgxdgk9K+E4rx\/njba+d7dmSIDp9RPE&quot;,&quot;+Nu4mlqoEhYDhFx3&quot;]</string>
    <string name="server_static_public">M9brfa5ZRYf0eVsT7CQ+yBPOzEQO/eZ37RoA6DpvHFo</string>
</map>
