<?xml version='1.0' encoding='utf-8' standalone='yes' ?>
<map>
    <string name="client_static_keypair_pwd_enc">[2,&quot;7Tq6CSwWxLf8IkmCHfb1zGg1Si3TXCrI+3b4j3mICoHlz2p8mV0WoQoFiII+O6\/8ewTnTS9cza0bTK8EauljGA&quot;,&quot;ZXwTQW0i1JCjfpRPxXwZTw&quot;,&quot;m5KniQ&quot;,&quot;S4dVdefgw0fyb8nDou+sZA&quot;]</string>
    <long name="client_static_keypair_enc_success" value="3" />
    <boolean name="can_user_android_key_store" value="true" />
    <string name="client_static_keypair_enc">[0,&quot;gtrWX1uJzRpxFLzYEQ1c3S5uX8rUP5dc3NiOACsWI1wwGymjsX52i1rFD59qQ3BpgjpmkgsP23EEK8ZNKSy2qwWG\/qLDKg92eMQB8qJb3pA&quot;,&quot;Kr5Bfkpt78ZwimSk&quot;]</string>
    <string name="server_static_public">M9brfa5ZRYf0eVsT7CQ+yBPOzEQO/eZ37RoA6DpvHFo</string>
</map>
