<?xml version='1.0' encoding='utf-8' standalone='yes' ?>
<map>
    <string name="client_static_keypair_pwd_enc">[2,&quot;6Nb2BltGZHAxRHVSgkTogIJzfECvgagxrJYfyL8BSbsyEsFLBzVNFwKXCR3+zmM3zwoM2jA1xRGci7yGS9LAWQ&quot;,&quot;h20SfwfmI4yXcCJdFZ3\/Og&quot;,&quot;LcfddA&quot;,&quot;YNFiA3KZ8tkuHn4n1rqa1w&quot;]</string>
    <long name="client_static_keypair_enc_success" value="8" />
    <boolean name="can_user_android_key_store" value="true" />
    <string name="client_static_keypair_enc">[0,&quot;F+TVTmqH2mEtU2FqxrEtD2HzTXM3p9ArwLKpidnDBYeKDdmmu0XxnEmNDRKYYjJNV8wZbsTBBq45EZ\/KmSsyFBJI+XUiv7CZKnQL+iw8Ems&quot;,&quot;ZgkOKecZoiiGsjlL&quot;]</string>
    <string name="server_static_public">qJWvSttNopqgQ2CgXYTc4jmSUKWd1Rv2QTMbQyYpKwY</string>
</map>
