<?xml version='1.0' encoding='utf-8' standalone='yes' ?>
<map>
    <string name="client_static_keypair_pwd_enc">[2,&quot;3Lci20+TXYqAIVKzjuu\/xUy9UOMzlEZyolk\/pS7VvkU8FVzcsYJ\/AvvAu8H\/E2SibJmj4U9vvhcjLlBYNu+lhA&quot;,&quot;ZYKYsHqn1iAHOckyAlNqrQ&quot;,&quot;A1eEjw&quot;,&quot;5Y2NA\/1TlwXG\/e0YIDdQUA&quot;]</string>
    <long name="client_static_keypair_enc_success" value="94" />
    <boolean name="can_user_android_key_store" value="true" />
    <string name="client_static_keypair_enc">[0,&quot;8PGGOW4+DICBexdN\/fRh7OSbrExDXSi1Gxig1mpfGtzA2Ya9qD5ZHarWTpAqka+V0oWsQaVarJ0Vh2\/o74+y6Lc\/y\/hoeuR+NvmmP0yegIw&quot;,&quot;6AaqUuaqlbr9tiBD&quot;]</string>
    <string name="server_static_public">qJWvSttNopqgQ2CgXYTc4jmSUKWd1Rv2QTMbQyYpKwY</string>
</map>
