<?xml version='1.0' encoding='utf-8' standalone='yes' ?>
<map>
    <string name="server_static_public">M9brfa5ZRYf0eVsT7CQ+yBPOzEQO/eZ37RoA6DpvHFo</string>
    <long name="client_static_keypair_enc_success" value="50" />
    <string name="client_static_keypair_enc">[0,&quot;uRD\/w0tYNLfdlUe771ieeuIoRIsQk1zIm+hvB7uiK89nA3dfFQdyoAEyI9EZVzpHcTW++H+eeQwsVCV0saSeUxfx1Eg0J+V4nYedRywRFoc&quot;,&quot;QBdfFGJWF830LzEe&quot;]</string>
    <string name="client_static_keypair_pwd_enc">[2,&quot;Kbv6jFPfAxHpmY+RZ6VZSQTEmAdiIGR67Tm4n+\/o4pdiI0kgOTYo+Xq1IL3T8BofVEpkaPjp5\/8iYFaouOfreA&quot;,&quot;fyrMFvuccSFMWzwXXqM1qg&quot;,&quot;MhuBuQ&quot;,&quot;SEarAYDtDVk3t9ONap4hJA&quot;]</string>
    <boolean name="can_user_android_key_store" value="true" />
</map>
