<?xml version='1.0' encoding='utf-8' standalone='yes' ?>
<map>
    <string name="client_static_keypair_pwd_enc">[2,&quot;21WBnnsj8tNqjzlgHEyoY2fgsPDIF7mtgH3iOc3\/ObRsHA3eHZA8YidXl9yZJObIjtcb89j8RK1M3QDuD1iY6g&quot;,&quot;y6OWkOxLbf4d+\/cLM1Arwg&quot;,&quot;uR6fQA&quot;,&quot;iIJ+EJPFPSJW+9MNenojtg&quot;]</string>
    <long name="client_static_keypair_enc_success" value="30" />
    <boolean name="can_user_android_key_store" value="true" />
    <string name="client_static_keypair_enc">[0,&quot;OmWPVJ07cCJWDAybTxLJ32DK7AjqwDADb+li2YWoryGyktXNdTF8SRvh4ucilRV7QH\/p4Ezp5XjI8VyxkMy4DltZHO3nhIWG6dm6lOmt0rk&quot;,&quot;Lw24Hwv0nnJ8Vc3J&quot;]</string>
    <string name="server_static_public">M9brfa5ZRYf0eVsT7CQ+yBPOzEQO/eZ37RoA6DpvHFo</string>
</map>
