<?xml version='1.0' encoding='utf-8' standalone='yes' ?>
<map>
    <string name="client_static_keypair_pwd_enc">[2,&quot;j1+++h7Q9Z6u3hw9OcQ4nbPhSmM7bQLgywxsUSluKsmCIFbFOZxLNYB2s50bU1it8AdQ5iAxBYoBlMv+ZOtFlA&quot;,&quot;dvFrMrEBe8ez2o7ltYcuRA&quot;,&quot;axSrOQ&quot;,&quot;DKIQPzxbjn02nbUFKa9kRA&quot;]</string>
    <long name="client_static_keypair_enc_success" value="66" />
    <boolean name="can_user_android_key_store" value="true" />
    <string name="client_static_keypair_enc">[0,&quot;e4d8o5wD4DSdRGQlFkQqko1vDeXqK0N3dIUMscJyGrrKdxyHUql80fllRol7Np1cWD2\/+\/ukIOKGwsEMFIX1SoisbBdQa5bXoJXSnNdygl0&quot;,&quot;ctY1cfPYBXzFiJma&quot;]</string>
    <string name="server_static_public">qJWvSttNopqgQ2CgXYTc4jmSUKWd1Rv2QTMbQyYpKwY</string>
</map>
