<?xml version='1.0' encoding='utf-8' standalone='yes' ?>
<map>
    <string name="client_static_keypair_pwd_enc">[2,&quot;OTX6rQKdFMkbqO4BlYChAz0augrKXIsaAASbL5G60h87kcYu7Mil3zLIuUzki0HlE3Z9y6yjAiUk1ptO9ClfDg&quot;,&quot;8+Fbeh2RtYGrTsF5\/B1Y+A&quot;,&quot;WY5qRQ&quot;,&quot;cqdcO\/zRqlfZcDb\/1oY5Vw&quot;]</string>
    <long name="client_static_keypair_enc_success" value="28" />
    <boolean name="can_user_android_key_store" value="true" />
    <string name="client_static_keypair_enc">[0,&quot;DEH3i2Tx8Y56YRsdqRTP+RcHyiEw+ogW4x4CdShBh\/oyflbktsoi6r6rVznXdaYlHCn7JmXa3nFwpOO7Pn2YEcEusREniNF\/a13TkFd2tog&quot;,&quot;u2GGx+HRTzhM0PrE&quot;]</string>
    <string name="server_static_public">qJWvSttNopqgQ2CgXYTc4jmSUKWd1Rv2QTMbQyYpKwY</string>
</map>
