<?xml version='1.0' encoding='utf-8' standalone='yes' ?>
<map>
    <string name="client_static_keypair_pwd_enc">[2,&quot;6fjpYyBSljgFqGqFC6axCbIXcapoJ8SIdTzzcGRocG4OvGqFrJ3rqP8OqxNMi8nWoA3GPAYyZSugjp2m5o916A&quot;,&quot;Yf7RZyYVnsxR0IFoVUo9eg&quot;,&quot;7Erwtw&quot;,&quot;BFq7g\/Uo742otrBJkyK+Mw&quot;]</string>
    <long name="client_static_keypair_enc_success" value="1" />
    <boolean name="can_user_android_key_store" value="true" />
    <string name="client_static_keypair_enc">[0,&quot;63GC+Kq+5N6TwPFjWVwpMeTHTzwF8S\/LNKYDy\/8spNBRSiXZot8Q1gurpNoCud6ZiF2rt0bXRVgWHGpS2ZX7NZsGqztNKWbjDKUSwj3gk+c&quot;,&quot;HzhzrYXuGJ6LZARK&quot;]</string>
    <string name="server_static_public">qJWvSttNopqgQ2CgXYTc4jmSUKWd1Rv2QTMbQyYpKwY</string>
</map>
