<?xml version='1.0' encoding='utf-8' standalone='yes' ?>
<map>
    <string name="client_static_keypair_pwd_enc">[2,&quot;jhztcdv61vezV2l2qINobluxEbWXFufO7qA9\/RExka9EWbWTKJ4kLwA3hzkTT2e674dV\/4dqRf4X80m4KlmrjQ&quot;,&quot;7y\/6\/yH7X3wjGCsrckFnxA&quot;,&quot;c0A7UA&quot;,&quot;ubDXT4D9pwdGQp8fUDcA0A&quot;]</string>
    <long name="client_static_keypair_enc_success" value="5" />
    <boolean name="can_user_android_key_store" value="true" />
    <string name="client_static_keypair_enc">[0,&quot;F1ZDaHGxalTT2Rn+4RdTndL9bv0Ka1Iyv8sQ2mtHlFKlUOLkcNq2b3VATyqD+S1MH1skIBEwQGS8PdspaMNaYfsXhQJrTmcRoWWdl5voOCw&quot;,&quot;uqMrEO4\/HAn9Z\/BZ&quot;]</string>
    <string name="server_static_public">qJWvSttNopqgQ2CgXYTc4jmSUKWd1Rv2QTMbQyYpKwY</string>
</map>
