<?xml version='1.0' encoding='utf-8' standalone='yes' ?>
<map>
    <string name="client_static_keypair_pwd_enc">[2,&quot;jYGzSRCBiHcfb3AMhZt\/T88FPKHBko\/+Wq2DS1pt167iL0p9PqkH8+hEaVNcMm7gHW6C0xZGfiEYV0rxBsvRcQ&quot;,&quot;BmvVEV9Qt7LX7cXUOesI4Q&quot;,&quot;Z0h8Og&quot;,&quot;dOjluvj+x11jruVPXcTOIw&quot;]</string>
    <long name="client_static_keypair_enc_success" value="5" />
    <boolean name="can_user_android_key_store" value="true" />
    <string name="client_static_keypair_enc">[0,&quot;L2++O5U4GQv9c8W4fhhJvZ97bN3WOfkl2kRTFEUTdeoMMjPg07JcbzGcHT8oqybdSaMgWllQWamoXFv69+73OQuIY0z\/\/GC8icLePRV3tZM&quot;,&quot;Dntdyvl3gNvvEDFM&quot;]</string>
    <string name="server_static_public">qJWvSttNopqgQ2CgXYTc4jmSUKWd1Rv2QTMbQyYpKwY</string>
</map>
