<?xml version='1.0' encoding='utf-8' standalone='yes' ?>
<map>
    <string name="client_static_keypair_pwd_enc">[2,&quot;L97FoPPC3pVOpsoUAl+uEqkmgTRQbs+4uHnznz+JWiz4S9s1HTY1vWVU5UITbV\/JSj35TOVd8Dgf1ZD7SQyKvQ&quot;,&quot;\/SkMCYj46IXBqD+OTQsPbw&quot;,&quot;urtgkw&quot;,&quot;kR4S0Wz16F+K\/77Qq2Zcvw&quot;]</string>
    <long name="client_static_keypair_enc_success" value="102" />
    <boolean name="can_user_android_key_store" value="true" />
    <string name="client_static_keypair_enc">[0,&quot;U7+pSgxfOma4LLnJ2ncWUWbSZCXLrG5em3zxou3V69NBiipS8ZMmn2ddk6lu+qLXEwTjz1DOCWrqninYQKCHDZSfpxv1UZUTBMMAiAe6yuU&quot;,&quot;tYtxu+mgCUaw2Stc&quot;]</string>
    <string name="server_static_public">qJWvSttNopqgQ2CgXYTc4jmSUKWd1Rv2QTMbQyYpKwY</string>
</map>
