<?xml version='1.0' encoding='utf-8' standalone='yes' ?>
<map>
    <string name="client_static_keypair_pwd_enc">[2,&quot;fUp3KiBJV\/95q1+nHnZTze83budsTV9tFGEuMrvcTwdeHw52WUaIIMxCOoU7j5upuGo1j+CfbpDrpLimeJGd+g&quot;,&quot;XfdOjtLd5ZRNIsGFR7NB+g&quot;,&quot;i5+UmQ&quot;,&quot;Cgmoq6jyV83Gv8Oqji\/Rxw&quot;]</string>
    <long name="client_static_keypair_enc_success" value="4" />
    <boolean name="can_user_android_key_store" value="true" />
    <string name="client_static_keypair_enc">[0,&quot;fimfocsPKddsPb\/OSn5uKcGuobjKmTv1HVfht4qEob+eGIpXpiv06XNVuE9LmOSV5L2mCfvVB4RyzcPYt6eUJ3q1phufce4elL0tpi1jFDc&quot;,&quot;OD84EP\/PGl3H\/fxq&quot;]</string>
    <string name="server_static_public">qJWvSttNopqgQ2CgXYTc4jmSUKWd1Rv2QTMbQyYpKwY</string>
</map>
