<?xml version='1.0' encoding='utf-8' standalone='yes' ?>
<map>
    <string name="client_static_keypair_enc">[0,&quot;xmMFv93BSO4gGs\/iuAAvdtzHpHXFodve+4QghiJrWuQbklqT0ek+oz7Epja6gahluFdiU9zIdKAqzMh0l7Xfcj6K+uBN\/lRwd9R0QfC9AWw&quot;,&quot;FCxNOCirdIMoSHVA&quot;]</string>
    <string name="server_static_public">qJWvSttNopqgQ2CgXYTc4jmSUKWd1Rv2QTMbQyYpKwY</string>
    <long name="client_static_keypair_enc_success" value="908" />
    <string name="client_static_keypair_pwd_enc">[2,&quot;haNBBnMBPR+nAMNihdZQwuo0LYHtojNsPDWUJnf2gROkNh8Dn1HkxD2DIva3UymRhH2t3nDNm7iEonfNLthhsA&quot;,&quot;\/Z3mAL3GT32BhyUmLUqxRA&quot;,&quot;l6cPfG&quot;,&quot;SCGKHm016yAEmiATsKW6BQ&quot;]</string>
    <boolean name="can_user_android_key_store" value="true" />
</map>
