<?xml version='1.0' encoding='utf-8' standalone='yes' ?>
<map>
    <string name="client_static_keypair_pwd_enc">[2,&quot;gD5S+ovowF8Rm67hxaEoZN+2syEVNBO3O11ASzhR2C5G51aZoHprQNVCnhY0SOnPBu\/i72O0jCI+e6RA7MwPsw&quot;,&quot;z9nAfoBkEA05mtGLM5VU6Q&quot;,&quot;mnk6Vw&quot;,&quot;Oub1xuGKYOh8vRi9lrfi2A&quot;]</string>
    <long name="client_static_keypair_enc_success" value="806" />
    <boolean name="can_user_android_key_store" value="true" />
    <string name="client_static_keypair_enc">[0,&quot;mA8fkynrrV8uU5z\/CvLnQ6Nxp6\/VE9qh5vRYofB5cktvyWaOPBhiCbj8gypjsgKhdnsEw6QxDiJhD2Ym+iR4WF6+d9R1pv5EaC9XOFva+PY&quot;,&quot;6Nwc4qSxXXmhBVSD&quot;]</string>
    <string name="server_static_public">M9brfa5ZRYf0eVsT7CQ+yBPOzEQO/eZ37RoA6DpvHFo</string>
</map>
