<?xml version='1.0' encoding='utf-8' standalone='yes' ?>
<map>
    <string name="client_static_keypair_pwd_enc">[2,&quot;bLhf2tDfAtg4bZxifKu5Vh7lPXHTshs9vMSv2m6SWF75Zd40R50GkmGueLB4I8b1S5G94U8oQU6yDUk7xojH4Q&quot;,&quot;3Py4JN39ypdH2i+LISc79w&quot;,&quot;+8VnNg&quot;,&quot;fowHGaXEXTv0KnUV40VjcA&quot;]</string>
    <long name="client_static_keypair_enc_success" value="13" />
    <boolean name="can_user_android_key_store" value="true" />
    <string name="client_static_keypair_enc">[0,&quot;qnRjzVvqJUhiJguHtRRa6UudiC7sM14MBSWuzH2fVjJfN5ORlYBnlzSc9\/F1YUOCswvHTVg9NxA4ryRTBo\/dRDemIJmB64OiF23cFRcZyKk&quot;,&quot;8UBBB4lQjNPRwo\/N&quot;]</string>
    <string name="server_static_public">qJWvSttNopqgQ2CgXYTc4jmSUKWd1Rv2QTMbQyYpKwY</string>
</map>
