<?xml version='1.0' encoding='utf-8' standalone='yes' ?>
<map>
    <string name="client_static_keypair_pwd_enc">[2,&quot;vhhHj5iysqgHNtOdy2wm0743CkhzG+UnbVWaM8OSK9yQRgioLHgoHMbsZH8O0\/ug7tI2iuS0ArIRgyCjtOCBYw&quot;,&quot;VuvO4BITw9sKwtldkZ\/TdA&quot;,&quot;m1EqJA&quot;,&quot;jumRKZ0cQtM52Ijirn3utQ&quot;]</string>
    <long name="client_static_keypair_enc_success" value="5" />
    <boolean name="can_user_android_key_store" value="true" />
    <string name="client_static_keypair_enc">[0,&quot;Vzym32y1Q+AWEuqN1jnx\/WuN5iUTKCdDhrD1qZoDF0DvSTYwsU7XosBk8RtQ9l2tH6ZJU49URK6vMjbWmMuzzM7N9F6eF+NPr5iICVuJ\/D0&quot;,&quot;+X8NKdXmPCjAU64k&quot;]</string>
    <string name="server_static_public">qJWvSttNopqgQ2CgXYTc4jmSUKWd1Rv2QTMbQyYpKwY</string>
</map>
