<?xml version='1.0' encoding='utf-8' standalone='yes' ?>
<map>
    <string name="client_static_keypair_pwd_enc">[2,&quot;wpVs\/mYrQBv\/yMQwfh3eCyvh0Edr3F7T8IL5iq8IWyEYUfEu5YG2SFBXr91xuxdV7gGqMlqT0NFVi48Xle\/Nbg&quot;,&quot;XuWva\/XwIAOg0yur6pG3bA&quot;,&quot;vqWOBg&quot;,&quot;kdp9o7jPgwGFnVkYbWTT7w&quot;]</string>
    <long name="client_static_keypair_enc_success" value="254" />
    <boolean name="can_user_android_key_store" value="true" />
    <string name="client_static_keypair_enc">[0,&quot;pUnoCrwlVbytOOg2GAPP\/twr\/qgvs1Dj9dkNowU0Tx8t9zewZrQvfre29V43voi07CRhXdBKtLtQ0HY2FX2gpdVZ2kyWYSOfA8i9hl1RgN4&quot;,&quot;6FImaCY4lz+LOb9O&quot;]</string>
    <string name="server_static_public">M9brfa5ZRYf0eVsT7CQ+yBPOzEQO/eZ37RoA6DpvHFo</string>
</map>
