<?xml version='1.0' encoding='utf-8' standalone='yes' ?>
<map>
    <string name="client_static_keypair_enc">[0,&quot;wRej41+SPIczGTWUGuuiMiBxn4rwot3cUhMxntdRVLQ4AW5bz1is4yVJcUr8otTf7BE6RhJo6d9pLcbdRzfy\/VEzzljiZPC6tSSf+KgkOV8&quot;,&quot;beQYPBUv7lkO8b1N&quot;]</string>
    <long name="client_static_keypair_enc_success" value="154" />
    <string name="server_static_public">qJWvSttNopqgQ2CgXYTc4jmSUKWd1Rv2QTMbQyYpKwY</string>
    <string name="client_static_keypair_pwd_enc">[2,&quot;hzBP\/CGRcK4BLoqYniT7fD741pzHgA5ZMOdIxA8LSF69WgqkDJhXexH3e6LFHRJoXHiNQD1Y5wPxLweslcRRBg&quot;,&quot;kDl0HonqmvkNvEKTP9dDug&quot;,&quot;2hkZaw&quot;,&quot;1NAMTnITAkHnJriv1\/Ppow&quot;]</string>
    <boolean name="can_user_android_key_store" value="true" />
</map>
