<?xml version='1.0' encoding='utf-8' standalone='yes' ?>
<map>
    <string name="client_static_keypair_pwd_enc">[2,&quot;biqHDOSuQL1P42HlY3ziQkj8uwfXFnt0vbMv9j8UE\/17vokx7d8vwx5u3oWp0Xy1SPqDr8g8JzldTS\/AygmbRw&quot;,&quot;vA8SZBFq\/zQ7eS9Vom40Vw&quot;,&quot;B4xYdQ&quot;,&quot;erpJ15AlOC27wJsHjwSaCA&quot;]</string>
    <long name="client_static_keypair_enc_success" value="15" />
    <boolean name="can_user_android_key_store" value="true" />
    <string name="client_static_keypair_enc">[0,&quot;cF3IfsuyiQJnaEvYLuo2LUMf3JU6MZVltEb+9Z2RiAkOuj9plyC7AJ4q6esJBpt+rmqCI\/WGnvkbEZEn4w13CFtFoDD+dA9zc+UFf1xoxY4&quot;,&quot;rfIGTUEtiKtZAWBm&quot;]</string>
    <string name="server_static_public">qJWvSttNopqgQ2CgXYTc4jmSUKWd1Rv2QTMbQyYpKwY</string>
</map>
