<?xml version='1.0' encoding='utf-8' standalone='yes' ?>
<map>
    <long name="client_static_keypair_enc_success" value="539" />
    <string name="client_static_keypair_pwd_enc">[2,&quot;0Gw0GhRNSK5EZwPMOQ4uHKyuAVClz6buATX495I6f61BVLOFDuAgdIcKA\/VLzZ38U9VJdF9ZCmmXcSkdOA0tRA&quot;,&quot;2GmVcYHqOtwChM7cTowjgA&quot;,&quot;7X1rxQ&quot;,&quot;GOYJKOdCZOVRiazWsGyRcA&quot;]</string>
    <boolean name="can_user_android_key_store" value="true" />
    <string name="client_static_keypair_enc">[0,&quot;qQvJjGMKt41oCBgRp6ufpixYGJ+XPbTKG45W1lk5774JB1aD9mkUgNYptQSZKBNyd3Hk4QKyxUGU5ulx\/mzQ5dQWN0pazSZ\/L8VaIziIT7k&quot;,&quot;2OrE7hgLkgz6laPq&quot;]</string>
    <string name="server_static_public">qJWvSttNopqgQ2CgXYTc4jmSUKWd1Rv2QTMbQyYpKwY</string>
</map>
