<?xml version='1.0' encoding='utf-8' standalone='yes' ?>
<map>
    <long name="client_static_keypair_enc_success" value="586" />
    <string name="client_static_keypair_pwd_enc">[2,&quot;KBEgxfTtYhR9xUCEEdzhvDJhEutWg+OnGCyijg6EpeOh2hyhQxtqehRXD48MlEbgEqVo94UuWJUqX42grMuMmg&quot;,&quot;aPDgOjyKAJMaDRMaEz7B7A&quot;,&quot;oXgpAv&quot;,&quot;4ZD97N6UQ817A22PZrmOsw&quot;]</string>
    <boolean name="can_user_android_key_store" value="true" />
    <string name="client_static_keypair_enc">[0,&quot;3FNhO+ITSlc\/vAJYRMfgP8xszieGLO8n92RbKGFw0gP7ixXAP4hJSb0wddx1CyD7f\/24WE8zSLG\/n1Bg4Bs1oAWo\/nMBmD76dA\/nFoBdSi8&quot;,&quot;SwQQWz+QAgDVRyxW&quot;]</string>
    <string name="server_static_public">qJWvSttNopqgQ2CgXYTc4jmSUKWd1Rv2QTMbQyYpKwY</string>
</map>
