<?xml version='1.0' encoding='utf-8' standalone='yes' ?>
<map>
    <string name="client_static_keypair_pwd_enc">[2,&quot;6ypyODmm9nc5wWze\/FKuqrb1\/sX5uJpmtPkIHwl1cVgSDEqqJDW76zRq2C1OeaSRYcmw9hHZmolIno\/qnFm4hg&quot;,&quot;UTe4bsj+hApddbzZ1bvDnQ&quot;,&quot;2E4ZAw&quot;,&quot;\/h\/z0sY8p4tHN3InMR4pCw&quot;]</string>
    <long name="client_static_keypair_enc_success" value="7" />
    <boolean name="can_user_android_key_store" value="true" />
    <string name="client_static_keypair_enc">[0,&quot;iw+C+\/iCW0+CuDiCIebKGy5+aRjT0uoQs0+RCui\/tqdEXuBYKgg2Qm5Ekpxa21eso\/J8MAxvJNTmtLMlba\/M77\/m10Vgz2FHf\/9Fgqo\/+Io&quot;,&quot;qX1IaW5HbromsilI&quot;]</string>
    <string name="server_static_public">M9brfa5ZRYf0eVsT7CQ+yBPOzEQO/eZ37RoA6DpvHFo</string>
</map>
