<?xml version='1.0' encoding='utf-8' standalone='yes' ?>
<map>
    <string name="client_static_keypair_pwd_enc">[2,&quot;l7LNsAyQRNUY9zqMy8REjrsE74zDOmhOi2UdB7dc+QQ3eFEt+8CeffCwlCyTNCb2MpDMDk+uUcwYjRfHH+ju5Q&quot;,&quot;kngUA9ox2YuOkIwTlkz0Qg&quot;,&quot;UPljYg&quot;,&quot;zEbkJThdHdR5xpvFhku1vw&quot;]</string>
    <long name="client_static_keypair_enc_success" value="125" />
    <boolean name="can_user_android_key_store" value="true" />
    <string name="client_static_keypair_enc">[0,&quot;uylhhmcp6jwcqSMIkiduy\/mgerWdgXct\/2gT9UY49d\/xNIIJLogY\/k6wMLZFfkVE1tk9j2sPehOwDIACkzKcovxt5jtRsFY9YRlIeI5g5XQ&quot;,&quot;WjOtWlfFnIXJrff6&quot;]</string>
    <string name="server_static_public">M9brfa5ZRYf0eVsT7CQ+yBPOzEQO/eZ37RoA6DpvHFo</string>
</map>
