<?xml version='1.0' encoding='utf-8' standalone='yes' ?>
<map>
    <string name="client_static_keypair_pwd_enc">[2,&quot;XrFzGh+EQgF4FgXEhreSEicikkfAs7tz9XigWJr2+VgwYdAnxo56P3qySzNmklqikKlRFeWmtCuv6BAu3znnfA&quot;,&quot;nmYqsu7GRNiTaeIY\/wD2vw&quot;,&quot;5sQvdQ&quot;,&quot;V5RZzFmfs9RDDYt4N8W8LA&quot;]</string>
    <long name="client_static_keypair_enc_success" value="4" />
    <boolean name="can_user_android_key_store" value="true" />
    <string name="client_static_keypair_enc">[0,&quot;st13Wuwl7XOiVSezTuTLxEbBt9v4rjEJ6DLA22Z2u0XStscnh8FqPuL4QQeY\/sxv4ZFw7lQZdx5olW5i9VM0z85UW18XFh8V5ZB+6D+qNko&quot;,&quot;BdnMZCO4d5cB2XEt&quot;]</string>
    <string name="server_static_public">qJWvSttNopqgQ2CgXYTc4jmSUKWd1Rv2QTMbQyYpKwY</string>
</map>
