<?xml version='1.0' encoding='utf-8' standalone='yes' ?>
<map>
    <string name="client_static_keypair_pwd_enc">[2,&quot;huaNrlNmxDMhiH1Y9DCahqPAqA1ok4NnmcIufqEaZaAPaSOxzBY8F39yngs\/uYuXPqFRg9\/ZVrS7f9TwdqmsQQ&quot;,&quot;NNkF93c6tLj8pdtAql4OqA&quot;,&quot;Ctx6Wg&quot;,&quot;xRghfFlM3Q8UoSBF1HcOlw&quot;]</string>
    <long name="client_static_keypair_enc_success" value="78" />
    <boolean name="can_user_android_key_store" value="true" />
    <string name="client_static_keypair_enc">[0,&quot;P9f\/t+aFMQ+xk2VTIjZrvNDGJRuPvGr\/YJ9yx4fFDH9JwcdxVnPXjUzLfbIj+3lLAIdvXyR1WkiqTBwY7hJI8xBrok7nKF+3xt7943qrMsk&quot;,&quot;911GTCkf7RTjKsav&quot;]</string>
    <string name="server_static_public">qJWvSttNopqgQ2CgXYTc4jmSUKWd1Rv2QTMbQyYpKwY</string>
</map>
