<?xml version='1.0' encoding='utf-8' standalone='yes' ?>
<map>
    <long name="client_static_keypair_enc_success" value="497" />
    <string name="client_static_keypair_enc">[0,&quot;l5pty91UszLNHRTLCXpJ58Bvyg+GYYYFGkrAU\/JyEL8BzEl7VJp5p41fQB+zce4r8TuGajfGk9yu4UqBHWiEOK9Ucl1P6bKFSkDhMsQQD7Y&quot;,&quot;0h\/TPD1zhoUpu5+s&quot;]</string>
    <string name="server_static_public">qJWvSttNopqgQ2CgXYTc4jmSUKWd1Rv2QTMbQyYpKwY</string>
    <string name="client_static_keypair_pwd_enc">[2,&quot;fGaGOivms0xSoZsZwezasTuq7wtVxqzvpKldmA8LGxd8mxBZ6TQeHOgMLcTIMX1f5X86Tr+\/DD9a85vL7Mxq6g&quot;,&quot;a4cBjwdseLWyJOB3OW0o0g&quot;,&quot;aPLO2x&quot;,&quot;AR7rBFXz\/N9ybb2L6akcYA&quot;]</string>
    <boolean name="can_user_android_key_store" value="true" />
</map>
