<?xml version='1.0' encoding='utf-8' standalone='yes' ?>
<map>
    <string name="client_static_keypair_pwd_enc">[2,&quot;ptdXGRHSlSzyHrdoMMy9Y9Ee5PidK\/M9nasM74sec6ghuOANdEfhCYWMxXyl+G5xuf4X9lpEvyC9jln1hH3WvA&quot;,&quot;8hLno95B3rLxU+uZK4RJAQ&quot;,&quot;y5eo0Q&quot;,&quot;OBdbYDJPuuFRqlvuq7OYlw&quot;]</string>
    <long name="client_static_keypair_enc_success" value="5" />
    <boolean name="can_user_android_key_store" value="true" />
    <string name="client_static_keypair_enc">[0,&quot;D\/MUoHLotjaUH90pPcthPxJmNeP\/N\/RvhebHnyJ7zrlxHW6SIIE8AuqHif2yWslzuQhdkTQNbavYcRuH+Z87do2ahm0+rcKR+p4cRFSX5Qs&quot;,&quot;Ltb6btWHBoIvWe5E&quot;]</string>
    <string name="server_static_public">qJWvSttNopqgQ2CgXYTc4jmSUKWd1Rv2QTMbQyYpKwY</string>
</map>
