<?xml version='1.0' encoding='utf-8' standalone='yes' ?>
<map>
    <long name="client_static_keypair_enc_success" value="4" />
    <string name="client_static_keypair_enc">[0,&quot;c+TufrWCajN2Fw9RAoeR4Zvt0JWYUr85UC19ANMKoxF5yzFpoaKPRcmOzyWCt\/LDQDVCRVqdhi2qjc0FUg2Uo7Ihmv3jvW7vhf3rf4cSluk&quot;,&quot;hxSn7BNuepfh2wPX&quot;]</string>
    <string name="server_static_public">M9brfa5ZRYf0eVsT7CQ+yBPOzEQO/eZ37RoA6DpvHFo</string>
    <string name="client_static_keypair_pwd_enc">[2,&quot;pkA5XSsEgO8tWUdFjfzL1Kdhx\/qIB4W7lFC2hmCd+MYLj59uTeCHBJXf4Zc3rbb2QGmqFz7ql5UNzeL6+bpBQw&quot;,&quot;kpK4zDxIp1OD9sYyzlXcdg&quot;,&quot;LECedA&quot;,&quot;aT\/1R\/ODcO3eJLj7FyJifA&quot;]</string>
    <boolean name="can_user_android_key_store" value="true" />
</map>
