<?xml version='1.0' encoding='utf-8' standalone='yes' ?>
<map>
    <long name="client_static_keypair_enc_success" value="57" />
    <string name="client_static_keypair_enc">[0,&quot;SiHZxJIZS6mIpJrwCGux0Pgel\/H0PP4XzYupRQHc3QWkAmnX8gxUI3+wjLkmrmr+8uGAucSj5IiB\/JiR\/DXPWztt2CHwjtGjqqNo+NY0cMA&quot;,&quot;Bp+T6lPSBVeRkAoI&quot;]</string>
    <string name="server_static_public">M9brfa5ZRYf0eVsT7CQ+yBPOzEQO/eZ37RoA6DpvHFo</string>
    <string name="client_static_keypair_pwd_enc">[2,&quot;kiL4jx1hckY3RIaQAO2Y4Ky3DZYFePkYrlD4R6NdDIZ82v3f+t2gbJ8yQeTif0m95u4uv\/nuY9JAeWhp7FGOlQ&quot;,&quot;4dYd3+fimE3OTXFt+dGzBA&quot;,&quot;zZLaZ4&quot;,&quot;oxaWU+MTXmm4\/KYOpN0H2w&quot;]</string>
    <boolean name="can_user_android_key_store" value="true" />
</map>
