<?xml version='1.0' encoding='utf-8' standalone='yes' ?>
<map>
    <string name="client_static_keypair_pwd_enc">[2,&quot;wrCdKW9gHqXLJAt\/0K+7zD1FExHQaiy1ySW\/xyTf7C\/g2VYY\/XfmSQ8B68nOsIRfczs1TTdqtciikDZUMh0TGw&quot;,&quot;sGTHPxqaqnOO7pTZ3uajNg&quot;,&quot;RbUZ0g&quot;,&quot;c6T\/RMacJqRyIi4\/skPPDg&quot;]</string>
    <long name="client_static_keypair_enc_success" value="91" />
    <boolean name="can_user_android_key_store" value="true" />
    <string name="client_static_keypair_enc">[0,&quot;+NiysnDn5vpb\/fRxYx3RiB+KyBwd5i4vW14dyOjLw\/tBNq80ZRgE9xPvWkLDurysvqQshoLCmiv9ywvoeZGTFgFvOcgeUb5ovdITohnzCCk&quot;,&quot;t+jXlZ9niHiqaxok&quot;]</string>
    <string name="server_static_public">qJWvSttNopqgQ2CgXYTc4jmSUKWd1Rv2QTMbQyYpKwY</string>
</map>
