<?xml version='1.0' encoding='utf-8' standalone='yes' ?>
<map>
    <string name="client_static_keypair_pwd_enc">[2,&quot;6wm\/ca2Ta+Je55GZr+XoP8KE2fs5YAnmptLSQgFk5INcbQhsXZt\/I22SDoc9xAOPNuqEmFdXj9HH+Pu7QuRCnQ&quot;,&quot;betRhqHx8wgoeKHwhuMaLQ&quot;,&quot;AwWPJw&quot;,&quot;ebZ32OH+hMyiRKUQKvlF+g&quot;]</string>
    <long name="client_static_keypair_enc_success" value="31" />
    <boolean name="can_user_android_key_store" value="true" />
    <string name="client_static_keypair_enc">[0,&quot;ZiyXxtLRhJwogw2fFBzHTXhzTOxdOHUZTpMXJ0gv7JL5fJdzS3EDWttDgrs8EPPl\/wm+AO49x30uLxxxxRM3S93dTqXMuslUs\/g11wpdLHk&quot;,&quot;31rIt5R\/ES0s9l+Y&quot;]</string>
    <string name="server_static_public">M9brfa5ZRYf0eVsT7CQ+yBPOzEQO/eZ37RoA6DpvHFo</string>
</map>
