<?xml version='1.0' encoding='utf-8' standalone='yes' ?>
<map>
    <string name="client_static_keypair_pwd_enc">[2,&quot;Je8hrkYXimjc3nqyfcmrt5sTtfd\/2oL2K9g9JWN0aAEtULkdT03rI+nafkuTfjn0Oe51JTid\/lVaWbdvHJ\/Fag&quot;,&quot;v+wn1h8sLpPNMyFpOVFmCA&quot;,&quot;\/lZBhQ&quot;,&quot;wTFz5GNPy4x\/CdIWLPyzOg&quot;]</string>
    <long name="client_static_keypair_enc_success" value="2" />
    <boolean name="can_user_android_key_store" value="true" />
    <string name="client_static_keypair_enc">[0,&quot;VNr91+zkK\/ijtlcuy9JOoNsV+WbndgrUApqOUiGfT2tPajb6NsD7BE87WkRTKnA4vCBFIYZz+yD8vSpa80mCSsi6qvI0YvsqfQY1hZwTdno&quot;,&quot;PwfZRw0TSeJxt56V&quot;]</string>
    <string name="server_static_public">qJWvSttNopqgQ2CgXYTc4jmSUKWd1Rv2QTMbQyYpKwY</string>
</map>
