<?xml version='1.0' encoding='utf-8' standalone='yes' ?>
<map>
    <long name="client_static_keypair_enc_success" value="7" />
    <string name="client_static_keypair_enc">[0,&quot;tqDZgud3+JUc8BLAht5HIJwsIpzC7ZmFeBTE+TpFc8OTnkP0s9IP1dzHlGWYjDPSc+Q0421cqxYLN2P\/gqsxkI2MWrg\/xmszlIiedQzW+U4&quot;,&quot;zAMUyrji9skck\/1f&quot;]</string>
    <string name="server_static_public">qJWvSttNopqgQ2CgXYTc4jmSUKWd1Rv2QTMbQyYpKwY</string>
    <string name="client_static_keypair_pwd_enc">[2,&quot;3BQdUKqtIDFgx8BpFUeb\/p\/Qkg6p7yBX+KwQ4KuFNiiyddCMSZLCZVhfm9y5Os0NyY7lxafFMbyz7+Tf29\/nIw&quot;,&quot;vgV3EuYRg7xfeMfAh8oLZw&quot;,&quot;nPvpvQ&quot;,&quot;HeRKsLFUC9wQ+LF8rju7nQ&quot;]</string>
    <boolean name="can_user_android_key_store" value="true" />
</map>
