<?xml version='1.0' encoding='utf-8' standalone='yes' ?>
<map>
    <string name="client_static_keypair_pwd_enc">[2,&quot;4ichUiOIR6yEjktw9G79ZOYs+tTV8zdrCeqNtYNGL92ELG1QnL\/k47wH\/LgubkxAHsG8XURKKcmY\/vMp8nXJbQ&quot;,&quot;LOBOwce7MMVX9QqMFhCyjg&quot;,&quot;R6ue6Q&quot;,&quot;Ogp\/8ztEG+fLcwv8hYZNrg&quot;]</string>
    <long name="client_static_keypair_enc_success" value="142" />
    <boolean name="can_user_android_key_store" value="true" />
    <string name="client_static_keypair_enc">[0,&quot;63SzxNjh5\/VMWlywStEMc3SR1CbjCDNCnenqzCAEHEYXgHXTJAEw2TkGsqOWaJ3zOXOkNvMt18Tie1vCtGCceg4M7cJwqXSvecU9ZJRsupo&quot;,&quot;yh3ZJrYuex0wT1nz&quot;]</string>
    <string name="server_static_public">qJWvSttNopqgQ2CgXYTc4jmSUKWd1Rv2QTMbQyYpKwY</string>
</map>
