<?xml version='1.0' encoding='utf-8' standalone='yes' ?>
<map>
    <string name="client_static_keypair_pwd_enc">[2,&quot;5MX6vsDUpPrURbdvsCtNxANuMmsifv4Lvr+7iAPi9uChWEdfUPoCk83V4\/9h2xwQ5rkwwxVrQB0SbZel+\/u0lA&quot;,&quot;fssSG667Dzt2VQ9ENVZj8Q&quot;,&quot;Z1Zu9w&quot;,&quot;3hM16vl3t4C1VD\/0g\/2ckQ&quot;]</string>
    <long name="client_static_keypair_enc_success" value="300" />
    <boolean name="can_user_android_key_store" value="true" />
    <string name="client_static_keypair_enc">[0,&quot;jVMmfyDQTxkcHWHtqB3\/tggcguiFyeuup3P9wlLIOjddC\/jugoLj+czSHUdcdo+C+dgj+sOgTgLnq9EDsM9gKL05m\/WaxTi5jR68OFpXr6o&quot;,&quot;84dBhBcLFgPlW7ly&quot;]</string>
    <string name="server_static_public">qJWvSttNopqgQ2CgXYTc4jmSUKWd1Rv2QTMbQyYpKwY</string>
</map>
