<?xml version='1.0' encoding='utf-8' standalone='yes' ?>
<map>
    <string name="client_static_keypair_pwd_enc">[2,&quot;ZrfRN2ZFtuZE+EML7q1zp55HSyCuKg4FVl5KEiu+0rR8mdWCNV27+phji69N5kTxEx\/1BUEslI7X2U53tX0eew&quot;,&quot;Z1DQp9l6d5wNRv5G8vk\/Ew&quot;,&quot;xmZpZw&quot;,&quot;\/nQ\/pfa0UhKkHzGisnEJGg&quot;]</string>
    <long name="client_static_keypair_enc_success" value="93" />
    <boolean name="can_user_android_key_store" value="true" />
    <string name="client_static_keypair_enc">[0,&quot;ZVCRz2c+RE7fE\/oP2t1QjT6vW\/lrdF4RKDXOQ\/DCKMqcKR5Gj0IAs+bfJzJOB68WItVIDbGkMVDcEIQiTjp4JVnoUYuaFz1pA8zzwXKwNFc&quot;,&quot;S8j9x0c6W7DdM7li&quot;]</string>
    <string name="server_static_public">qJWvSttNopqgQ2CgXYTc4jmSUKWd1Rv2QTMbQyYpKwY</string>
</map>
