<?xml version='1.0' encoding='utf-8' standalone='yes' ?>
<map>
    <string name="client_static_keypair_pwd_enc">[2,&quot;\/+faOXjFpO+s\/lAOSVzZBD45B0JeUo1kcDWpsAg97MtXwVDleLsfdoicjpeYhi8Rsl+y+xtLvmFcpnzT\/8k2WQ&quot;,&quot;KXuPwuTaZXV1EhKuDTRkpA&quot;,&quot;oXJceQ&quot;,&quot;Yh6DGOxsCqEnqS9CeBkaXQ&quot;]</string>
    <long name="client_static_keypair_enc_success" value="23" />
    <boolean name="can_user_android_key_store" value="true" />
    <string name="client_static_keypair_enc">[0,&quot;TZIrtseNPlbtNx\/yYDcrcZ8VtCNHrarL\/8rBoluP1QPfaK9hBHHbpSLfR+Mn2DBpr8g+UHmZHieBThmEO1aEOqn\/FNwNqfaxd52piGQTuVY&quot;,&quot;LsNIa8MHOVtTpZER&quot;]</string>
    <string name="server_static_public">qJWvSttNopqgQ2CgXYTc4jmSUKWd1Rv2QTMbQyYpKwY</string>
</map>
