<?xml version='1.0' encoding='utf-8' standalone='yes' ?>
<map>
    <string name="client_static_keypair_pwd_enc">[2,&quot;3cwVfpQyBmtLkdTZk+LWxD7+KD+zgqVBb2uWiECp5BfHvfy\/8\/0pqkpKR9I94qi+Hyldpmy14Wpmetlb67YSbQ&quot;,&quot;mPvw+0G2livq3ivsMkTstw&quot;,&quot;IL8EJp&quot;,&quot;+PZYAIS+cp8IYxGUr3iZjQ&quot;]</string>
    <long name="client_static_keypair_enc_success" value="6" />
    <boolean name="can_user_android_key_store" value="true" />
    <string name="client_static_keypair_enc">[0,&quot;eQL\/3NDj2yxz83Kw7sIv6YB3azYE1Iy8yENC3V1n2THLY44scbaiJhxrLfEjN06uguRHF+ZQMlNLHhOXEJBJUZIXnMJJM\/3X1eb9pLZvUEo&quot;,&quot;2u3EvwOnnk5TW\/LW&quot;]</string>
    <string name="server_static_public">qJWvSttNopqgQ2CgXYTc4jmSUKWd1Rv2QTMbQyYpKwY</string>
</map>
