<?xml version='1.0' encoding='utf-8' standalone='yes' ?>
<map>
    <long name="client_static_keypair_enc_success" value="242" />
    <string name="client_static_keypair_pwd_enc">[2,&quot;vDuhAObpiI4XCCiiLMveZd9eHqiD0A9mJyZhiKpfDACoLnJ0JJ7hif85G1mpiQbPNsk59SFTzg++0\/wQuPZ3nQ&quot;,&quot;RS\/FBLnMUFeLwUPg5txKgg&quot;,&quot;5V\/q6A&quot;,&quot;Jbh0K6bl4+e8cUjbkUsq2A&quot;]</string>
    <boolean name="can_user_android_key_store" value="true" />
    <string name="client_static_keypair_enc">[0,&quot;kDNbIaqW4vnvLYD\/mo3Pkj3FLEW9\/oVWTmkN9FTcZJUxFeILoN5o2c44SFI7zEdIZebx01ms+K5\/AmpeLBHVpWTqBXB4lUICX7gTHEgG8Os&quot;,&quot;GAsiOs5D7X3QrYgf&quot;]</string>
    <string name="server_static_public">M9brfa5ZRYf0eVsT7CQ+yBPOzEQO/eZ37RoA6DpvHFo</string>
</map>
