<?xml version='1.0' encoding='utf-8' standalone='yes' ?>
<map>
    <string name="client_static_keypair_pwd_enc">[2,&quot;DKq4iCiKoRAj2JhPmeKeyGP\/nsix0Xh4eMOSv1kXxZu7YVqGwNUAMrz4tC4ABs9Clc+s74DKZpTws5vmHrLVYw&quot;,&quot;zLNqwOj5\/O3n5aMz4kmU3w&quot;,&quot;zltL3w&quot;,&quot;XkfHtIo0+MVjYxbJ9T23kw&quot;]</string>
    <long name="client_static_keypair_enc_success" value="72" />
    <boolean name="can_user_android_key_store" value="true" />
    <string name="client_static_keypair_enc">[0,&quot;SzRVuub3CKWei5wI3fkAWlzvCmwzBL\/ZfvATEE42\/3LH9Je6msqTNsN2iKvtwDEGOQ0ayy\/3MN4WpJtIwrJ68RLd5FhLGWQqM7g3mwQyGIg&quot;,&quot;PJ5fUYUtYr1Mg\/uL&quot;]</string>
    <string name="server_static_public">qJWvSttNopqgQ2CgXYTc4jmSUKWd1Rv2QTMbQyYpKwY</string>
</map>
