<?xml version='1.0' encoding='utf-8' standalone='yes' ?>
<map>
    <string name="client_static_keypair_enc">[0,&quot;\/X9t1qyPOGlsQhELvPO\/GFwfR2ad6J0rVJY9ckCUpU3U6t3vdqDcwsSNHjlzj\/04Kf9WIXac4F1ka4\/9TxXh9BH4yCrizH0bTDB3K216FL0&quot;,&quot;JEV\/OJdLShzHSrPn&quot;]</string>
    <long name="client_static_keypair_enc_success" value="130" />
    <string name="server_static_public">M9brfa5ZRYf0eVsT7CQ+yBPOzEQO/eZ37RoA6DpvHFo</string>
    <string name="client_static_keypair_pwd_enc">[2,&quot;d3FyggBjhXepJQBhFmlugwuRKUHJiJfKL2d7nvaOley1ExLGl3U3fPW422PevWmQGXtXHx8nKNgIG1NHfh1VVw&quot;,&quot;HJRCfRmuq1AB0OHuBDuNXA&quot;,&quot;sDYjeA&quot;,&quot;JlKvtKQfNw6Bz3bPAw4MiQ&quot;]</string>
    <boolean name="can_user_android_key_store" value="true" />
</map>
