<?xml version='1.0' encoding='utf-8' standalone='yes' ?>
<map>
    <string name="client_static_keypair_pwd_enc">[2,&quot;reV\/UYR2aNhWUAIrDous+3zlyL3gXCsw3RNmeTF2RBtH+beGU1LfLICBRwLACveGCiQG85FbojlprznRzpxtpw&quot;,&quot;E7lWdHCjGxWlW9TEp\/KHxg&quot;,&quot;YYxkNw&quot;,&quot;8nQ9+j3PyDXtWCH8vJBzvg&quot;]</string>
    <long name="client_static_keypair_enc_success" value="33" />
    <boolean name="can_user_android_key_store" value="true" />
    <string name="client_static_keypair_enc">[0,&quot;XfPR\/4uFlKmKb1NHOdDsf3hokpOxUv57gpBMQUuSvV+N7tow9f6z\/yWwE2diP7lZhaGZmNrXU4tEOrwNwdvZiDUHVIeqmVkBZ0aQBLw7seM&quot;,&quot;llg1i+8oPmxURGqI&quot;]</string>
    <string name="server_static_public">M9brfa5ZRYf0eVsT7CQ+yBPOzEQO/eZ37RoA6DpvHFo</string>
</map>
