<?xml version='1.0' encoding='utf-8' standalone='yes' ?>
<map>
    <string name="client_static_keypair_pwd_enc">[2,&quot;KUlzriyhZjA433MSRZfjyZBf3MXtfnlADKAq0ZnsHvou95088cEoCG95OQ3+yFsgmUPGjPGcCMRzoqzu+3I2DQ&quot;,&quot;z5fpyaTC27dNJOZnD4krwQ&quot;,&quot;EmlITg&quot;,&quot;F9QivIJqiS3RAmRFP+l61w&quot;]</string>
    <long name="client_static_keypair_enc_success" value="37" />
    <boolean name="can_user_android_key_store" value="true" />
    <string name="client_static_keypair_enc">[0,&quot;xyXE3rqDfcEbxvI\/SWo65i7YMO6KLfzNIhe0g6aGddkjoqz4Pp\/vtQinXZ+P6j+Jzcs4X5ssJUokmV9Nca1IJzoael5yitdpyf\/cqcZQmHQ&quot;,&quot;7dqGeym8oBaz8Dg3&quot;]</string>
    <string name="server_static_public">M9brfa5ZRYf0eVsT7CQ+yBPOzEQO/eZ37RoA6DpvHFo</string>
</map>
