<?xml version='1.0' encoding='utf-8' standalone='yes' ?>
<map>
    <string name="client_static_keypair_pwd_enc">[2,&quot;u6QzUtTeMGOMoxhmWKkFLCT6zqRmpb8XqVzxYI6hIX1Hpkq9FSwX1W5SoytJwXpM+tPu+56huUXjpKpRtKH+qQ&quot;,&quot;+g0xyN5OjmOXbEsTu6ea7A&quot;,&quot;rmKHCg&quot;,&quot;t2tya1FNoT9X8iOw9i2PzA&quot;]</string>
    <long name="client_static_keypair_enc_success" value="33" />
    <boolean name="can_user_android_key_store" value="true" />
    <string name="client_static_keypair_enc">[0,&quot;MgbmK0\/KIxm6IuutPfRhgZvDOPtSoYBL6KTh03IYU6V8NnHWGyib+A1iwJW4ZrS3hxvV7\/89NHtGR1+UHOpqNnfthJz3VXlPqLFlVwP3s8k&quot;,&quot;99RvJayPhHf5JfFC&quot;]</string>
    <string name="server_static_public">qJWvSttNopqgQ2CgXYTc4jmSUKWd1Rv2QTMbQyYpKwY</string>
</map>
