<?xml version='1.0' encoding='utf-8' standalone='yes' ?>
<map>
    <string name="client_static_keypair_pwd_enc">[2,&quot;ScMg4sHmsZMrd4uCmJymMEBVLjsmJu3H2wxb08W8oHLmMWJHL3R9b3jOKKS3ViSvYkl2MenUE+cGPCFYWZM5uQ&quot;,&quot;usy7rP9eeD\/N1fzPahbLpw&quot;,&quot;x1BJMQ&quot;,&quot;9\/CzcX5Fv3lg9Buv3ZthgQ&quot;]</string>
    <long name="client_static_keypair_enc_success" value="143" />
    <boolean name="can_user_android_key_store" value="true" />
    <string name="client_static_keypair_enc">[0,&quot;pAlvV90qM0Uzy2DBzDfzQJ3dvnqy0azMIYjG0Z4jisWVHyje+1jpy41jFkAsfIhrvGlYzxE45A7aP7R4EMytnfLWi\/8LNHENFRjY1fgn680&quot;,&quot;EGr0gAVOD3cavGx\/&quot;]</string>
    <string name="server_static_public">qJWvSttNopqgQ2CgXYTc4jmSUKWd1Rv2QTMbQyYpKwY</string>
</map>
