<?xml version='1.0' encoding='utf-8' standalone='yes' ?>
<map>
    <string name="client_static_keypair_pwd_enc">[2,&quot;MxHZKBQ3TNsqzxzvw5k0JEeHCSkdQ+LQOEmnM7ArkdLBlNY9fKmEuKJFz+8tU3QQqn0DWTDyWFCYJ\/TeuEwK+w&quot;,&quot;xwQL8f2j\/igNNdMb7oQXWw&quot;,&quot;gLGC0E&quot;,&quot;jXgPX0hXTdhJ8pH9H1mZNA&quot;]</string>
    <long name="client_static_keypair_enc_success" value="8" />
    <boolean name="can_user_android_key_store" value="true" />
    <string name="client_static_keypair_enc">[0,&quot;SyKlKkqyKEQM\/EoKnndbWbmBtD33zLTyAr+KmCe6l7FmGayeVpH+llgrc0KqFrfZ\/cXHmD5zyeaAJZrWAL5pOre3GDQfyTHYz4rNdh8Lsjs&quot;,&quot;HdpJidirwYsIQ\/UT&quot;]</string>
    <string name="server_static_public">qJWvSttNopqgQ2CgXYTc4jmSUKWd1Rv2QTMbQyYpKwY</string>
</map>
