<?xml version='1.0' encoding='utf-8' standalone='yes' ?>
<map>
    <string name="client_static_keypair_pwd_enc">[2,&quot;gwJaUxOOIDQRpcK0aEIf1RRO3JUiT\/w0IvOSRMRzLsEPIOiD7JEGa0hNXAYUQ\/MS3jMvPy1NjoNnwh8YtvtHqg&quot;,&quot;ojxGlVs29yQJA+bUgRACGQ&quot;,&quot;rSPSVA&quot;,&quot;X0j7IeY5XzW48V97xUz\/lA&quot;]</string>
    <long name="client_static_keypair_enc_success" value="1" />
    <boolean name="can_user_android_key_store" value="true" />
    <string name="client_static_keypair_enc">[0,&quot;LGg3i1VSw5ae\/LF35kB2s+jrgSCDfJ+UTk\/qSdU2qA6UQAYuFQD\/ZtBBdt2rf\/pZDtVytf0g20RYm17xTzOJ0v4rX1YqrqieTbwFTkkszVg&quot;,&quot;XFPFiK\/YvHJ3jpUa&quot;]</string>
    <string name="server_static_public">qJWvSttNopqgQ2CgXYTc4jmSUKWd1Rv2QTMbQyYpKwY</string>
</map>
