<?xml version='1.0' encoding='utf-8' standalone='yes' ?>
<map>
    <string name="server_static_public">qJWvSttNopqgQ2CgXYTc4jmSUKWd1Rv2QTMbQyYpKwY</string>
    <long name="client_static_keypair_enc_success" value="9254" />
    <string name="client_static_keypair_enc">[0,&quot;UAPHVa609z0hf0zpXGauHaq6ydQ8JazumhI6eMPEnh\/0pHPBPe5zagX0Nk\/z2yp1qWs5FM+CYmRxbBHQAsEWaZGD2XMuxsPVTdhDNBuGSsM&quot;,&quot;guaPj\/K4cELGfTR0&quot;]</string>
    <boolean name="can_user_android_key_store" value="true" />
    <string name="client_static_keypair_pwd_enc">[2,&quot;2w6Y\/0Zmf\/og7cN18SKNrhbtdDfDIUNUq0M7YRiWkTDr5YRoSj97oVictYL0g5J\/8JSs+vIzdxtBKqJX2Bgt5w&quot;,&quot;W1bMYHI8wuZ6t0kOw6UMZw&quot;,&quot;9yrYGQ&quot;,&quot;mUqSFg88xx70I5nADiLsfw&quot;]</string>
</map>
