<?xml version='1.0' encoding='utf-8' standalone='yes' ?>
<map>
    <string name="client_static_keypair_pwd_enc">[2,&quot;E7K7mygc8KOqIxd6CRgEVhrub309yh9kEDU9VRVrlh19HSK53ceISHzt3HkRE3krFGYkpg6bVlQhQWJTmybOzQ&quot;,&quot;C\/TiqsFEBchkzgldbNphTA&quot;,&quot;eYgbtw&quot;,&quot;crJMKlQcTqfd\/knMKqssSw&quot;]</string>
    <long name="client_static_keypair_enc_success" value="434" />
    <boolean name="can_user_android_key_store" value="true" />
    <string name="client_static_keypair_enc">[0,&quot;tklyrdv6co7vA7tAkLrbv81gnQuFH7VTWQkAvWeiBwgSfGYh37+LoVRerXAlset16SGbrPYnh7mBegknYetfsOq6oqFRXfsxeHY0Crc2wrs&quot;,&quot;HfjdIPhbAGhW12Xt&quot;]</string>
    <string name="server_static_public">qJWvSttNopqgQ2CgXYTc4jmSUKWd1Rv2QTMbQyYpKwY</string>
</map>
