<?xml version='1.0' encoding='utf-8' standalone='yes' ?>
<map>
    <string name="server_static_public">qJWvSttNopqgQ2CgXYTc4jmSUKWd1Rv2QTMbQyYpKwY</string>
    <long name="client_static_keypair_enc_success" value="19" />
    <string name="client_static_keypair_enc">[0,&quot;5LSpDw\/P2rYvgrbvkLunMsidfPod+ETK+oO87WtELFZNZ9mjJbR37TfWf9nX\/7dSAsvEn8y7NOAQWHo8GOhOQD5HLmTW7W1pj5++xmA3tk4&quot;,&quot;pF68vT2pO\/eyeZcB&quot;]</string>
    <boolean name="can_user_android_key_store" value="true" />
    <string name="client_static_keypair_pwd_enc">[2,&quot;fFVIPTLqR\/xErFSOGPqfU+QEDytR30xOyOkhoy6pFlwuXh5MJ4NJXlgvsEPARdkci\/7Lqd3Rb5OfY1gTJHI1mA&quot;,&quot;Z9GCsNeVUB7AAlwBinE21g&quot;,&quot;YcsNaQ&quot;,&quot;Yhwn6ndTQHPGTA06sD4ABA&quot;]</string>
</map>
