<?xml version='1.0' encoding='utf-8' standalone='yes' ?>
<map>
    <string name="client_static_keypair_pwd_enc">[2,&quot;+wnQXreX+rd3dSWcy8pyX7fna9bJLuNCkp4wDyCvhTtD7AC6mFF6LUiPpYkW\/MyNvDpfd1z32j2rjAeI9R5W1g&quot;,&quot;7MwP2MZO3g7QD5ukT6Z0Yg&quot;,&quot;NiTwbg&quot;,&quot;rfXNGZmaWEK1uru5Xv8\/5g&quot;]</string>
    <long name="client_static_keypair_enc_success" value="102" />
    <boolean name="can_user_android_key_store" value="true" />
    <string name="client_static_keypair_enc">[0,&quot;Cr86qiEIQtu+QbzzTPuGzQfvLBVsIXuMIsJerLsmqoxmKZRUUh+YMDGcJ66j6\/c9jNyAbaZRDVmgywRcl7VP6SVuoQwBnQbFOYjGz3+uxIk&quot;,&quot;ThbyuMn2HvrNV+GI&quot;]</string>
    <string name="server_static_public">qJWvSttNopqgQ2CgXYTc4jmSUKWd1Rv2QTMbQyYpKwY</string>
</map>
