<?xml version='1.0' encoding='utf-8' standalone='yes' ?>
<map>
    <string name="client_static_keypair_pwd_enc">[2,&quot;pyD3W3UMCX1huiFU3w\/t6tQ7Ar6damMHU1pmLo\/CuQlNrrNrWRAV4X5nc4XuKoCNquRmV+MZKjRZf7QljNYzug&quot;,&quot;VqOOYDSYtC1pi4E4evixbg&quot;,&quot;4VplUg&quot;,&quot;1+z6sBGL\/V3PQJVD5u0Rmg&quot;]</string>
    <long name="client_static_keypair_enc_success" value="4" />
    <boolean name="can_user_android_key_store" value="true" />
    <string name="client_static_keypair_enc">[0,&quot;n2+mK3kA\/a0H8CwqEZNevkRLqm5f2cm+S3WF2Fm1Fds60gXwlSJbtH4sAsGiN2f7qa5\/uImHKVuH99FCZ7HuV1VpGQ764gRgxZqo33rkSLU&quot;,&quot;OatAekFQIB1krrUF&quot;]</string>
    <string name="server_static_public">M9brfa5ZRYf0eVsT7CQ+yBPOzEQO/eZ37RoA6DpvHFo</string>
</map>
