<?xml version='1.0' encoding='utf-8' standalone='yes' ?>
<map>
    <string name="client_static_keypair_pwd_enc">[2,&quot;bytyVeufFGkE0gRwxThvc8sjpLR5QqzbfhXmAlTY8pIlLfrmt1jC8iYujC51MCjXMfnRp1wdcjzLdCGn54gcVw&quot;,&quot;S\/51zAJQzAkGT96RbfvPkg&quot;,&quot;+vkwhA&quot;,&quot;2wMFHa0E5hfmpkmagZxY2w&quot;]</string>
    <long name="client_static_keypair_enc_success" value="11" />
    <boolean name="can_user_android_key_store" value="true" />
    <string name="client_static_keypair_enc">[0,&quot;LhcEHXQYmJbPnhiq1inod85t65k4EaE6uh1kftiMDJA7I9uiPYso9s5c+Wxwpgc+sgFmRbMGxt7zB3FTsv3x23DvcOgNj1JOvQYogI184cY&quot;,&quot;Me9uH2ci250SqfwE&quot;]</string>
    <string name="server_static_public">M9brfa5ZRYf0eVsT7CQ+yBPOzEQO/eZ37RoA6DpvHFo</string>
</map>
