<?xml version='1.0' encoding='utf-8' standalone='yes' ?>
<map>
    <string name="server_static_public">qJWvSttNopqgQ2CgXYTc4jmSUKWd1Rv2QTMbQyYpKwY</string>
    <long name="client_static_keypair_enc_success" value="23" />
    <string name="client_static_keypair_enc">[0,&quot;TaB9UKUfQvn6BmdacbgawOZkCXPvYC3Hg6lqbeGlzKIheOlYznaCEGZpecswljdOEvBg2lqo6awIQswNJQzYLwItfYzEw9TfsmlvD7t77\/M&quot;,&quot;wHhHjBoyJxJRSn45&quot;]</string>
    <boolean name="can_user_android_key_store" value="true" />
    <string name="client_static_keypair_pwd_enc">[2,&quot;P7eI6I9yovIAsqczKwWcfh3TUr9OdHUdZv+PbbGorGKP7uCgVto1oC7SY3Y2G\/monezwJMUxwSlHZp44jaYYOw&quot;,&quot;+FINO7iii9leRQCkCuz3zA&quot;,&quot;tENHYw&quot;,&quot;SLt4jppHYkAjTaDKcnfRCg&quot;]</string>
</map>
