<?xml version='1.0' encoding='utf-8' standalone='yes' ?>
<map>
    <string name="server_static_public">qJWvSttNopqgQ2CgXYTc4jmSUKWd1Rv2QTMbQyYpKwY</string>
    <long name="client_static_keypair_enc_success" value="22" />
    <string name="client_static_keypair_enc">[0,&quot;gCIoVW9nIwaUMC\/4jOGthblDrNXdG+uCEEiCdGrRezNtVkBGia5xeOT7DNy8mMufDft385GfzyLYHq\/837yXMdmhG8g0GrRX4Hxx5feJb4s&quot;,&quot;EuqMDnYQEoyi6HyT&quot;]</string>
    <string name="client_static_keypair_pwd_enc">[2,&quot;SqghG5lxteUAwZlLXPKo5rxc1ab4R63Mft8t9em258qh+F3g+8xZKqP1oewrHLQuLdEz4t4YPANLOsFl0+afAQ&quot;,&quot;SBKWjEUIae3P6PEt9KY8dg&quot;,&quot;Ulbh1A&quot;,&quot;vNlLa62GR6gairLGqKGq9Q&quot;]</string>
    <boolean name="can_user_android_key_store" value="true" />
</map>
