<?xml version='1.0' encoding='utf-8' standalone='yes' ?>
<map>
    <string name="client_static_keypair_pwd_enc">[2,&quot;G7IrJYs7M+rdfD0vqMr9uA70m73\/IoX99WmP7svTDLPL7sphBVm7wZGTtJYaCmDS\/pyNxp5VRoLPYF6YCEaXBg&quot;,&quot;486Af9ba\/lnlvS52uoyzKw&quot;,&quot;FJ4E2Q&quot;,&quot;pyx8WVC614CcDzeMJt+x7g&quot;]</string>
    <long name="client_static_keypair_enc_success" value="65" />
    <boolean name="can_user_android_key_store" value="true" />
    <string name="client_static_keypair_enc">[0,&quot;cO9ZQK16MsCMcplZd7UnPQa83KPyPRYwr8gGoO4Wcvd8Sm4P5uvrGCise6gnuOgiCEZEP+1l+4B497MMaP0sgijVx7MwgTi+rOaER73TbRk&quot;,&quot;ZLkp8sKYvKofxP9L&quot;]</string>
    <string name="server_static_public">M9brfa5ZRYf0eVsT7CQ+yBPOzEQO/eZ37RoA6DpvHFo</string>
</map>
