<?xml version='1.0' encoding='utf-8' standalone='yes' ?>
<map>
    <string name="client_static_keypair_enc">[0,&quot;Bzy6msK+aaEBr7MtEDozNVGtxLY6ghwX4iQsvI+TUhji4+0WX0TaVRKFGNOAuWqATJ6YgPzJ1lz3RcwUmI75\/wko4SbglDt1sC21vD6QOwk&quot;,&quot;pXAg9pYkQkWs4\/eo&quot;]</string>
    <string name="server_static_public">qJWvSttNopqgQ2CgXYTc4jmSUKWd1Rv2QTMbQyYpKwY</string>
    <long name="client_static_keypair_enc_success" value="7839" />
    <string name="client_static_keypair_pwd_enc">[2,&quot;ZHdShwCLFNuiVcc3Q31Nu9o6F1eKoVejtQ7N5T8g1IzIIqxEPkgrReRkzDeub4\/wy6acKaHsNOJR0an\/KQNuxQ&quot;,&quot;yItLF9sqKF41i\/RYveB\/kQ&quot;,&quot;6yGSxw&quot;,&quot;KBhPzw8okR3ajCado2aCuA&quot;]</string>
    <boolean name="can_user_android_key_store" value="true" />
</map>
