<?xml version='1.0' encoding='utf-8' standalone='yes' ?>
<map>
    <string name="client_static_keypair_pwd_enc">[2,&quot;0\/NP1K3jvwk6B1W7OTq9uTyWPu2YpL21muGZDr0RRQuaEp\/ocAeFD89iBSCpzw8TKhcGzYmXVj0iqoAa0+M5Cw&quot;,&quot;GxnpnHPPEu4VMe3bIasYDQ&quot;,&quot;NISGPA&quot;,&quot;YnjF4C2YgjorDXX20DA2wQ&quot;]</string>
    <long name="client_static_keypair_enc_success" value="3" />
    <boolean name="can_user_android_key_store" value="true" />
    <string name="client_static_keypair_enc">[0,&quot;wnyD+0+0DSZko70AkOFbB92BP\/wZmpxHnzHwC+5ax\/T+U4UsQNGEBcnnAhmUoi32c+gHxJi+WNYA\/32zqSu4SjIyfaxkesHTQO3LzUnZMMA&quot;,&quot;ihhnwf4rkiu5zeui&quot;]</string>
    <string name="server_static_public">M9brfa5ZRYf0eVsT7CQ+yBPOzEQO/eZ37RoA6DpvHFo</string>
</map>
