<?xml version='1.0' encoding='utf-8' standalone='yes' ?>
<map>
    <string name="client_static_keypair_pwd_enc">[2,&quot;q0kqV4SyDaQ\/YGs20XJUoVPy9tCMnNaFzT6EajJfTIvEnd8ngi5UKTnELySwVAMfHFREKSDY623qzBt\/eHtn4A&quot;,&quot;3U916BYLvouv+4ZbM8g7Ag&quot;,&quot;Q20tpQ&quot;,&quot;FpBCxxqdkDAGWCQ\/Hex8Rw&quot;]</string>
    <long name="client_static_keypair_enc_success" value="39" />
    <boolean name="can_user_android_key_store" value="true" />
    <string name="client_static_keypair_enc">[0,&quot;GerIq8Lw6SaggmhLBN58Ocw9V5I0zbaUOAOxegnGyobWYtUTRHm1O+M\/V3U074rEY+Rt89I9DtenLRUHA57qegEN6iApF72MLLtjzSp+\/R8&quot;,&quot;lpCKAI4Fu7LWdSU\/&quot;]</string>
    <string name="server_static_public">qJWvSttNopqgQ2CgXYTc4jmSUKWd1Rv2QTMbQyYpKwY</string>
</map>
