<?xml version='1.0' encoding='utf-8' standalone='yes' ?>
<map>
    <string name="client_static_keypair_pwd_enc">[2,&quot;sugvYX22O\/aHjWD\/rRA5M4mfSa6zJr709rVcokbqj5Rn1yil+ugdT5SfKJLyHdhrZjAUsu0CiOyqynj0fFC81A&quot;,&quot;J5r3UEfLeu3+L3f33deFkg&quot;,&quot;4Xvq\/A&quot;,&quot;27X\/i3iB9MmGnA58ekAE1w&quot;]</string>
    <long name="client_static_keypair_enc_success" value="373" />
    <boolean name="can_user_android_key_store" value="true" />
    <string name="client_static_keypair_enc">[0,&quot;xBnSwx8tulnaQqqv08nXOLRslETRZLUhKjR27u3tZxp3GB1UScCejKItLXc3pdbVrcaik6RA7wXsl7iv17j+DCjmtdP\/vCoXDl8c7g0FHmc&quot;,&quot;l\/cKXfbtr3eI8G4u&quot;]</string>
    <string name="server_static_public">M9brfa5ZRYf0eVsT7CQ+yBPOzEQO/eZ37RoA6DpvHFo</string>
</map>
