<?xml version='1.0' encoding='utf-8' standalone='yes' ?>
<map>
    <string name="com.whatsapp.registration.RegisterPhone.phone_number">4322017018</string>
    <int name="com.whatsapp.registration.RegisterPhone.country_code_position" value="-1" />
    <int name="com.whatsapp.registration.RegisterPhone.verification_state" value="0" />
    <string name="com.whatsapp.registration.RegisterPhone.input_phone_number">(432) 201-7018</string>
    <int name="com.whatsapp.registration.RegisterPhone.phone_number_position" value="10" />
    <string name="com.whatsapp.registration.RegisterPhone.input_country_code">1</string>
    <string name="com.whatsapp.registration.RegisterPhone.country_code">1</string>
</map>
