<?xml version='1.0' encoding='utf-8' standalone='yes' ?>
<map>
    <string name="client_static_keypair_pwd_enc">[2,&quot;GB6YJadqyts4+9OoSms8vJwpxFzxt8qC7bm5bd87BpYSXbpGk0206oKXJVGP+gXE7ZK2ab5ifNpTDDtoKH01Wg&quot;,&quot;Zm4m8rjEPZoH8XK7oMoPww&quot;,&quot;ztijlg&quot;,&quot;rpGPAClGmhBem43Qj3ANSw&quot;]</string>
    <long name="client_static_keypair_enc_success" value="2" />
    <boolean name="can_user_android_key_store" value="true" />
    <string name="client_static_keypair_enc">[0,&quot;TNWu8Qyr7xJCM+y8FA2YwP57wNp96J5k5ZO8ZVIL7L\/\/K3HZiI9\/qvXP84pPoFIQBCwH3YbjWc715WqMeukGeJSopC2tnfoSbN3UmKqq51Q&quot;,&quot;qNsdAgTOncKLH1SH&quot;]</string>
    <string name="server_static_public">qJWvSttNopqgQ2CgXYTc4jmSUKWd1Rv2QTMbQyYpKwY</string>
</map>
