<?xml version='1.0' encoding='utf-8' standalone='yes' ?>
<map>
    <string name="client_static_keypair_pwd_enc">[2,&quot;XiGrBDCGi8N0gGyGTL9cDoRRxB9AUwisASDyXlc1wWPfSbEhcjCXqodaKL05e1kxoXSbz1jhwS4jOtcSOpLTVA&quot;,&quot;pJXzVrUVKlAZTJQywlcfBg&quot;,&quot;BCUsTw&quot;,&quot;DGuLccTblvDTrWbwTPdC+A&quot;]</string>
    <long name="client_static_keypair_enc_success" value="4203" />
    <boolean name="can_user_android_key_store" value="true" />
    <string name="client_static_keypair_enc">[0,&quot;dgG2qPhLF9161D1LsKsbtLxv5O\/\/fToejC9EttnX1Ga15R3ijamumkemyaiR4P\/6f6rx6hKwr+UfbAukIYVDGWa2dj8mgYFa0RgHlybZEC8&quot;,&quot;caI5kGzPIkMC5zNW&quot;]</string>
    <string name="server_static_public">qJWvSttNopqgQ2CgXYTc4jmSUKWd1Rv2QTMbQyYpKwY</string>
</map>
