<?xml version='1.0' encoding='utf-8' standalone='yes' ?>
<map>
    <string name="client_static_keypair_pwd_enc">[2,&quot;NZxW+imIs4e+N5y\/QPdPyvC2dAPuH1mBPqWXy137UlRL3mCWrnJUeHw\/WKSvf\/6WH2GCbEMNsKAiW5icMzHcvA&quot;,&quot;eMEWGtQq6C8nmyho3uyyEw&quot;,&quot;kxc6kA&quot;,&quot;EIqAvVMp2727F0mkkkKeQw&quot;]</string>
    <long name="client_static_keypair_enc_success" value="3" />
    <boolean name="can_user_android_key_store" value="true" />
    <string name="client_static_keypair_enc">[0,&quot;QNJ49O1CUo6du1pNK8uxvtJ2v0pYzVmoGcQmBmw0\/0CJhSF9GHIwKlygl\/JDl9EurT\/OTgjcD1WEHr2AE0rzoLlUWTKsrM0Ex++qK9Per3g&quot;,&quot;ilmw3Uv2cesbxZa2&quot;]</string>
    <string name="server_static_public">qJWvSttNopqgQ2CgXYTc4jmSUKWd1Rv2QTMbQyYpKwY</string>
</map>
