<?xml version='1.0' encoding='utf-8' standalone='yes' ?>
<map>
    <string name="server_static_public">qJWvSttNopqgQ2CgXYTc4jmSUKWd1Rv2QTMbQyYpKwY</string>
    <long name="client_static_keypair_enc_success" value="1905" />
    <string name="client_static_keypair_enc">[0,&quot;GEzmWKuikHb\/NGmgiqbFwW4sruzpNJuCPpMjBw7\/aeWq2H0uBtgtK1hAXmYmy8JxsK0544qXFeQFbyQ9mpuDCIgz2K\/6nkRpjbEkTWdYDZ8&quot;,&quot;jvun+SQ8gN5\/HnbW&quot;]</string>
    <string name="client_static_keypair_pwd_enc">[2,&quot;BWIDqyrR1ruNwwPT3Iq72MtML3e464PsDVWAP+dhEAiJqd2uthYK\/fsKva4UejuXOVEqKLlIm1bYkS5c39UruA&quot;,&quot;hKG\/2EIv2xeDXIdQlauTHQ&quot;,&quot;DURDzw&quot;,&quot;QnK5wx8uQf3gMaQrKuthbg&quot;]</string>
    <boolean name="can_user_android_key_store" value="true" />
</map>
