<?xml version='1.0' encoding='utf-8' standalone='yes' ?>
<map>
    <string name="client_static_keypair_pwd_enc">[2,&quot;ZFwW9jHA4EF6dAkPS+ZbDaMMbTqfB3uZVEvHDt4RCFVqP\/FfVIDMfhivoDUzE6mjVYfibkQQkq39EYZkaMeV\/Q&quot;,&quot;ZXp4mxfJ4PT7\/gmNKKwtog&quot;,&quot;gWZ78w&quot;,&quot;MHfUI0a5nuoQuf32TMGgmQ&quot;]</string>
    <long name="client_static_keypair_enc_success" value="25" />
    <boolean name="can_user_android_key_store" value="true" />
    <string name="client_static_keypair_enc">[0,&quot;Fv9\/LwXFe0GoVWLnGSMwKwRLLxwumK+30FtpsAtC4sts3U3y6+N2CcigNb4EdR0jMcRlo++6Mj7MKSJZThrFcz9s0vjM5jSfiVWSJYmN+KM&quot;,&quot;iZwut8AwJd4OgRdq&quot;]</string>
    <string name="server_static_public">M9brfa5ZRYf0eVsT7CQ+yBPOzEQO/eZ37RoA6DpvHFo</string>
</map>
