<?xml version='1.0' encoding='utf-8' standalone='yes' ?>
<map>
    <string name="client_static_keypair_pwd_enc">[2,&quot;GAHMtmNv47PwUFJabfA1VESnByPKKnmAqygo8r21VWJRch+FjFrqXmgeggljSW98tbShpymP9dnRWa74EmibMA&quot;,&quot;+LO59m\/7Juof\/nXpFM8W4w&quot;,&quot;1urBwA&quot;,&quot;u8GmvSOlk6gOY8zGJ4\/w5A&quot;]</string>
    <long name="client_static_keypair_enc_success" value="25" />
    <boolean name="can_user_android_key_store" value="true" />
    <string name="client_static_keypair_enc">[0,&quot;5tB3iW4umPu38eW+UlUJvfpmJmqxDSW8l7nMnd0JKfKuqTBzoFTUTZf1rBNQ2H6w5sIQqIn3c4E\/cmWkdlEIxXU5JMNsvNadaqN\/92JBCEk&quot;,&quot;VWxKlvzn7I+4tZsQ&quot;]</string>
    <string name="server_static_public">M9brfa5ZRYf0eVsT7CQ+yBPOzEQO/eZ37RoA6DpvHFo</string>
</map>
