<?xml version='1.0' encoding='utf-8' standalone='yes' ?>
<map>
    <string name="client_static_keypair_pwd_enc">[2,&quot;0j9mecDMJNoWLV47jklVGn7t5qBrfQ\/FlNKlV2estEX6rCrY4VpNl8D7C\/gySrnKNfooBaMn+4cSyqx3izeSVA&quot;,&quot;tz766Mr+72MXgk9lpXofZw&quot;,&quot;HHQqtw&quot;,&quot;Xx3pT2mGvKC8LS8B0ZXYaw&quot;]</string>
    <long name="client_static_keypair_enc_success" value="352" />
    <boolean name="can_user_android_key_store" value="true" />
    <string name="client_static_keypair_enc">[0,&quot;PKfHD8R9\/hpA7tCV6Tf+BBC5WVsw0j2TTYXjzR5e+sdxe8FH9a1jWFiP2rWs3t8w1TMZwKs1Ve5VoJejc833rQ4xUUMDO5o3RloPzm0V\/jE&quot;,&quot;8Qt0HZFjBtX3Lcpm&quot;]</string>
    <string name="server_static_public">qJWvSttNopqgQ2CgXYTc4jmSUKWd1Rv2QTMbQyYpKwY</string>
</map>
