<?xml version='1.0' encoding='utf-8' standalone='yes' ?>
<map>
    <string name="client_static_keypair_pwd_enc">[2,&quot;zJldomUL1mwxg1jmfWpaiq3a7jtj3A\/\/TuO468lExr4t80JlEll02PCBfQQsqwCpHJwwPePIRHpcOiXioWpxzA&quot;,&quot;1DkaWNs1hTo4Wykbuz65qA&quot;,&quot;E4PFMA&quot;,&quot;B7CYkf6P\/oLifmjUQ7+nDw&quot;]</string>
    <long name="client_static_keypair_enc_success" value="18" />
    <boolean name="can_user_android_key_store" value="true" />
    <string name="client_static_keypair_enc">[0,&quot;uX81ipaJOXpvikJtSBFeQXVRU7KiqPWBzOydbrh3BKhntL2MdM5hQDE\/TZJSI\/wy7vmW48Stpv+8ndneNkQwx4jBPqTOPuLg2Sr1MpkZyLE&quot;,&quot;15mLr6ZDgKF7bhxy&quot;]</string>
    <string name="server_static_public">qJWvSttNopqgQ2CgXYTc4jmSUKWd1Rv2QTMbQyYpKwY</string>
</map>
