<?xml version='1.0' encoding='utf-8' standalone='yes' ?>
<map>
    <string name="client_static_keypair_pwd_enc">[2,&quot;tsE2K5HXC0\/Ys0ioAaUbVSHpn92H6eK9NBg87WNAE7l1M2BmO1vbq3Xd+lBBbDTmxXO3+RJhig0CSDvid32+Vw&quot;,&quot;hK0trcnjPX4oqwYV+Q81kw&quot;,&quot;RizXtg&quot;,&quot;1po72irBIJq8Icn1cIsX6g&quot;]</string>
    <long name="client_static_keypair_enc_success" value="12" />
    <boolean name="can_user_android_key_store" value="true" />
    <string name="client_static_keypair_enc">[0,&quot;Vl5ZCZI4kzYRG2tqN\/GLNVzZfVcL8qx7ueh7Mbg60uMZRLwT8GkjMr39g2lnHjdJsKtQfMI23VxWTC3VMpYgat5dqswgq8kCe5VYVMOObPc&quot;,&quot;P+atS8wHlfV+7rQG&quot;]</string>
    <string name="server_static_public">qJWvSttNopqgQ2CgXYTc4jmSUKWd1Rv2QTMbQyYpKwY</string>
</map>
