<?xml version='1.0' encoding='utf-8' standalone='yes' ?>
<map>
    <string name="client_static_keypair_pwd_enc">[2,&quot;WtzQ\/q4ayW3ExpkwosWVqxpqxhmIHFdMoHpIQd27o7XI3OV8ht3ZqlXG\/g7rE+wAPm43+kj1QmSKyVShHYgBag&quot;,&quot;71kqosFaYphfLNJOkzxU+w&quot;,&quot;pIhT7w&quot;,&quot;Kc252gpUzRxN\/VnmRsh\/lw&quot;]</string>
    <long name="client_static_keypair_enc_success" value="88" />
    <boolean name="can_user_android_key_store" value="true" />
    <string name="client_static_keypair_enc">[0,&quot;Zyt7lSVULQyUtGpsdjA63CttWJUvEY0bJ04ORcs7EWXgpsisUtsfCSrVkrQXIDwvcVq29+66PxhHNOofOqFha\/sWhZ76z5Qcjhzl0hKBldo&quot;,&quot;DfZ7X8BXg4eKHvUk&quot;]</string>
    <string name="server_static_public">qJWvSttNopqgQ2CgXYTc4jmSUKWd1Rv2QTMbQyYpKwY</string>
</map>
