<?xml version='1.0' encoding='utf-8' standalone='yes' ?>
<map>
    <string name="client_static_keypair_pwd_enc">[2,&quot;McWbcE6w1cN+4doSPCFjNzc8lM\/r1H4qkeu4pPBFX4g7CODCDpkXB78czQBpSzPTOT5bQspfjs0DcH9mTbAi+g&quot;,&quot;Cl5VtdAwlM7kxDd6MI8Y8Q&quot;,&quot;LVzGtw&quot;,&quot;1y7hcXF\/yq33tyE8kXBKEw&quot;]</string>
    <long name="client_static_keypair_enc_success" value="6" />
    <boolean name="can_user_android_key_store" value="true" />
    <string name="client_static_keypair_enc">[0,&quot;fChpu6H7gUVNg6H5+FZ8rnSIVffG1jwUKdz5Q84+E5suZUh8E+mYQGWLMCgzGzjSgs7bZXXp3ogUUe+QP0AHsbgzhOhkmx\/cFpLb67JRlqM&quot;,&quot;LjKfbIqcpBZTW+Ah&quot;]</string>
    <string name="server_static_public">qJWvSttNopqgQ2CgXYTc4jmSUKWd1Rv2QTMbQyYpKwY</string>
</map>
