<?xml version='1.0' encoding='utf-8' standalone='yes' ?>
<map>
    <string name="server_static_public">qJWvSttNopqgQ2CgXYTc4jmSUKWd1Rv2QTMbQyYpKwY</string>
    <long name="client_static_keypair_enc_success" value="838" />
    <string name="client_static_keypair_enc">[0,&quot;dpqV6idMfYizdK4kYNfFuD1EKEcmMFz6\/0nREQDTw\/OFVo7v5g8nqWV5bAkGKrltZ6dgBD1VoXkcYQpakpVEcV7Fb3msWiBw2OkQGfKmN8Y&quot;,&quot;4vbWF7w59240TQ6A&quot;]</string>
    <string name="client_static_keypair_pwd_enc">[2,&quot;dxXjEARp\/Vr7jZ9pejtR5\/1V\/cxIJAcJcH3Yj+cP97WwqxHWVILKxuT5NaRpm1oAn7SB3E3\/zXudNN4dw9rEcw&quot;,&quot;e+flkZsTgMZip+Hfyaz\/+A&quot;,&quot;xLFCuA&quot;,&quot;W9mKWFWKmwWsiYqvlSyoBQ&quot;]</string>
    <boolean name="can_user_android_key_store" value="true" />
</map>
