<?xml version='1.0' encoding='utf-8' standalone='yes' ?>
<map>
    <string name="server_static_public">M9brfa5ZRYf0eVsT7CQ+yBPOzEQO/eZ37RoA6DpvHFo</string>
    <long name="client_static_keypair_enc_success" value="3" />
    <string name="client_static_keypair_enc">[0,&quot;PvXmCspYXhoZMOz6uPNw9enpyXLqKPynXamXLuLQd19LR8KiFhOg1hI2SgxjMu0wAkib8vRY5ml7rVs8g1iAknyYDMGTmUp+friGTXPnjIY&quot;,&quot;05DVuwxruYe64MEs&quot;]</string>
    <boolean name="can_user_android_key_store" value="true" />
    <string name="client_static_keypair_pwd_enc">[2,&quot;tD4+UL\/UrXvzkGfsGqTjhR205iBGdCjyti35jlunE4QiGJxVf9S+YKiqD4cN6ibK5zqzA1yzZvvyvKcPs6PYdQ&quot;,&quot;dsDKW2YHCf4XLIUJmclOyQ&quot;,&quot;mheHpc&quot;,&quot;FteVrg\/liml\/dU8Zb46Hgg&quot;]</string>
</map>
