<?xml version='1.0' encoding='utf-8' standalone='yes' ?>
<map>
    <long name="client_static_keypair_enc_success" value="5568" />
    <string name="client_static_keypair_pwd_enc">[2,&quot;fPPIi3ppmOwtoPc1gh+bYP0LaeL6+Qh67xHLiNQm9vdKxNFWb7RH5BdyihyR4ioX5QMSUsZluxtV8eQ3KLBw6w&quot;,&quot;1IeMJ5b1oExYjPvTrLrs1A&quot;,&quot;vGA0Fg&quot;,&quot;kHAIsuCg+SF+yhQTTXF\/Nw&quot;]</string>
    <boolean name="can_user_android_key_store" value="true" />
    <string name="client_static_keypair_enc">[0,&quot;xZVB+bIS\/qW9pG+wo7a\/pmR7PjdrHy4iawKhEf5GxGUAcDpaijZ\/qTZoJ\/xfolGoNR6BD6Tpsf+7iUMXpdJk1XxXKKNYhjTJwn5M4IHA\/\/4&quot;,&quot;PCtLlaW0MqBmL+fO&quot;]</string>
    <string name="server_static_public">qJWvSttNopqgQ2CgXYTc4jmSUKWd1Rv2QTMbQyYpKwY</string>
</map>
