<?xml version='1.0' encoding='utf-8' standalone='yes' ?>
<map>
    <string name="client_static_keypair_pwd_enc">[2,&quot;yu4s6C7mNwN9cvLykOg4QlvfMj+6Aj4DyElqt8HABU2vqwTUlaDd92sGdlf\/L+PMTSeEaUm61xmDMndSk7XGTA&quot;,&quot;2ehM8P9WVip1pWFOQUeBmw&quot;,&quot;1xbVkw&quot;,&quot;sgN2olBL\/fDBI5ivOSE9jQ&quot;]</string>
    <long name="client_static_keypair_enc_success" value="1" />
    <boolean name="can_user_android_key_store" value="true" />
    <string name="client_static_keypair_enc">[0,&quot;3P\/V6LgVulLl\/gAjB99jy0qzUa4KBRFvXsAPw4I3e8SlYOaW7X6H55qr4Yue99RZEHTOKmzHX3QhBnTkT7s+oAB1N7RY9vSdHtxGVxbKnB4&quot;,&quot;XK4aDvjYFo6JP+lP&quot;]</string>
    <string name="server_static_public">qJWvSttNopqgQ2CgXYTc4jmSUKWd1Rv2QTMbQyYpKwY</string>
</map>
