<?xml version='1.0' encoding='utf-8' standalone='yes' ?>
<map>
    <string name="client_static_keypair_pwd_enc">[2,&quot;GUB8Hvk4UTDqrSyyMbsd\/mwhQMabslZSQ7wzsvQd++7sF8pHAHhqTFdTPxh+Q2Q7wkd6SCkpxKbWLsmNGgQ0Xw&quot;,&quot;OM76+VedWDRZiS4CEtgq6Q&quot;,&quot;NrJxkg&quot;,&quot;2cEugkiM\/E3L3p0yrSozAw&quot;]</string>
    <long name="client_static_keypair_enc_success" value="55" />
    <boolean name="can_user_android_key_store" value="true" />
    <string name="client_static_keypair_enc">[0,&quot;YxU4JzkLEH6WPaUJIQgm\/go7fyP2HtQZbIpbpDVkq7\/4RfT8eBASv3WJmQoxctC04yhe2taXZx5f9Gmp4qphEJ0rOiFaWnxHP5BWYa6f9Q4&quot;,&quot;jr65APjOwi0MmpBN&quot;]</string>
    <string name="server_static_public">M9brfa5ZRYf0eVsT7CQ+yBPOzEQO/eZ37RoA6DpvHFo</string>
</map>
