<?xml version='1.0' encoding='utf-8' standalone='yes' ?>
<map>
    <string name="client_static_keypair_pwd_enc">[2,&quot;3w+7jU+05vzR1DMiCv+2lKPNmzBtZGM60GDqHHcFgiW8rRofvvVswnfn8MT3PZoYLdio+cxOoSJAKCCpjw3U1g&quot;,&quot;U0nfbkeW+jqI497FWHOMwg&quot;,&quot;qvy5+Q&quot;,&quot;S3AzJ6Zr+++\/ZUXOoflO9A&quot;]</string>
    <long name="client_static_keypair_enc_success" value="191" />
    <boolean name="can_user_android_key_store" value="true" />
    <string name="client_static_keypair_enc">[0,&quot;tSoqdkMO6pUJ1mnwtGadVYa\/CXid6dZvy7oOznM5fZWFqsUF5l88VNOAE5bn8Oi6c8xTjjtobJYqa+Sa\/RkPi2K0iExPP2BBrBtbbN0K3BQ&quot;,&quot;8zFSVQBM2oQReL2E&quot;]</string>
    <string name="server_static_public">qJWvSttNopqgQ2CgXYTc4jmSUKWd1Rv2QTMbQyYpKwY</string>
</map>
