<?xml version='1.0' encoding='utf-8' standalone='yes' ?>
<map>
    <string name="client_static_keypair_pwd_enc">[2,&quot;WIesGiULGfrEOzsP3+fxMqu8vOA3L4ScJ59bSFJPvvFnpUpavWKJ84GAd+ZJtCVxLbFCkxtEa3Tbtssk\/KcqdA&quot;,&quot;DmS+4OgjhBBudSznj2NHCg&quot;,&quot;8ln2kg&quot;,&quot;+fWYPSphWFnzaX3jloBlKg&quot;]</string>
    <long name="client_static_keypair_enc_success" value="101" />
    <boolean name="can_user_android_key_store" value="true" />
    <string name="client_static_keypair_enc">[0,&quot;IG2KGr39hJK6XTlA\/axUwQOh4WvYIn7mAjOWTOGxgczvNaruEcgx2D7u4SyGj0wzA3hGjX3hHUg8R8Q2JIlvWr4rVDbdGpT83BircdMNq3k&quot;,&quot;YWqLSTD4HHYJCIOR&quot;]</string>
    <string name="server_static_public">qJWvSttNopqgQ2CgXYTc4jmSUKWd1Rv2QTMbQyYpKwY</string>
</map>
