<?xml version='1.0' encoding='utf-8' standalone='yes' ?>
<map>
    <long name="client_static_keypair_enc_success" value="15" />
    <string name="client_static_keypair_pwd_enc">[2,&quot;t\/DXd1UfMImXUY6Jdy+MQe3d3QvI6E9RwZIm5CIcOio7YkgM5h370ZZRg3s6btKL0qgqBOIMe0k6O8qND7kg0w&quot;,&quot;BhJ5VYt1lXGj4iSDeHja\/w&quot;,&quot;RIXV8Z&quot;,&quot;El9lQyh7Ew3J5lMFj1y27Q&quot;]</string>
    <boolean name="can_user_android_key_store" value="true" />
    <string name="client_static_keypair_enc">[0,&quot;T93sgcxSxydsrQsUTsrSNqo0n1\/dBUsTaqdf2cOYhRkFdlqVRHoDsHNssvcouPiwQvomU\/2QmXTL71M0jqpjmheRo5IREpZj3cjWOTWEtf4&quot;,&quot;PUGAUuyVzIGuto9j&quot;]</string>
    <string name="server_static_public">M9brfa5ZRYf0eVsT7CQ+yBPOzEQO/eZ37RoA6DpvHFo</string>
</map>
