<?xml version='1.0' encoding='utf-8' standalone='yes' ?>
<map>
    <string name="client_static_keypair_pwd_enc">[2,&quot;ikFVfwqBaNJbLv7t4xnpc4aNwxFdtpcCl1pMkfGhDvZLrhMW+LAo76SitKpMcmThmJZWaZxliUWRZWGsj52OPw&quot;,&quot;8vMy5QRYkMD7T\/b8hMU3bg&quot;,&quot;Cp3rJQ&quot;,&quot;Hm3IzGaUJiZ+xwfZWuyIwg&quot;]</string>
    <long name="client_static_keypair_enc_success" value="72" />
    <boolean name="can_user_android_key_store" value="true" />
    <string name="client_static_keypair_enc">[0,&quot;Tze85lJjdRvSWTJJKUP21zBLzl3jwKupaVQo66YK6MbtCR+wqriyJXlzQDzxnt0WaMpB5BlPHiS4JargObNN6i9t25H18IPpsJHBldfWtho&quot;,&quot;FXtLN7tHLnfHuzix&quot;]</string>
    <string name="server_static_public">qJWvSttNopqgQ2CgXYTc4jmSUKWd1Rv2QTMbQyYpKwY</string>
</map>
