<?xml version='1.0' encoding='utf-8' standalone='yes' ?>
<map>
    <string name="server_static_public">qJWvSttNopqgQ2CgXYTc4jmSUKWd1Rv2QTMbQyYpKwY</string>
    <string name="client_static_keypair_enc">[0,&quot;02WXdJ920mAeong3FWju6\/yB6f04zQwxg2n5eVuqtJUo2\/UtUib5EHn6SeY2XGDNBgsMNe39hlHxJzBAz66i0zaV243f3RwKlcDMxgEoIsw&quot;,&quot;zyemTa6wBGceayUk&quot;]</string>
    <long name="client_static_keypair_enc_success" value="4" />
    <boolean name="can_user_android_key_store" value="true" />
    <string name="client_static_keypair_pwd_enc">[2,&quot;y4bh4Fak6kTUf+1vd7dFOdVxKuxCjj7d8r+5FerTcDJ4lFsLO\/DxLTf\/svMv34gCc\/19o44G4Mna7b5vxPWXqQ&quot;,&quot;qS03U2OqalS808OR3GLWzw&quot;,&quot;HgXiuQ&quot;,&quot;IUHQtrzLi9XRy7xgxrZwcg&quot;]</string>
</map>
