<?xml version='1.0' encoding='utf-8' standalone='yes' ?>
<map>
    <string name="client_static_keypair_pwd_enc">[2,&quot;pg576KbwVGrX\/iaCp1caUZHtthvyD0HWnIQKVFZ0lpLmxERAVszDUid4KJiOm4CbBIMFsT7hv9wKaa1IdJU0Ag&quot;,&quot;lDCBCtzpwtupINg0b+2qsA&quot;,&quot;cFUzgQ&quot;,&quot;pK\/MWJo9yWfsV0TlCd9Qwg&quot;]</string>
    <long name="client_static_keypair_enc_success" value="7" />
    <boolean name="can_user_android_key_store" value="true" />
    <string name="client_static_keypair_enc">[0,&quot;NfCf3YFidpiM8nMICsPfVD6\/j1Ug29nTE3O5VXaufpv4YZvk\/\/GFYcZeooa7UGKKq+wRy4SbTaFlJubE737lZRFDRPSPyXX20Uputx2pEw4&quot;,&quot;J9kiZLyY+86RiTzd&quot;]</string>
    <string name="server_static_public">qJWvSttNopqgQ2CgXYTc4jmSUKWd1Rv2QTMbQyYpKwY</string>
</map>
