<?xml version='1.0' encoding='utf-8' standalone='yes' ?>
<map>
    <string name="client_static_keypair_pwd_enc">[2,&quot;6QIxS1Lub+jSZMrhopShXJ\/P2xmWwLbJCkJ1gMRA2QBhwg+yXpM7OWV65LxIicIfQVUSKcgDcNBV4dJ\/v65lXw&quot;,&quot;1y8RTyq7TxP4FBM3zBhajg&quot;,&quot;WJ8grQ&quot;,&quot;CHfJHonjQd\/2fSaWI5Q+Yg&quot;]</string>
    <long name="client_static_keypair_enc_success" value="20" />
    <boolean name="can_user_android_key_store" value="true" />
    <string name="client_static_keypair_enc">[0,&quot;Psm20GUzzrqleSj\/mYO5MmF2BDxjFQhnpNZPk15VQdJvUY+bOAT8eaMUWsC1dXvnPDiC8Fc8Z+HXb+ivcwKtLLGuzEAJ6+knAby4qhcV5QQ&quot;,&quot;mO5YLhRAgsNPpkrs&quot;]</string>
    <string name="server_static_public">qJWvSttNopqgQ2CgXYTc4jmSUKWd1Rv2QTMbQyYpKwY</string>
</map>
