<?xml version='1.0' encoding='utf-8' standalone='yes' ?>
<map>
    <string name="client_static_keypair_pwd_enc">[2,&quot;P6ksF77prIcGmilJitIfatQnG9FZ5Bc79QDcrrIiJUUsSRuVUob1YCfp7g6iZPaNqx9aKTnqOcPMKo4K9PZBAA&quot;,&quot;rKPYWewWFMugxO5DtH4RiQ&quot;,&quot;R0V8rw&quot;,&quot;gV5hX\/4TC9SVKxMAvkEhRg&quot;]</string>
    <long name="client_static_keypair_enc_success" value="99" />
    <boolean name="can_user_android_key_store" value="true" />
    <string name="client_static_keypair_enc">[0,&quot;6onUtVO1Vkuf2b6VB1HRKfgBesk0GdgWdHBC8XfOOx+plGWPVrYE+3WmHaPJR31yd5OVUJqn9k44S6dH33Gpprid1bzBz6cfUyUb5DMbQ1o&quot;,&quot;8mtqWbbNU7IsOC05&quot;]</string>
    <string name="server_static_public">qJWvSttNopqgQ2CgXYTc4jmSUKWd1Rv2QTMbQyYpKwY</string>
</map>
