<?xml version='1.0' encoding='utf-8' standalone='yes' ?>
<map>
    <string name="client_static_keypair_pwd_enc">[2,&quot;fNTKZcn20IUWTheCbARapxeDZ+B0REblsufMQsgRIRwKx4\/FW5O5\/dLfhVvp7CP4n+7QI1vvgC5JrxGSmsEaKA&quot;,&quot;68S3nx8xV2k2sKqXKdDIjQ&quot;,&quot;1EVXew&quot;,&quot;+XfKIBLxKp6eClnBB9KXsg&quot;]</string>
    <long name="client_static_keypair_enc_success" value="39" />
    <boolean name="can_user_android_key_store" value="true" />
    <string name="client_static_keypair_enc">[0,&quot;UJtgBLxOYZyV4ganuzuehEw91XUvAl6kKzIyGs6qdGKFL303ScgolhKDemo9dl9QMuw6fBk4ZWn7dJ6JEwoO4RtmK3UyrcU4hEMNEALb2js&quot;,&quot;oMUXAok9kzXMuL9\/&quot;]</string>
    <string name="server_static_public">M9brfa5ZRYf0eVsT7CQ+yBPOzEQO/eZ37RoA6DpvHFo</string>
</map>
