<?xml version='1.0' encoding='utf-8' standalone='yes' ?>
<map>
    <string name="client_static_keypair_pwd_enc">[2,&quot;1aE7TiWDeKYBB4di3UX9+I9TkPm3L8R01bMYe2FnzrlJ6KpO\/COsRTeEAI3jgdypQ+Y2\/1y+6La4tglxkouE5Q&quot;,&quot;cmQfHj5CpB+HxOLtzkEWrQ&quot;,&quot;RBPAYC&quot;,&quot;kVu6vEXPQA4mWmH3Qf7ajw&quot;]</string>
    <long name="client_static_keypair_enc_success" value="277" />
    <boolean name="can_user_android_key_store" value="true" />
    <string name="client_static_keypair_enc">[0,&quot;1y3GAmdQ3azpNGQzga3A2\/h2yxo24aYVuNsm87Vhm\/eh\/Ok7CpMzyIAStpGTNqcCVfP+89LWxOva4j71jmi56BE1GPQLaTZityy333aCrKE&quot;,&quot;Ux1pWXNDwQsaitvv&quot;]</string>
    <string name="server_static_public">M9brfa5ZRYf0eVsT7CQ+yBPOzEQO/eZ37RoA6DpvHFo</string>
</map>
