<?xml version='1.0' encoding='utf-8' standalone='yes' ?>
<map>
    <long name="client_static_keypair_enc_success" value="5" />
    <string name="client_static_keypair_enc">[0,&quot;nNmBGSv0Te+StTFZr+CDKpw8s0Hycejuh7IqbzTKaUDbPY6G5yugMl2WBJbPewEFSxb7FPNexzlsG6Gf5YYj0E7GcBX1XjUgYQP+hd2rDaE&quot;,&quot;BZk0r80d4MpAug4j&quot;]</string>
    <string name="server_static_public">M9brfa5ZRYf0eVsT7CQ+yBPOzEQO/eZ37RoA6DpvHFo</string>
    <boolean name="can_user_android_key_store" value="true" />
    <string name="client_static_keypair_pwd_enc">[2,&quot;ZPz8a8\/8iVmc4n4YL5q9zGBW8tZaBRxzXeA1Y9bdihFEmcfPi0\/WUIrkMEDLnsqzItwCAbnqrpn3szS4CoebPQ&quot;,&quot;8CZu7iAkix3P4sM5XeY5LA&quot;,&quot;CU0G0w&quot;,&quot;HjC\/Lz0BiiyRZ5Cgqb\/0Yg&quot;]</string>
</map>
