<?xml version='1.0' encoding='utf-8' standalone='yes' ?>
<map>
    <string name="client_static_keypair_enc">[0,&quot;s1cxhpnnM\/CCqCeJipaCqoCYGyCWGv1CHamrT\/\/sPX\/dn3W\/eVFGCSLLXjBD50JMUWagXCL49y9B1M5hBiANzwElztvCi9nI\/W\/\/EbFEzno&quot;,&quot;aCXtBkep5xdFHfF8&quot;]</string>
    <long name="client_static_keypair_enc_success" value="6062" />
    <string name="server_static_public">qJWvSttNopqgQ2CgXYTc4jmSUKWd1Rv2QTMbQyYpKwY</string>
    <boolean name="can_user_android_key_store" value="true" />
    <string name="client_static_keypair_pwd_enc">[2,&quot;qG72\/Iw5mLSYcUr6iUp9zk2KrvBoV2QRerdW4DydBxrREHM9HrzmA+IWUZa4OOFnd1EnWLIZOa3dviMJiDxCEA&quot;,&quot;1MP9qSp4x2gIB3PgicEF\/Q&quot;,&quot;Hgy8sg&quot;,&quot;RV\/guoNOphL+L+0oarJoqQ&quot;]</string>
</map>
