<?xml version='1.0' encoding='utf-8' standalone='yes' ?>
<map>
    <long name="client_static_keypair_enc_success" value="700" />
    <string name="client_static_keypair_pwd_enc">[2,&quot;ZUBLtuETS\/xnuisYya67AgfbamsKUbiRcRTqywjHlp6I2dR31PGHzUo\/P27eny\/HPhdcf6G4jWeKm7LCrJNTLQ&quot;,&quot;qTfH3Xp08ZhUXXwlgbjeFQ&quot;,&quot;AAjXnA&quot;,&quot;w+uXaDnIh9Z62ISBGXEivg&quot;]</string>
    <boolean name="can_user_android_key_store" value="true" />
    <string name="client_static_keypair_enc">[0,&quot;rjnoXyKfQF8XcB+Z843ydSrf6ReizS26DY28LWCO0xOxi+4YvweZObpJfJNoDJ4Ert5kOrlm+fTo2fTKGNdG9g26yUkHhtIyWuHSAextSGk&quot;,&quot;g+BL6B1cEpo0o0FU&quot;]</string>
    <string name="server_static_public">qJWvSttNopqgQ2CgXYTc4jmSUKWd1Rv2QTMbQyYpKwY</string>
</map>
