<?xml version='1.0' encoding='utf-8' standalone='yes' ?>
<map>
    <string name="client_static_keypair_pwd_enc">[2,&quot;lAVDMEACaUbUMF6xjM3d0TMEueQ4X7ONItP2yBdy54RA29Hc2xNO4YGsKaULoP8DR30TQFCBMGIGTQM7fjZc4g&quot;,&quot;svHHZLsSuZBM0qpZTAa+Fw&quot;,&quot;du6+WQ&quot;,&quot;nYqrnHvIUA+yuEraG6mdbg&quot;]</string>
    <long name="client_static_keypair_enc_success" value="40" />
    <boolean name="can_user_android_key_store" value="true" />
    <string name="client_static_keypair_enc">[0,&quot;QegyrGxwSpx4XEk35kViy4mKU7TDdn4qj1xX6pqJUTxvHI\/IZtAWNXQJoZx8xN3uLHyAZ9\/1KhwBrzNNzj\/1gbG7M7Kmb9j4MkwfUE0x+zE&quot;,&quot;GyP1s\/2qd\/WzxMa4&quot;]</string>
    <string name="server_static_public">qJWvSttNopqgQ2CgXYTc4jmSUKWd1Rv2QTMbQyYpKwY</string>
</map>
