<?xml version='1.0' encoding='utf-8' standalone='yes' ?>
<map>
    <long name="client_static_keypair_enc_success" value="49" />
    <string name="client_static_keypair_enc">[0,&quot;5Z650r9USiNMi\/oHEjDVjf7vOT8t+W8qCVtgf8tL8DjQGCKp\/duzOGLErvU8uGNqQtdk8J6QD63rUPWhsMxDNaCSRkb0q1Utsj\/8iYI+63c&quot;,&quot;Uki\/qM0MsmVFQ9LU&quot;]</string>
    <string name="server_static_public">qJWvSttNopqgQ2CgXYTc4jmSUKWd1Rv2QTMbQyYpKwY</string>
    <string name="client_static_keypair_pwd_enc">[2,&quot;u+lQbX7NCAhZ6EaDQe5VChF2AWXCwbROUmzeNgBHbHUJHMo2mtz1qNZhq4\/ppXYkXYPrgxlbkrVtYyGYuHyPtw&quot;,&quot;Qkx\/qhSH0vsiP7FbWdbX\/A&quot;,&quot;FU6bew&quot;,&quot;KXTqguibon6Hlw5UqtxT5A&quot;]</string>
    <boolean name="can_user_android_key_store" value="true" />
</map>
