<?xml version='1.0' encoding='utf-8' standalone='yes' ?>
<map>
    <string name="server_static_public">qJWvSttNopqgQ2CgXYTc4jmSUKWd1Rv2QTMbQyYpKwY</string>
    <long name="client_static_keypair_enc_success" value="51" />
    <string name="client_static_keypair_enc">[0,&quot;9b1G0I4wWcYxzLIXV7mqx+1QSDVYsvuXs\/\/pHuKhyV\/KT8Dg+whgNGBIMTrePWgaTSFFLZB23h0ZTH5SPd5B7YO1IAfxYygg\/ON7xJDu5ok&quot;,&quot;JOPXPqPenn4W5nkG&quot;]</string>
    <string name="client_static_keypair_pwd_enc">[2,&quot;\/\/N9b5rRGZDwohAVgYKAYKxhBmQTSS09gYruid7+SgRAVK8DhPIMJxszE9dyjHEFphKJRLNIR6B1z+TFeavnpA&quot;,&quot;lQP2ygpi1wyol9IZ4Lga9w&quot;,&quot;noI5Ox&quot;,&quot;1uNk4qa6fhH5AhKpkdlXHQ&quot;]</string>
    <boolean name="can_user_android_key_store" value="true" />
</map>
