<?xml version='1.0' encoding='utf-8' standalone='yes' ?>
<map>
    <string name="client_static_keypair_pwd_enc">[2,&quot;edf\/hqn9XzdFCYvNUynahFc8VJ26zm9YCYwBBVleSHxTwm2CJ1m0MrrwbdEwW9BAU14+4NjfylTegDMoIFRWWg&quot;,&quot;EiQZIhy3Mh7VK26DUd11sg&quot;,&quot;NQi6cw&quot;,&quot;NGiB\/696ye6bW71pcfkyEQ&quot;]</string>
    <long name="client_static_keypair_enc_success" value="197" />
    <boolean name="can_user_android_key_store" value="true" />
    <string name="client_static_keypair_enc">[0,&quot;\/TC8VkJy1miwcYSiemEu2ShLUVZZoq+gBpEkB4VIettyLBTXnfFOhzWW0CdXfn9gkBfN4XV6YElq+ZPrVS\/uQuCa6R\/qYOJz\/gWH\/2RQMAQ&quot;,&quot;amexlAgz\/LlF6V7d&quot;]</string>
    <string name="server_static_public">qJWvSttNopqgQ2CgXYTc4jmSUKWd1Rv2QTMbQyYpKwY</string>
</map>
