<?xml version='1.0' encoding='utf-8' standalone='yes' ?>
<map>
    <string name="client_static_keypair_pwd_enc">[2,&quot;2V6wLRNllpoqwSakhNIHhEKS8qMHY8ze\/v1h3AlL8e8LIDVvg4mph6EcjF1TO1UYgY0IAz+v\/3CPypjFxRbICg&quot;,&quot;kfG+NTuN\/bIXlbKRqtHMDw&quot;,&quot;C6VLYw&quot;,&quot;9heTbJ6+yyRY1R9r4lQQzw&quot;]</string>
    <long name="client_static_keypair_enc_success" value="11" />
    <boolean name="can_user_android_key_store" value="true" />
    <string name="client_static_keypair_enc">[0,&quot;d\/SJQjKaFMYe58+J0H3GF754H0uKii+wBQDzee1r47cnEhGUHTlvcygp4f2GwLr1mdppZpWcT85s7pSSRE8sivhkBxbIAaMH2QEMvXUHRvE&quot;,&quot;pfF\/+fR2fxnNafhz&quot;]</string>
    <string name="server_static_public">qJWvSttNopqgQ2CgXYTc4jmSUKWd1Rv2QTMbQyYpKwY</string>
</map>
