<?xml version='1.0' encoding='utf-8' standalone='yes' ?>
<map>
    <long name="client_static_keypair_enc_success" value="352" />
    <string name="client_static_keypair_pwd_enc">[2,&quot;xGRmlV76TYGVPYH6t9k8VjlNB7OvImfGTXN4n7GbkvqB6IjtinRaxctDvAhKVfTHf7XqpTsuLxhVTiXP\/Cz7Zg&quot;,&quot;AEB3qXwBl0WLqAyAUEEGRQ&quot;,&quot;sPKp+g&quot;,&quot;QQGvOMrRRJJgHt0NRGd1Aw&quot;]</string>
    <boolean name="can_user_android_key_store" value="true" />
    <string name="client_static_keypair_enc">[0,&quot;6SIlpbx6EtgXT0QaI7DZpFRM\/lGVhvKgn94QO4AEAlRkkZbZxY2BP+hqlOjaX\/eKJiqhwvhlV\/Z\/7lCFYSf9CglsLIld\/j8nuhY8kqU9JZI&quot;,&quot;XA2o0VEiYY6kkasj&quot;]</string>
    <string name="server_static_public">M9brfa5ZRYf0eVsT7CQ+yBPOzEQO/eZ37RoA6DpvHFo</string>
</map>
