<?xml version='1.0' encoding='utf-8' standalone='yes' ?>
<map>
    <string name="client_static_keypair_pwd_enc">[2,&quot;OtU5dlejvm0IYO1GofwRfvjbv\/8Ng+GWRh2A+39j86w\/\/OJVE8G9waYB\/bZqUG1vXnozQkmPUZEHAozyH9fwbw&quot;,&quot;Lp4SBUx11OnLMZqzrgC0NQ&quot;,&quot;yci92g&quot;,&quot;EilRKxvm5Hh7nKurwgQTVg&quot;]</string>
    <long name="client_static_keypair_enc_success" value="4" />
    <boolean name="can_user_android_key_store" value="true" />
    <string name="client_static_keypair_enc">[0,&quot;+PoJXOMsfwkS8nq9asiQWssSodK2OmvXNw\/AFvd8Bk4V9XmJ\/VVrdx0CUvPBmlWkfEA9+djJ1hJbxEvOMc8kk34ETU8RS18sX2rKQZ+h6PE&quot;,&quot;UR29sjvJjKlu69KV&quot;]</string>
    <string name="server_static_public">M9brfa5ZRYf0eVsT7CQ+yBPOzEQO/eZ37RoA6DpvHFo</string>
</map>
