<?xml version='1.0' encoding='utf-8' standalone='yes' ?>
<map>
    <long name="client_static_keypair_enc_success" value="170" />
    <string name="client_static_keypair_pwd_enc">[2,&quot;tXn0YDZBfIfn\/VfoZk\/TDTrXhhBIvPfePsr4wSBsVM9ejbt1qB\/U4FidzOLssduVrMgqBB1DYBLJzkjCkXqz5A&quot;,&quot;Y8eL6z4wO+obHU8zbgNQDQ&quot;,&quot;Pm0GZQ&quot;,&quot;l2A0PKBlhNXSU0E7qXmRPA&quot;]</string>
    <boolean name="can_user_android_key_store" value="true" />
    <string name="client_static_keypair_enc">[0,&quot;I2LFf4aiRkDjKuLB4dIiVr3eoWrrKBdQdpfbjwQhWyzA7TFTOkH29gOKqPEAbV9DfLYrOb62ihK3864jARzZJgT+IJ1vvyDQgLpXdOxWafE&quot;,&quot;PVwrogSWTnrlmBPf&quot;]</string>
    <string name="server_static_public">qJWvSttNopqgQ2CgXYTc4jmSUKWd1Rv2QTMbQyYpKwY</string>
</map>
