<?xml version='1.0' encoding='utf-8' standalone='yes' ?>
<map>
    <string name="client_static_keypair_pwd_enc">[2,&quot;H9Z+L5uqww7KAi3G5WaKYNQRaCK8WAQlBWU7LSHt9iagWu\/V3Oo3qC1dZPWRMcgTg4KFBD7hfb\/TXFNqgt5y2g&quot;,&quot;4P59JzEnqSrkWRI5NYuVuw&quot;,&quot;1Ir1Ow&quot;,&quot;EP4fsXhIWxAFbg+ax0DLJw&quot;]</string>
    <long name="client_static_keypair_enc_success" value="2" />
    <boolean name="can_user_android_key_store" value="true" />
    <string name="client_static_keypair_enc">[0,&quot;PjojCaQlStVN0YTcyOPbcxyLjLDLvR6vwI5ReW4nYGcoTxdMisUlCgvl6785K5sVO2\/Ty3wIVALPBAWlRmWI3P+h5HT9+Ms3AyHp90W0sk8&quot;,&quot;L1rP5wFGguykb4x6&quot;]</string>
    <string name="server_static_public">qJWvSttNopqgQ2CgXYTc4jmSUKWd1Rv2QTMbQyYpKwY</string>
</map>
