<?xml version='1.0' encoding='utf-8' standalone='yes' ?>
<map>
    <long name="client_static_keypair_enc_success" value="79" />
    <string name="client_static_keypair_enc">[0,&quot;eZsVLPQ0RfyUoog\/Tp5U0PuCtHmDCpoRw6oUuwi6r+G+XqocT7G8AJ1WaylMNn4C32IigcaxgeW8gdvN6teTwu4nwR4nIgZrLhuDThffN2w&quot;,&quot;feGOrYk3QFGlnrAJ&quot;]</string>
    <string name="server_static_public">M9brfa5ZRYf0eVsT7CQ+yBPOzEQO/eZ37RoA6DpvHFo</string>
    <boolean name="can_user_android_key_store" value="true" />
    <string name="client_static_keypair_pwd_enc">[2,&quot;FhE8l2NaGrR16xUXnA\/jc\/eHu8PGEtNWfLivxP+kOH\/MHSpHxaxFX2kCPrVjFxp\/SMQsqr2U6wZw5olM2ffXOA&quot;,&quot;0truCSe7Ur6nJ7A3OaLm1Q&quot;,&quot;Nl9Hng&quot;,&quot;fAHdIV3YNKXK7clLihOkrg&quot;]</string>
</map>
