<?xml version='1.0' encoding='utf-8' standalone='yes' ?>
<map>
    <long name="client_static_keypair_enc_success" value="51" />
    <string name="client_static_keypair_pwd_enc">[2,&quot;NUKQufTal\/hPATxWyjJ+noUpktau5Uvp6bLmOSw3TGAqU4I9eRFSWO26LeM3YCxUe77A8O8pdzDiEMMgSvNYXA&quot;,&quot;tzWnSkf1PkcV5k\/EORXDXw&quot;,&quot;hgLBhG&quot;,&quot;\/vhQots8FO3q4KGmZAcINQ&quot;]</string>
    <boolean name="can_user_android_key_store" value="true" />
    <string name="client_static_keypair_enc">[0,&quot;pcjcK8iakjP1jD4\/OhjJdWeU4o11d\/mA1V2b7ET8fe+owKQ7G0U+OaYW9VIw6zJwZKgpfhH1uw9u1WbUgXew9zM6\/z06vaxIIOj69Lk6DJA&quot;,&quot;VhmZE1OAwrCieg2h&quot;]</string>
    <string name="server_static_public">M9brfa5ZRYf0eVsT7CQ+yBPOzEQO/eZ37RoA6DpvHFo</string>
</map>
