<?xml version='1.0' encoding='utf-8' standalone='yes' ?>
<map>
    <long name="client_static_keypair_enc_success" value="415" />
    <string name="client_static_keypair_pwd_enc">[2,&quot;NJwB1HXKmCWKdW0s3eM+T9itPSxyKZ8u6c0l8okL2sZpvY7Ow5qrXetGV1W1h7xz3K2ILawvcWUqEFZoa7CfQg&quot;,&quot;84xHb6kJwruN2vTUVg+tBA&quot;,&quot;\/0HqUQ&quot;,&quot;FFNci6NPUYzZyCPbUsNVhQ&quot;]</string>
    <boolean name="can_user_android_key_store" value="true" />
    <string name="client_static_keypair_enc">[0,&quot;HUF5nlwmgqj9hf9ad9otx2gwlXYagZ4tsdbKZ45Uopsm9SEvt68aRi8u7oK8h9vXzWIPoeKlauEpqtqmJ3gFvEUc7SKFpb8NlhkzY7lGVKg&quot;,&quot;md0fmhz4dcNgQDzu&quot;]</string>
    <string name="server_static_public">qJWvSttNopqgQ2CgXYTc4jmSUKWd1Rv2QTMbQyYpKwY</string>
</map>
