<?xml version='1.0' encoding='utf-8' standalone='yes' ?>
<map>
    <string name="client_static_keypair_pwd_enc">[2,&quot;BMpiteHBBsmVllhdKq7vwlEWabEY3dn5GI0HPOezuIZjX9oBpG1obVtblHHHvfEzti26MZ5oBkqYy2QQFGk45Q&quot;,&quot;ghSjPPy0EYttBgr4WvUebg&quot;,&quot;yrIFcQ&quot;,&quot;Tw4LfI3+csvuxnXuFrWjew&quot;]</string>
    <long name="client_static_keypair_enc_success" value="1" />
    <boolean name="can_user_android_key_store" value="true" />
    <string name="client_static_keypair_enc">[0,&quot;\/W9O3cieCADobAebCtd5YiGE9rxKLncsE3YL\/uR4l+Tzmky2OVzneDxxxpvd4h9Sz3vC+RyGjiKy3ARg55Za\/B8p3N4u+c4SIJkabdnbeHw&quot;,&quot;j86aDHba1QNRK9kb&quot;]</string>
    <string name="server_static_public">M9brfa5ZRYf0eVsT7CQ+yBPOzEQO/eZ37RoA6DpvHFo</string>
</map>
