<?xml version='1.0' encoding='utf-8' standalone='yes' ?>
<map>
    <string name="server_static_public">qJWvSttNopqgQ2CgXYTc4jmSUKWd1Rv2QTMbQyYpKwY</string>
    <string name="client_static_keypair_enc">[0,&quot;reuJb8eJtJpc3\/bfGkzen\/EyKzTn5jJm\/fc2KFaRzHQ\/dsfDGadQJvuB6osSo9pNf+BifZ0fuRIlacsE1QERRag8ZA08D6nQxLtzIQPMn4U&quot;,&quot;RUNOnc\/kUJ2vspUi&quot;]</string>
    <long name="client_static_keypair_enc_success" value="28" />
    <boolean name="can_user_android_key_store" value="true" />
    <string name="client_static_keypair_pwd_enc">[2,&quot;ZjS3gpYmfLyVwrvRSDIgtO1VNuovghM8vK1byvs9e+baQafP7+c131NSlcv2l5sHCXRELoMRYjwLvZihZk01oQ&quot;,&quot;EGxddjz\/fvYrHASq68BORA&quot;,&quot;9q2zew&quot;,&quot;BtRkrj49ld6ka59S4VLNaA&quot;]</string>
</map>
