<?xml version='1.0' encoding='utf-8' standalone='yes' ?>
<map>
    <string name="client_static_keypair_pwd_enc">[2,&quot;W+6whnX3fB3DN+v4Uqb70fRzAWZskDXlWdiy0hqy\/s8J9MchEDx2JcQENPAf\/dHPoQdwuznBY22ikBrFy6H30Q&quot;,&quot;BdsjqEUZUCYoPaASDZSPyA&quot;,&quot;WSefzg&quot;,&quot;5DalfBVuOwl5gyP5jT2AyA&quot;]</string>
    <long name="client_static_keypair_enc_success" value="1" />
    <boolean name="can_user_android_key_store" value="true" />
    <string name="client_static_keypair_enc">[0,&quot;H5QuU1X27eIdLZ2hr5xHYnyKWc8jbTyaHQ0TgwcFPX1HiehW+eLIEXZNXD728kM8rYT7K8yJTaT845yl78ZxEennSXkRNf2kmwJR57uPBqk&quot;,&quot;rGeZoN0KN4Ycshmq&quot;]</string>
    <string name="server_static_public">M9brfa5ZRYf0eVsT7CQ+yBPOzEQO/eZ37RoA6DpvHFo</string>
</map>
