<?xml version='1.0' encoding='utf-8' standalone='yes' ?>
<map>
    <string name="client_static_keypair_pwd_enc">[2,&quot;Y0U4\/CUjWEgCIOCSWVqn\/zLWYfpKkhsDyPTwVaXF3NGI\/DFjGseoXHe3ygFfIsXT1tslCi1wzJvn3ECMAEw5Xw&quot;,&quot;\/tILLqz2VVBho0GcunAQ6g&quot;,&quot;d6GSMA&quot;,&quot;OfuhthQuhEZ19ZIPlK+fUA&quot;]</string>
    <long name="client_static_keypair_enc_success" value="163" />
    <boolean name="can_user_android_key_store" value="true" />
    <string name="client_static_keypair_enc">[0,&quot;61m7g4p7tGSDdLXAOP7nAQDMuOnGv3S9hpfqF9y4w3dRczEUWSkG\/y+HXQmJQbmpPU7Qup6QichCFVWSg9KU0mwufAYR+K3IEn87S56dkWI&quot;,&quot;avf9g4F339Im6SFX&quot;]</string>
    <string name="server_static_public">qJWvSttNopqgQ2CgXYTc4jmSUKWd1Rv2QTMbQyYpKwY</string>
</map>
