<?xml version='1.0' encoding='utf-8' standalone='yes' ?>
<map>
    <string name="client_static_keypair_pwd_enc">[2,&quot;ItKqgI0zvMkGiXg7bhiemvIOq72PsFdVr9e\/jDu81KdK4xiRBF4fULzFlko1Vs+zBdqeTyL7riybJUxSceDLNA&quot;,&quot;6HTGtZWI5Z1iASCFuo\/uVg&quot;,&quot;n9PNnY&quot;,&quot;x8k\/OL7kDl9\/m3fkr3tVKg&quot;]</string>
    <long name="client_static_keypair_enc_success" value="9" />
    <boolean name="can_user_android_key_store" value="true" />
    <string name="client_static_keypair_enc">[0,&quot;prT6wO7wFj8kQ+lmp3WlykpTeIY9xsGK2j8YPG1uQxZABKbEgnrjRUR9AxyGYKJ12f6YaQ7gBFVwCRIKxFeV6UghvU7EkLU7shdc6FurO0g&quot;,&quot;nhyULVGF2itfdlPn&quot;]</string>
    <string name="server_static_public">qJWvSttNopqgQ2CgXYTc4jmSUKWd1Rv2QTMbQyYpKwY</string>
</map>
