<?xml version='1.0' encoding='utf-8' standalone='yes' ?>
<map>
    <string name="client_static_keypair_pwd_enc">[2,&quot;e\/TfRx0\/wnCHzmaYgptVTyv3swh3U+WfR3IsxdXaKA3cFLzZO9i5B68BuU9YMUbCd2OPsz9zmMtFP5WxJ6s7kg&quot;,&quot;ybxbM7amzIjAVzoaB5FMjg&quot;,&quot;NDnemg&quot;,&quot;GhjTGWDNApGbSb1tLn1wCw&quot;]</string>
    <long name="client_static_keypair_enc_success" value="1" />
    <boolean name="can_user_android_key_store" value="true" />
    <string name="client_static_keypair_enc">[0,&quot;zefA2eNZVNXLj2d32hwF6BR6mw6FS97NdjkYwbHVNQnFJhGTlAkP7dd3fAwu0I4LHxja2+svvCDKlDN\/\/\/WVwYcARWh\/L0MUFTETBha8SE8&quot;,&quot;NJ3B+5neG5oG0Ide&quot;]</string>
    <string name="server_static_public">qJWvSttNopqgQ2CgXYTc4jmSUKWd1Rv2QTMbQyYpKwY</string>
</map>
