<?xml version='1.0' encoding='utf-8' standalone='yes' ?>
<map>
    <string name="client_static_keypair_pwd_enc">[2,&quot;DqNQIK5zjiE97GFh+YT2Itei\/gVGVVVEGy6tnY7KfA93wtHex7G2JYUtf6Ts3wtj2c2ba3\/x\/MQ74IIutc93Vw&quot;,&quot;Na0RD3tBbtJRjKgbUrFUWQ&quot;,&quot;+sQnrg&quot;,&quot;NB8yjMoC3c3g3Ky2kWWCRQ&quot;]</string>
    <long name="client_static_keypair_enc_success" value="103" />
    <boolean name="can_user_android_key_store" value="true" />
    <string name="client_static_keypair_enc">[0,&quot;ngZBkZJ00zlvJEQSJnh0i5oGv1\/bVOJ2MVhE1rTXt9mHs21g5ufW8LpjSXWo8v6R0ThIMC21KaCMcbtLx3833NXVH2glzBYpNhA9Nw\/C4mQ&quot;,&quot;ec9C7MhDiQq2b0WY&quot;]</string>
    <string name="server_static_public">M9brfa5ZRYf0eVsT7CQ+yBPOzEQO/eZ37RoA6DpvHFo</string>
</map>
