<?xml version='1.0' encoding='utf-8' standalone='yes' ?>
<map>
    <string name="client_static_keypair_pwd_enc">[2,&quot;PLLIZdeyiu9HkP7VhWI65\/qr5hFoDXCKHRQHlWcXBEH+7\/5vI7qFsh6mTLuBVlxm089BdKpRfTrvkqhFLorXvA&quot;,&quot;6QR3Nx8DpgkVR7PNbKKYtg&quot;,&quot;W0JWBg&quot;,&quot;seLdesd+dpN3TzV6cOfvyQ&quot;]</string>
    <long name="client_static_keypair_enc_success" value="200" />
    <boolean name="can_user_android_key_store" value="true" />
    <string name="client_static_keypair_enc">[0,&quot;bzr5prLJ4\/v6iP1y2w1AVLlmcVD69nyjpxb19nr1BAXfig05BUaw+d6Lh7dC+cRAw1mozS30cM6+PdN6izvR\/9PWqKicx50jlBPpfFFaAkk&quot;,&quot;zautWimkfk4xXVWJ&quot;]</string>
    <string name="server_static_public">M9brfa5ZRYf0eVsT7CQ+yBPOzEQO/eZ37RoA6DpvHFo</string>
</map>
