<?xml version='1.0' encoding='utf-8' standalone='yes' ?>
<map>
    <string name="client_static_keypair_pwd_enc">[2,&quot;ZrCrVVTedXWQ32dvY+bWYRhWf2Vzh94Lk2giTm2NQRCiaNGO9BeeX9gebBwY6Qt+\/qqwcud1LcR4yR\/+3TDZSQ&quot;,&quot;p4m\/Sb4T\/8xGxVrgFSdT8Q&quot;,&quot;d1\/Qog&quot;,&quot;SXc\/FbhQHZGywS\/+6ZoclQ&quot;]</string>
    <long name="client_static_keypair_enc_success" value="25" />
    <boolean name="can_user_android_key_store" value="true" />
    <string name="client_static_keypair_enc">[0,&quot;sFKKg4\/tLzMYia7fYDFpmBOoXOPapUkTOwnNiCuDScwsuBg3mvsEiUE2F7GBltM8RDQL6NTj7jcsS0TD2HHHAjTE9tHBuPZi3SySRTDr52I&quot;,&quot;Ybg94NyywpwHwwz5&quot;]</string>
    <string name="server_static_public">qJWvSttNopqgQ2CgXYTc4jmSUKWd1Rv2QTMbQyYpKwY</string>
</map>
