<?xml version='1.0' encoding='utf-8' standalone='yes' ?>
<map>
    <long name="client_static_keypair_enc_success" value="18706" />
    <string name="server_static_public">qJWvSttNopqgQ2CgXYTc4jmSUKWd1Rv2QTMbQyYpKwY</string>
    <string name="client_static_keypair_enc">[0,&quot;XjBaYRfj04yACK380Fj1cHhn8Pd8fLZOJxRkK4m080a1B7crgBWBVb2xFO\/RmLBX4dc2YLaTYM4zeferEPVE2J58xNXDhsG\/wlitaR9nXH4&quot;,&quot;NjD7bFs4jkul0fnx&quot;]</string>
    <string name="client_static_keypair_pwd_enc">[2,&quot;A7hbKX38mgmCpa4TEsJr1Y089zfVbi7NhCVHsBcnaGVT1\/+pcQEDQ50Kc4iVeAcFvkJCnxekk+k0koY32M\/FPg&quot;,&quot;dCcX2bfu99jgy5JQ1NqwSg&quot;,&quot;zXV+PA&quot;,&quot;13KSM7twAbINYqwTJq7EqQ&quot;]</string>
    <boolean name="can_user_android_key_store" value="true" />
</map>
