<?xml version='1.0' encoding='utf-8' standalone='yes' ?>
<map>
    <long name="client_static_keypair_enc_success" value="1688" />
    <string name="client_static_keypair_enc">[0,&quot;1jzd06l9F\/bmj3M\/LUEaur2x1K+FRz1YzqsmRyCitqo60DIncWQJBJrVWw\/RzRLPllevfYH4kJ91ucidT1FM3qb71zq\/ZgO69D2EEjiulzg&quot;,&quot;8fX70yA9uIdZu9VD&quot;]</string>
    <long name="client_static_keypair_enc_failed" value="48" />
    <string name="server_static_public">qJWvSttNopqgQ2CgXYTc4jmSUKWd1Rv2QTMbQyYpKwY</string>
    <boolean name="can_user_android_key_store" value="true" />
    <string name="client_static_keypair_pwd_enc">[2,&quot;yVbUDqH9CJJGjwTvznhziTNL+\/kXK9VjqnGgNE5V3w8p298\/Wl+R69h9oUaYI8RMfQmSdsk\/3sD9lSgXj2vUwQ&quot;,&quot;Fh6\/pSFpbNF2fpPI0uVfhA&quot;,&quot;ibj\/BQ&quot;,&quot;zSqcWulDZgkyK0BRTeGvXQ&quot;]</string>
</map>
