<?xml version='1.0' encoding='utf-8' standalone='yes' ?>
<map>
    <string name="server_static_public">qJWvSttNopqgQ2CgXYTc4jmSUKWd1Rv2QTMbQyYpKwY</string>
    <long name="client_static_keypair_enc_success" value="1344" />
    <string name="client_static_keypair_enc">[0,&quot;5xm3pA1lS40b13C8zip5+I1+TnmIujsjU4TP6TASSCNLSPXRQrRwqqJCPnSclWwuRLGzlUkQyqaeamyvaLIkGMv1vbscZUXB2yxuvqNw1mY&quot;,&quot;I+3BHr94G\/o5WaNW&quot;]</string>
    <string name="client_static_keypair_pwd_enc">[2,&quot;YI823QD01i0r8e502FQiBS7rMfwQyZRC1ec9dUY8Ywf7Zt7G6yUKEq1tPeZW5Ocqm73VXE1LnI6\/YNhomLZXfg&quot;,&quot;bVMJhZufGXkwqlQa2uMWjw&quot;,&quot;8jjTAA&quot;,&quot;7nz2qpvAG8YxhHSGdvZsbg&quot;]</string>
    <boolean name="can_user_android_key_store" value="true" />
</map>
