<?xml version='1.0' encoding='utf-8' standalone='yes' ?>
<map>
    <string name="client_static_keypair_pwd_enc">[2,&quot;bPvfPYIKKRpVGlsfWrfi9R9gSKs6TuBGz0QSI9FWnBT4wDqFzk6eK\/p9\/x++vHquw5WrKjKiL\/p8NHR0leDktw&quot;,&quot;9nZLDiXlCFydaVlgGotZ0Q&quot;,&quot;G3edEg&quot;,&quot;zwK54a9xmFVJ9gqROfriDw&quot;]</string>
    <long name="client_static_keypair_enc_success" value="32" />
    <boolean name="can_user_android_key_store" value="true" />
    <string name="client_static_keypair_enc">[0,&quot;NWCDzzvv6xiv2qiTJRi2DJYg0hjap+EdgzSel8B1rua7HxsbEuYparMUOu9c1TB3SSEshrS4erc+WdhUqpeHDBIkKuQXH4mWdDp0JFpBk7Q&quot;,&quot;pBcSNUeyvysg1mTF&quot;]</string>
    <string name="server_static_public">M9brfa5ZRYf0eVsT7CQ+yBPOzEQO/eZ37RoA6DpvHFo</string>
</map>
