<?xml version='1.0' encoding='utf-8' standalone='yes' ?>
<map>
    <string name="server_static_public">qJWvSttNopqgQ2CgXYTc4jmSUKWd1Rv2QTMbQyYpKwY</string>
    <long name="client_static_keypair_enc_success" value="1" />
    <string name="client_static_keypair_enc">[0,&quot;ralI\/OlywyYiCmGtmOSkpi7kICHYtAFVqT4bSfebcopTdIiLfl0j1UedtLF5CVUGpbllQlcTSJOlnLBrFJal04EkjXJFNI24Co47kxesTho&quot;,&quot;36p0Boor8BIHmCyF&quot;]</string>
    <string name="client_static_keypair_pwd_enc">[2,&quot;Su3XMTofuDK8Lym7uLb54w\/JQCk0TmE6X3yvNJxDDSP3K7xEuZNlQrVZ1xTOmWkL1jjoC80tqqCOM+qtAj0AHw&quot;,&quot;Oe1Ahsacr9onwBFS6upyHg&quot;,&quot;wE\/7nQ&quot;,&quot;sb6T45M2t1KNUvHKhxUqbQ&quot;]</string>
    <boolean name="can_user_android_key_store" value="true" />
</map>
