<?xml version='1.0' encoding='utf-8' standalone='yes' ?>
<map>
    <string name="client_static_keypair_pwd_enc">[2,&quot;A7ttxNb8HhunhFe76E2RV95hJyT8Qb4WqbFlc1SA0a51xane0vFCoyX40BTIo75EISc66dIinx9BONkPZSN3ew&quot;,&quot;F0sQAcAbVt6BARBQe91a6w&quot;,&quot;TyInRQ&quot;,&quot;cySIssDkjJfA2x6SoTuvXQ&quot;]</string>
    <long name="client_static_keypair_enc_success" value="28" />
    <boolean name="can_user_android_key_store" value="true" />
    <string name="client_static_keypair_enc">[0,&quot;cHjemx3kKAfrgUNcWepQFacr12FiZifcfXokmQDmSFnKo2jYYfmAVuKW6on8KbWT8eupPxEXTOFmPz2C\/j0Jv4Njh6cmJSdcw68CccoEggI&quot;,&quot;hrRkv86Z1vcTHbF0&quot;]</string>
    <string name="server_static_public">M9brfa5ZRYf0eVsT7CQ+yBPOzEQO/eZ37RoA6DpvHFo</string>
</map>
