<?xml version='1.0' encoding='utf-8' standalone='yes' ?>
<map>
    <string name="server_static_public">qJWvSttNopqgQ2CgXYTc4jmSUKWd1Rv2QTMbQyYpKwY</string>
    <string name="client_static_keypair_enc">[0,&quot;sNgw0kWDMaj98eHbGy+YYPNXx1UkR6CTAFOIv7Nl4eShyRghFTTgrtZGEnefRQBL8l85ogEE9XuFAvh7YHTpw16GJuaP7zEf1STfh8CzMgE&quot;,&quot;y1twCm3int0hjaPb&quot;]</string>
    <long name="client_static_keypair_enc_success" value="12" />
    <boolean name="can_user_android_key_store" value="true" />
    <string name="client_static_keypair_pwd_enc">[2,&quot;EladBrb0hEz1\/EFQX\/ffZUOe4RtQ1MqOdiDCqCrDc11jISiIelvTJIM\/tOwzyPpg5xdWaUpCQr8a34cwTeFQzw&quot;,&quot;\/q95cIavZFjt4J3WvQoAcg&quot;,&quot;YWvgug&quot;,&quot;1PK4yT6QT9rPz2rhBwt\/8w&quot;]</string>
</map>
