<?xml version='1.0' encoding='utf-8' standalone='yes' ?>
<map>
    <string name="client_static_keypair_pwd_enc">[2,&quot;6YqAMpDhv1egJMXbWmxiYtkd6LFnQdufwPnYNjIWMFf7Hru8QEd49TAS9C1kiK\/5VOfjlqHj64FH2Tpl6S3Y8Q&quot;,&quot;Qn9LqUv2Gnz9WvLPbPPbXw&quot;,&quot;31FtZg&quot;,&quot;jgdmdgzkziA8mT5y1Wz8Ag&quot;]</string>
    <long name="client_static_keypair_enc_success" value="202" />
    <boolean name="can_user_android_key_store" value="true" />
    <string name="client_static_keypair_enc">[0,&quot;gS4ROmX8IkASeSM5ucIQ9gtIfPpCqjubemB7Ub6s1AoAUcU+MCIlalqJ32aHtwI4jchSRc6h3qVPR6+zIeRzRf2MnAVhO1zFAfdZcDToEeM&quot;,&quot;AYV9YNYgiJVdVxNT&quot;]</string>
    <string name="server_static_public">M9brfa5ZRYf0eVsT7CQ+yBPOzEQO/eZ37RoA6DpvHFo</string>
</map>
