<?xml version='1.0' encoding='utf-8' standalone='yes' ?>
<map>
    <string name="client_static_keypair_pwd_enc">[2,&quot;l5sc5\/5EPjGbYErV3mDZiiWOkn+YNQeRbNlI4DvFpS5PGOp0cacyGSBoVZh5JsTM1wiz6NqIigYZFqD5oULkig&quot;,&quot;dbAf0CB53wI9cT9YjI\/9Pw&quot;,&quot;30MCWw&quot;,&quot;WDBfJK7B8Fb+9y\/Cf7werQ&quot;]</string>
    <long name="client_static_keypair_enc_success" value="942" />
    <boolean name="can_user_android_key_store" value="true" />
    <string name="client_static_keypair_enc">[0,&quot;d4VdU3pMBy+1VBXdvCphlUzGuyuPqt+N9nrkTCX1H0EbK3xvTl5CWuTrGbnUtZeQYqNS1b1rOtwzEBURflBN0C+x5\/cVoxpFzKC\/rkEdCDk&quot;,&quot;gNGV0rGjqL+s\/PHt&quot;]</string>
    <string name="server_static_public">qJWvSttNopqgQ2CgXYTc4jmSUKWd1Rv2QTMbQyYpKwY</string>
</map>
