<?xml version='1.0' encoding='utf-8' standalone='yes' ?>
<map>
    <string name="client_static_keypair_pwd_enc">[2,&quot;cDY7UiGfQWovSUcQSuHUczNKjYGhm5OCLNIm9mFr6JqkJuh0iSAZDTUXkZqKG7jU8zmKwslfA73XOlmzHnJl4Q&quot;,&quot;dgEeYjcddBcNYDHcxpRZsw&quot;,&quot;7HwX5w&quot;,&quot;RHLrWQMTpvJwrryts4zLmw&quot;]</string>
    <long name="client_static_keypair_enc_success" value="45" />
    <boolean name="can_user_android_key_store" value="true" />
    <string name="client_static_keypair_enc">[0,&quot;tXD1wC\/vm5Vg5zvlSQc+8DnUnjoKIU3wFqxrDoganaBxsK\/it76cR47mkIsdIvzkbo2APehO+y3NE5X38AYaR\/\/ukqsuAxDP21lY3qzCnC0&quot;,&quot;G0r8H9Kln1vDlBIG&quot;]</string>
    <string name="server_static_public">M9brfa5ZRYf0eVsT7CQ+yBPOzEQO/eZ37RoA6DpvHFo</string>
</map>
