<?xml version='1.0' encoding='utf-8' standalone='yes' ?>
<map>
    <string name="client_static_keypair_pwd_enc">[2,&quot;ATb8duqe3dGf2AqWNouhZfrxQVINc8nkn4bhpiK30crh9rJRHsMaF\/NWeUv9KSMpKwwNT0poLbYwNatU6U2cTg&quot;,&quot;cX1vvBLPRe1PPYlYwNL8kQ&quot;,&quot;N2v84A&quot;,&quot;GyP0J6k3Mm12MbAhfrFYwQ&quot;]</string>
    <long name="client_static_keypair_enc_success" value="1" />
    <boolean name="can_user_android_key_store" value="true" />
    <string name="client_static_keypair_enc">[0,&quot;UyNFH\/5nW7Galh\/PYI8ArvNwbcxaF8MELWil\/zCiAmRUf6LX8X6KPlbJPJbwtzwBnL8W0LQWB\/XkI+e9wYZsB3sdVhptWapFTqrwTHL3mkU&quot;,&quot;dZNsiVnNNOHZ5Awj&quot;]</string>
    <string name="server_static_public">M9brfa5ZRYf0eVsT7CQ+yBPOzEQO/eZ37RoA6DpvHFo</string>
</map>
