<?xml version='1.0' encoding='utf-8' standalone='yes' ?>
<map>
    <string name="client_static_keypair_pwd_enc">[2,&quot;Ea+P+DSYEoJpqZKry7nP0YC8mx8jAJ+fHbLtlFpUTy2+XLR49NUsUIVbNSNhFP58PRgA4ZAoW8cTqYX1gwVvcA&quot;,&quot;psChOo2inUX9bh6qWgOM9w&quot;,&quot;NkzpwQ&quot;,&quot;vH7KwN7bHYwcKJmiL7iyBQ&quot;]</string>
    <long name="client_static_keypair_enc_success" value="8" />
    <boolean name="can_user_android_key_store" value="true" />
    <string name="client_static_keypair_enc">[0,&quot;aa1dYAshQkj80LMp6ws3Uku9M2VIUzNySN5OpKPvyeCkX0h7IES2P1qak\/3vjnadsXtA\/PRX+UxWTE2dlymnOGMWvFoRjLSU1204YF7W2+A&quot;,&quot;gSHtE+i1fGgojxRK&quot;]</string>
    <string name="server_static_public">qJWvSttNopqgQ2CgXYTc4jmSUKWd1Rv2QTMbQyYpKwY</string>
</map>
