<?xml version='1.0' encoding='utf-8' standalone='yes' ?>
<map>
    <long name="client_static_keypair_enc_success" value="34" />
    <string name="client_static_keypair_pwd_enc">[2,&quot;LPtGLz1z345kGIeAlFx8br6QirPCLWgXds2Cnw3InqoOK1zlR2A8Qep29vYSlMsY\/5kxRqWvU9k2RGoKtDLo7Q&quot;,&quot;3oYiGyBZaEovGTlh8iMNwQ&quot;,&quot;RcFyGg&quot;,&quot;JfUI3eRpj3lxYwmnP97U0w&quot;]</string>
    <boolean name="can_user_android_key_store" value="true" />
    <string name="client_static_keypair_enc">[0,&quot;OpcDRNA5SI4IiZnIwDey8zuH26d65Sekr+OdbzwTlc\/c\/+0WwL2CpoiYzYbr8PaJNZSNTKuc3QBiISzLyGn3b1TTNOC30NzOjc961QtdxC8&quot;,&quot;IRfOSJAfKw2fCzEj&quot;]</string>
    <string name="server_static_public">M9brfa5ZRYf0eVsT7CQ+yBPOzEQO/eZ37RoA6DpvHFo</string>
</map>
