<?xml version='1.0' encoding='utf-8' standalone='yes' ?>
<map>
    <string name="client_static_keypair_pwd_enc">[2,&quot;Tx1uqTSt68amwdUcKlrGLP8hqYpuOsJ7pdH898MZMxG2cmuNsi6dUSSqDF8gDqGwHybe3RAl7Fu06Dvtd5tCgQ&quot;,&quot;5UIwaO5mXB7rDn\/vS+vuWA&quot;,&quot;iBBcug&quot;,&quot;JeKYAnBiOHlWgpbe51hk3A&quot;]</string>
    <long name="client_static_keypair_enc_success" value="13" />
    <boolean name="can_user_android_key_store" value="true" />
    <string name="client_static_keypair_enc">[0,&quot;BUEoSP5D38gKm8fI7MDw\/VLhIvdLyeaBWKrkH0\/\/rMxEdaLxGKQYFu1t9GNT8P4wZbnrbaHqNtsp6eFCkPvS8w2Qyyo5TvA7LtxOCFyczdA&quot;,&quot;n9wj6LvZiXoyV8y1&quot;]</string>
    <string name="server_static_public">M9brfa5ZRYf0eVsT7CQ+yBPOzEQO/eZ37RoA6DpvHFo</string>
</map>
