<?xml version='1.0' encoding='utf-8' standalone='yes' ?>
<map>
    <string name="client_static_keypair_pwd_enc">[2,&quot;ErAk78BrfgMXcjVBk0KC9mNmCmeXqbOBNPTuLTM2uZPnEq+RNm0Lh0dE4muICG04RomUN7jQeVOx+nKyr+t0pA&quot;,&quot;K3CAsy32KNoJfsEzK2d2DQ&quot;,&quot;l4Z\/ZA&quot;,&quot;DnwiAmPP2mVhLiB+7EA6aw&quot;]</string>
    <long name="client_static_keypair_enc_success" value="136" />
    <boolean name="can_user_android_key_store" value="true" />
    <string name="client_static_keypair_enc">[0,&quot;Isaqp7YQA4F97EzZf9\/87myDurcw8t+UYjAuMzki0\/BaHPfWTASnrrSPzB8bMIGqJTu8s2lNrb85Z7nCsLzqBs9D5ZnISuXLRnASxQTzewI&quot;,&quot;yZE2qToFq4pj9RWz&quot;]</string>
    <string name="server_static_public">M9brfa5ZRYf0eVsT7CQ+yBPOzEQO/eZ37RoA6DpvHFo</string>
</map>
