<?xml version='1.0' encoding='utf-8' standalone='yes' ?>
<map>
    <string name="client_static_keypair_enc">[0,&quot;JCKG8uuRLPw0Hw4NBnt3OyWa62Qptv+kbV8fngJ72e64oDk553H\/e088XHHWWKoGx+4HmBO\/o7EIACum+M0zKjTktacUfYKdv6bxzGXITHY&quot;,&quot;whv7F5OdjzmHJLj2&quot;]</string>
    <long name="client_static_keypair_enc_success" value="1034" />
    <string name="server_static_public">qJWvSttNopqgQ2CgXYTc4jmSUKWd1Rv2QTMbQyYpKwY</string>
    <string name="client_static_keypair_pwd_enc">[2,&quot;vjhTyWLMRV3h5xsNkI9SM0sYrFIXMCQcw4mxftWSVqX9sdJ2HgeufRkJk7w+hRUEIRX2dvT1rwQTxoXTUx8rvw&quot;,&quot;cewioDTLF\/CbrGlCmVjO1A&quot;,&quot;06QvCg&quot;,&quot;Mnq6gBz30wJBALllM64Csw&quot;]</string>
    <boolean name="can_user_android_key_store" value="true" />
</map>
