<?xml version='1.0' encoding='utf-8' standalone='yes' ?>
<map>
    <string name="client_static_keypair_enc">[0,&quot;c1KCMSApxFQO32ANqxHK9W5j7dTs9kLHH1ITO4TnO4WFemC\/+wn7W95Ssv\/ybh0NwN\/ZzDabpw79Ls8kd4WeiQbZxtZKwIfQLUHCvMeVIKE&quot;,&quot;T5TPKAfxMf9etBOa&quot;]</string>
    <long name="client_static_keypair_enc_success" value="187" />
    <string name="server_static_public">M9brfa5ZRYf0eVsT7CQ+yBPOzEQO/eZ37RoA6DpvHFo</string>
    <string name="client_static_keypair_pwd_enc">[2,&quot;qDU8weyfGUgEdKWUXl6wM1MwS8ZgxMl5IS9AZgOBLeHyo7BhxzjFNBEVlq+OgC0nnpMVqViPstTT3sB5n0awqw&quot;,&quot;Q6FY2Kh2fQ5r6uliADHIDw&quot;,&quot;qygU0Q&quot;,&quot;UA852PLsnWKP+a4DA66h1g&quot;]</string>
    <boolean name="can_user_android_key_store" value="true" />
</map>
