<?xml version='1.0' encoding='utf-8' standalone='yes' ?>
<map>
    <long name="client_static_keypair_enc_success" value="464" />
    <string name="client_static_keypair_pwd_enc">[2,&quot;PloqQpkP8u7Q3W2m+mYKhcIglBrkBCLfBanmk91seNodGvS20wqe8ugfbrlpxiQ5fwQXfuWaKA7BIagHTEqr\/w&quot;,&quot;iEYRc0yJVD989jmY3uGJCA&quot;,&quot;aO0FVQ&quot;,&quot;HeREPMKuBfC86oClIj670Q&quot;]</string>
    <boolean name="can_user_android_key_store" value="true" />
    <string name="client_static_keypair_enc">[0,&quot;SO6YagloZkEFABoYtXmdbJOQ1Lsd7yTMDU\/5\/\/N7axHI7M7K3+zENi5LIuCAHyGnek9\/eM1HDZN6abLOHlPjy\/x20IQ2CC+4A0zS7a2I5ys&quot;,&quot;1jF\/AWJPdu6AZtBF&quot;]</string>
    <string name="server_static_public">M9brfa5ZRYf0eVsT7CQ+yBPOzEQO/eZ37RoA6DpvHFo</string>
</map>
