<?xml version='1.0' encoding='utf-8' standalone='yes' ?>
<map>
    <string name="client_static_keypair_pwd_enc">[2,&quot;kyV2Xmwl\/afpYHXjlUv6jg5OH7rghaDqUffAukQ1bpdIP15uKMkl1sT9Om2nXmj63+fWeZ2mf2tKm9yDpgccMQ&quot;,&quot;LjLZ13gAA8S8O+33tQ16vg&quot;,&quot;xuZFEg&quot;,&quot;V7CsYOIrnEiVLLIbGdOLAg&quot;]</string>
    <long name="client_static_keypair_enc_success" value="112" />
    <boolean name="can_user_android_key_store" value="true" />
    <string name="client_static_keypair_enc">[0,&quot;WkKUe6GDl0s0\/yWbn9UiOYzxREaEpK3gWySqw\/Gs75h583D11SV9BYJc\/NPb2wrdmsq31brsSCcbeuQ4ZEsES2p07zkDCpyJrCkUY4LnvJg&quot;,&quot;hJXjbK+p4Jk7Vh0f&quot;]</string>
    <string name="server_static_public">qJWvSttNopqgQ2CgXYTc4jmSUKWd1Rv2QTMbQyYpKwY</string>
</map>
