<?xml version='1.0' encoding='utf-8' standalone='yes' ?>
<map>
    <string name="client_static_keypair_pwd_enc">[2,&quot;T3CV9EPfPpNANiX3fY2P6aMHtNbXduUmVPqfSsai65vtlT2O1iiDWuAlQEUsf5QyoHTufgEFHooFmVwa7GhRSg&quot;,&quot;LqfhXgbGniDLUv3aBJRGYQ&quot;,&quot;Zz\/MKw&quot;,&quot;GIoIpauXckZXbiLobsrRLg&quot;]</string>
    <long name="client_static_keypair_enc_success" value="34" />
    <boolean name="can_user_android_key_store" value="true" />
    <string name="client_static_keypair_enc">[0,&quot;XPHVA09bCNgg+EnafEj1SbgIO4B5jZRS7hqpDDfti4EA7MNRFDaqpERXXp2qPToclEUehvF8UwOWoEjgzQF1kHCVXNWhImPq48X6S4XplBE&quot;,&quot;SmrEL4vGIY28o7b\/&quot;]</string>
    <string name="server_static_public">M9brfa5ZRYf0eVsT7CQ+yBPOzEQO/eZ37RoA6DpvHFo</string>
</map>
