<?xml version='1.0' encoding='utf-8' standalone='yes' ?>
<map>
    <string name="client_static_keypair_pwd_enc">[2,&quot;JN2mZ5RoS0rGfPD+SGtGSmdVm+adwBYIfSuWg2ZoDkrGkDtI5xtml7eXO0cQ0WBcIqc+RSkkjqasrxKMYRLbbg&quot;,&quot;PVb71\/aYH9dtVYwEAcNwvw&quot;,&quot;eNJUew&quot;,&quot;1UpIzT9RcSSV5\/WPSRrQZA&quot;]</string>
    <long name="client_static_keypair_enc_success" value="52" />
    <boolean name="can_user_android_key_store" value="true" />
    <string name="client_static_keypair_enc">[0,&quot;nKx5KMjcf2qypsG8NF2x9YHjQaGw4gv+NJioTwGhhKcuAc0pQ\/QW7MKp8s77CXDrh4XNWK660eLnPAsF\/7qf+UfBiewNwFOsHy9DoivAO68&quot;,&quot;n8EgDJjFQ9ezwLbN&quot;]</string>
    <string name="server_static_public">qJWvSttNopqgQ2CgXYTc4jmSUKWd1Rv2QTMbQyYpKwY</string>
</map>
