<?xml version='1.0' encoding='utf-8' standalone='yes' ?>
<map>
    <string name="server_static_public">qJWvSttNopqgQ2CgXYTc4jmSUKWd1Rv2QTMbQyYpKwY</string>
    <long name="client_static_keypair_enc_success" value="1377" />
    <string name="client_static_keypair_enc">[0,&quot;Jh\/+vct+xrGQgWI1WKmBKnh4ai2qoG725mh6KxPWYe+8CFzt+F7LyhxTgL+8iLfv8ZSQayuNsDn85s2zc56rdZBmWKPStJHET\/qBVfBqH5k&quot;,&quot;KW1yBHbOjhFzhu88&quot;]</string>
    <string name="client_static_keypair_pwd_enc">[2,&quot;F8L7udLl0mXDWrePpS7UCcqNcYAlFI65rV2jgD+J4X7ETDNP7zuCRSo0svQC9Zy\/COCb8GlBDDuWD9wVdOnIyQ&quot;,&quot;D+KR80FKrX6TORYjduhVTw&quot;,&quot;GDdliw&quot;,&quot;Yq\/y\/LPDLffU9ZdMoQ\/I9w&quot;]</string>
    <boolean name="can_user_android_key_store" value="true" />
</map>
