<?xml version='1.0' encoding='utf-8' standalone='yes' ?>
<map>
    <string name="client_static_keypair_pwd_enc">[2,&quot;KcqaQGJc89I8GH10QpIvZlkMH6uw\/sKhrSWN14U5V3+45SvBJzu0wXAbQXvUfuposSKj3pt4c7tdhJySmzAqEw&quot;,&quot;N\/NgIYZhNBQDhNLnEXCxfw&quot;,&quot;h4O0\/Q&quot;,&quot;zk6ayHcUBhRmbg6d37elhw&quot;]</string>
    <long name="client_static_keypair_enc_success" value="4" />
    <boolean name="can_user_android_key_store" value="true" />
    <string name="client_static_keypair_enc">[0,&quot;luk\/OguyDf4p5ug5YbK4WNc2xBiX0wJM5Lda1jN7DdB5n6l3rMR4ITf0GfDZcjcq+GJ9QuYm7TMrGVVqidV+MZ8ba0cBfR5lV0nxkg4suIU&quot;,&quot;Wkh5rAAn+qd6dClg&quot;]</string>
    <string name="server_static_public">M9brfa5ZRYf0eVsT7CQ+yBPOzEQO/eZ37RoA6DpvHFo</string>
</map>
