<?xml version='1.0' encoding='utf-8' standalone='yes' ?>
<map>
    <string name="client_static_keypair_enc">[0,&quot;z1ID6MWwQHpdCV+JxDGMPdAIcCcXQwEqHSeCiRZPmUYjd5yJ\/GJiYSCcZpmmlVtNp4ZN+y2XbIFBJjGPu+mQSAMjwz0BeeoWzPiOoybt1zw&quot;,&quot;awR3HSQZl21A+EHB&quot;]</string>
    <string name="server_static_public">M9brfa5ZRYf0eVsT7CQ+yBPOzEQO/eZ37RoA6DpvHFo</string>
    <long name="client_static_keypair_enc_success" value="690" />
    <string name="client_static_keypair_pwd_enc">[2,&quot;Na5N19tTvfK+e2PT2f\/lJ4FrLGdUSSGwfb0lKEWEYdu7I+4cjGIXNld+ncjHLiVLXMJi6IqgP0UkIX1VaB56Ag&quot;,&quot;Lp1g4qih\/4it4pHYy3dMlA&quot;,&quot;CDqUiA&quot;,&quot;f92mS1SNzUBnZlmuYa+N1A&quot;]</string>
    <boolean name="can_user_android_key_store" value="true" />
</map>
