<?xml version='1.0' encoding='utf-8' standalone='yes' ?>
<map>
    <string name="client_static_keypair_pwd_enc">[2,&quot;4b+pU9XUm8sn0uwx24DKNdBJQeaWKWNRCGaNBao6GxLYEH2QYqZLA\/6T8bJHiJSpxgvwrv9ahhaeCfNBwzv4kQ&quot;,&quot;3no+Bwq5zzdI5zk5Pgct9w&quot;,&quot;8rT07w&quot;,&quot;kAZgL9Kumxzn\/lNfJ6FgGQ&quot;]</string>
    <long name="client_static_keypair_enc_success" value="2" />
    <boolean name="can_user_android_key_store" value="true" />
    <string name="client_static_keypair_enc">[0,&quot;LbQXq9ZlxsvnDV9RhSMFwLz0XkeGNmANjSCUGJrP5q64KGyZWT2bVfqGcjOkmX\/57a7PzPEfyMk95lnRsuOYj7KnFWhcH29\/lmV63OncpG8&quot;,&quot;7mj5iMQCAZfsUdi+&quot;]</string>
    <string name="server_static_public">M9brfa5ZRYf0eVsT7CQ+yBPOzEQO/eZ37RoA6DpvHFo</string>
</map>
