<?xml version='1.0' encoding='utf-8' standalone='yes' ?>
<map>
    <string name="client_static_keypair_pwd_enc">[2,&quot;RzaccONpMl9ca8NNbrdWp8PLI6aTnF9R+kyG8FAzsBtNdtvwxmk6Wan9tMNL2SPNxbFEQkGO3nf3mPKSvkHPsA&quot;,&quot;TOueqs2eDjmRDJBlWiUimw&quot;,&quot;XEP56b&quot;,&quot;8cBEjrYuzU1\/G8w1jwYKiw&quot;]</string>
    <long name="client_static_keypair_enc_success" value="10" />
    <boolean name="can_user_android_key_store" value="true" />
    <string name="client_static_keypair_enc">[0,&quot;Xhj5AjUCI8vcliS+a+nabgDN62xk7Y\/iPWmg++rgArkQ+JjcKSyTo9QodzBzbc4+37SOTYJhWKlklZNLdGYJLqtMe7AKpncOm\/8DqSmrqU4&quot;,&quot;+YkbCbXr3QPTGDF8&quot;]</string>
    <string name="server_static_public">M9brfa5ZRYf0eVsT7CQ+yBPOzEQO/eZ37RoA6DpvHFo</string>
</map>
