<?xml version='1.0' encoding='utf-8' standalone='yes' ?>
<map>
    <string name="client_static_keypair_pwd_enc">[2,&quot;VcpCzMllXpnDwFkwpYhMbtqNP5fqPKPnPkcXYHxVoP211ea3o6rnwaq26NQBt4hhjH4Yn0US55ZZb0goXy0pog&quot;,&quot;AYRziv+MoZ1+ttwig5GgPQ&quot;,&quot;NkU07w&quot;,&quot;f1L6wU52zPfWWd1M0njwFQ&quot;]</string>
    <long name="client_static_keypair_enc_success" value="597" />
    <boolean name="can_user_android_key_store" value="true" />
    <string name="client_static_keypair_enc">[0,&quot;Waistt1uGmb5Ia\/wYocmDw\/cq6Chtms6YbWadXCgh5QWanSJP7aR91b+cNlLWeMxGVK58liwIBb+HkQBH0Hsh15IDEogllL0DclBknx3ZIc&quot;,&quot;RADy8orl7M3NdDUk&quot;]</string>
    <string name="server_static_public">M9brfa5ZRYf0eVsT7CQ+yBPOzEQO/eZ37RoA6DpvHFo</string>
</map>
