<?xml version='1.0' encoding='utf-8' standalone='yes' ?>
<map>
    <string name="client_static_keypair_pwd_enc">[2,&quot;3bi3meGIVFjwAhN\/35lJNjoX7\/nwyyIeI9V2whGBtnMMUOjP2kNhB\/EXC+b7pyjqksRA+aqUGkqQ1QRVCoJGcQ&quot;,&quot;1b04Y95X1zIPADPWVh5J1w&quot;,&quot;6Fw10Q&quot;,&quot;W2n3QqtWxaB0CmyRuqaiuQ&quot;]</string>
    <long name="client_static_keypair_enc_success" value="23" />
    <boolean name="can_user_android_key_store" value="true" />
    <string name="client_static_keypair_enc">[0,&quot;6YGO5leobORcfcUPlD+pI1\/87fIyAcFLICwRvuhzJ2ARPF+fglPuO3sdN1yqhtNsm5QqNhauuKOrKv5TUa1rlrSBptpV\/nAnJRf7mXZQC2c&quot;,&quot;+ShyuZkTLezrJXDx&quot;]</string>
    <string name="server_static_public">M9brfa5ZRYf0eVsT7CQ+yBPOzEQO/eZ37RoA6DpvHFo</string>
</map>
