<?xml version='1.0' encoding='utf-8' standalone='yes' ?>
<map>
    <string name="client_static_keypair_pwd_enc">[2,&quot;YgZCT9azHymJe0aAZaT4ZuAcDUxUrC0\/PjDiSPCm1zXNtlrTJWcio7PJ8ScurWAeaWSeniFo3KBYk+GrY9LVig&quot;,&quot;iXctkkdvU10bI0r+iHApRw&quot;,&quot;qTvwxQ&quot;,&quot;v+OHkh3ZIXLwgjriMJkzsQ&quot;]</string>
    <long name="client_static_keypair_enc_success" value="143" />
    <boolean name="can_user_android_key_store" value="true" />
    <string name="client_static_keypair_enc">[0,&quot;dthuEdcROpPvUo4d86kr431NUeu7oOZaoT3J+v3C5pgmB5Vd9bM7YMy5Gf\/AbbWLwPEOlsle8C9diRmtozWRKvkZW3Zl+KrqJB7eygyj9m8&quot;,&quot;vtX9LbmH9no\/Xr2m&quot;]</string>
    <string name="server_static_public">M9brfa5ZRYf0eVsT7CQ+yBPOzEQO/eZ37RoA6DpvHFo</string>
</map>
