<?xml version='1.0' encoding='utf-8' standalone='yes' ?>
<map>
    <string name="client_static_keypair_pwd_enc">[2,&quot;zJeYQsvvEbBkayGouxdK8FiyWkjgpcD8AGjIt0DOkAFzo3AINvNb+UHvq3neBMqm9Oh73VLVHfWL9WrAsAoLmw&quot;,&quot;wYt8pz\/rPEj8aPncIkJMXQ&quot;,&quot;+CCi9w&quot;,&quot;qWFMvI3\/lFHWui3ftpOhkg&quot;]</string>
    <long name="client_static_keypair_enc_success" value="2" />
    <boolean name="can_user_android_key_store" value="true" />
    <string name="client_static_keypair_enc">[0,&quot;ASiTlD+t1FoxiNNMVI6PXrcYTRLumUHhB+dbCmSlzY34aOJfpuHCL2a+e0jgYdtdiJ2z4BBZf8xoAQYxxYhNvMeRAupB41jeJBN0pwcUW4A&quot;,&quot;9ybR2YqiyUUPocaD&quot;]</string>
    <string name="server_static_public">qJWvSttNopqgQ2CgXYTc4jmSUKWd1Rv2QTMbQyYpKwY</string>
</map>
