<?xml version='1.0' encoding='utf-8' standalone='yes' ?>
<map>
    <string name="client_static_keypair_pwd_enc">[2,&quot;4ac+q4UhOgDJ98SsRPiDHfnE3tfOU+XvC+Wk0eVupT6KWiw4kjYpTRWf5CQeT9PZcyPnXwmO3cVZ2yfqv7TwLg&quot;,&quot;gwHEFO05uG0aquzqn6xygA&quot;,&quot;Pbbhmw&quot;,&quot;IfwK0FZd21jzArplbDDYYQ&quot;]</string>
    <long name="client_static_keypair_enc_success" value="10" />
    <boolean name="can_user_android_key_store" value="true" />
    <string name="client_static_keypair_enc">[0,&quot;ZWcqBxagU0xFRVrLkK82aZAfnQCmikNg\/Z2ybujhNIFTicAYw4ln\/YLe9yy9XyvfPWgBPzCOTG4gaSxN\/xZAYlffZLtB7NmZcGn9UYS3Dy0&quot;,&quot;Qw0TFGTjf0ootj5y&quot;]</string>
    <string name="server_static_public">qJWvSttNopqgQ2CgXYTc4jmSUKWd1Rv2QTMbQyYpKwY</string>
</map>
