<?xml version='1.0' encoding='utf-8' standalone='yes' ?>
<map>
    <long name="client_static_keypair_enc_success" value="1828" />
    <string name="client_static_keypair_enc">[0,&quot;p28GMcjEkqNqEDPybIiTmy6EpChZNFdA4w2Y180PUloTYqQeRvbbAfLUmK4FjNZMBIO0g2xqUY5HIQq9ICjMVI6Bl1ZMjFI7nAo2CT3Xh+4&quot;,&quot;li0ZJFOtRHmjLzZB&quot;]</string>
    <string name="server_static_public">qJWvSttNopqgQ2CgXYTc4jmSUKWd1Rv2QTMbQyYpKwY</string>
    <string name="client_static_keypair_pwd_enc">[2,&quot;qtnqHxlwZVhhgLyahxkT4oBZnhBujNkq4104WfVmQPvLauRrPsTqhMeYAWDCEWFdTfOFLDUTbS7PSXDb9ROKDw&quot;,&quot;2LOUO9+4blNDoobaOYIyow&quot;,&quot;ZqS8Sw&quot;,&quot;24vdc\/+okrFaqJN1obAlWw&quot;]</string>
    <boolean name="can_user_android_key_store" value="true" />
</map>
