<?xml version='1.0' encoding='utf-8' standalone='yes' ?>
<map>
    <string name="client_static_keypair_pwd_enc">[2,&quot;E0uZMMVMYgcBrMvv2eXH5NoCCPFyd2VX3zryLCEVGu1LaXssuD7prpKX7odbXmzhOlOIMJ3oCSFzUap8Ttox9A&quot;,&quot;RYWFCOu2QfI3pAzk7Y6GRg&quot;,&quot;6+01VQ&quot;,&quot;gU1WeL6nnSzLgOA9bVOjZw&quot;]</string>
    <long name="client_static_keypair_enc_success" value="6" />
    <boolean name="can_user_android_key_store" value="true" />
    <string name="client_static_keypair_enc">[0,&quot;OcGzPPmSIBcoZ0HEFTuNch9yhRWSIrfMdW1gXQceffy2C6sIMsAOrlzkmIEg0zBckgbTeuqpHIV8lkLvjQeVTimKIYUGQmq95Jik1SSMNho&quot;,&quot;RFHpnjPBK0IZEnq3&quot;]</string>
    <string name="server_static_public">qJWvSttNopqgQ2CgXYTc4jmSUKWd1Rv2QTMbQyYpKwY</string>
</map>
