<?xml version='1.0' encoding='utf-8' standalone='yes' ?>
<map>
    <string name="client_static_keypair_pwd_enc">[2,&quot;VU5PltnLA1+dcS\/gfS0K9b2UZH4JcVqZppgfBMvU7X4obxakdrT9Y2F1VxVKhcOy0CWoQUMRGasf2TiwtU\/GDw&quot;,&quot;UZlnJvnTZBstm3zmc3czEQ&quot;,&quot;fki0nA&quot;,&quot;UMvnI2ZmYS9D\/LP7mGTAfA&quot;]</string>
    <long name="client_static_keypair_enc_success" value="27" />
    <boolean name="can_user_android_key_store" value="true" />
    <string name="client_static_keypair_enc">[0,&quot;DPyxuhDhmOOMP6dONhvv4s0RGaYO0ee301m4YpG7jx6ZXGg3Fxu0LPRPE\/yaev4nu9ozNTPAFYQd8MP+FZtKZpPYbF692YkXMbbKiPe2Jc4&quot;,&quot;yTgnmMcyt4ERcv4i&quot;]</string>
    <string name="server_static_public">M9brfa5ZRYf0eVsT7CQ+yBPOzEQO/eZ37RoA6DpvHFo</string>
</map>
