<?xml version='1.0' encoding='utf-8' standalone='yes' ?>
<map>
    <long name="client_static_keypair_enc_success" value="3868" />
    <string name="client_static_keypair_pwd_enc">[2,&quot;5tdWo3enLmWii57OVgMHFomHtsEPxbWLkGDxe0HSMzIZE7S8M1XHvSaunQfDVHNsKm+ok55SR0IIA9+yvVtDDw&quot;,&quot;acxiwC6qYk0oFwpbwML8Aw&quot;,&quot;5Lep6A&quot;,&quot;ExJe44sRfuRemdEGG+5HXA&quot;]</string>
    <boolean name="can_user_android_key_store" value="true" />
    <string name="client_static_keypair_enc">[0,&quot;Bs3Zj4BFtt64+8YE8UFKAhZsu0MiN6eMpI\/1oRk+0cpir\/Wf68qlxLMzCbNzOLL1qKpqwLikWjfICAqUYelxBXf8TWZqBP0mSlF5UoHKR8U&quot;,&quot;ZEnHA99vS2LpM4ky&quot;]</string>
    <string name="server_static_public">M9brfa5ZRYf0eVsT7CQ+yBPOzEQO/eZ37RoA6DpvHFo</string>
</map>
