<?xml version='1.0' encoding='utf-8' standalone='yes' ?>
<map>
    <string name="client_static_keypair_pwd_enc">[2,&quot;edaduAkk2geBU7Tb8J3xLHZbOew4u69l+8LtiGSr\/iIx7evPW5tnZnmVX9PcJxqGGAsDHHVHfLi\/QeqcwuIF7w&quot;,&quot;YOoVjjvIhYW5SBqlJ6EMiw&quot;,&quot;nsO7Ig&quot;,&quot;PLyQtLVi7S69zYeks\/gRQA&quot;]</string>
    <long name="client_static_keypair_enc_success" value="1" />
    <boolean name="can_user_android_key_store" value="true" />
    <string name="client_static_keypair_enc">[0,&quot;A7QDR8Mqj+y2WBWaicRXiLCv+iaThvA5cjuc5aMDhR5hSeGuiiyHCxJKk2WILMyzzT4hzD3MVgl5dkyTTkRKCkyjn\/MFGdO2B\/swoeAueek&quot;,&quot;83oVM5HiWG71e8Dt&quot;]</string>
    <string name="server_static_public">qJWvSttNopqgQ2CgXYTc4jmSUKWd1Rv2QTMbQyYpKwY</string>
</map>
