<?xml version='1.0' encoding='utf-8' standalone='yes' ?>
<map>
    <string name="client_static_keypair_pwd_enc">[2,&quot;r9\/9krrdLN2xwSgsxXIv5v6dgobYXZG4\/WiQHqXhRLQMtN2EJ2NZxAbuFQliGwcL67TJQqpxVYDrvYzS\/NJA2Q&quot;,&quot;mtBZ7XG3uSmerIDIfaHpgw&quot;,&quot;m\/GOTg&quot;,&quot;HgJGzGTuO\/WT5OSxVE7UCg&quot;]</string>
    <long name="client_static_keypair_enc_success" value="7" />
    <boolean name="can_user_android_key_store" value="true" />
    <string name="client_static_keypair_enc">[0,&quot;9epGsUeWbnRQTBASAMqma3VAtzCyLM9qpXQhfdJfteEuveCd6ZwcxYP08n7Z\/k4feg9pzMQt7e+FHqsP7wUDDbeHwlnTONYlnPlvGrjUyUw&quot;,&quot;6JXSTcJr864kLZp9&quot;]</string>
    <string name="server_static_public">qJWvSttNopqgQ2CgXYTc4jmSUKWd1Rv2QTMbQyYpKwY</string>
</map>
