<?xml version='1.0' encoding='utf-8' standalone='yes' ?>
<map>
    <long name="client_static_keypair_enc_success" value="29" />
    <string name="client_static_keypair_enc">[0,&quot;AYuB+4ERZ6RqkPYpstlCu8Xb40HgNXsy\/7wdgbBB5hqZxHdo4XHb9W0q0YbscIlCIqMcCRnZn5yt0xeBuv8TQswAzp4MciOqfFcY40ctaxo&quot;,&quot;ZeCFEr5xN2rtzEkB&quot;]</string>
    <string name="server_static_public">qJWvSttNopqgQ2CgXYTc4jmSUKWd1Rv2QTMbQyYpKwY</string>
    <string name="client_static_keypair_pwd_enc">[2,&quot;dQYVBQJgtXodcky\/x0vdVhb5snPLJ7at0kH3XZPz1A3lD0juN2ZeRttCmA\/LAJLxsfpW0TJivTJIY7uCFyQekw&quot;,&quot;Oy5DhSOsnKUwhofonwvxIg&quot;,&quot;8LiPDg&quot;,&quot;ehg1Xp65E0zd9uVlicH6vQ&quot;]</string>
    <boolean name="can_user_android_key_store" value="true" />
</map>
