<?xml version='1.0' encoding='utf-8' standalone='yes' ?>
<map>
    <string name="client_static_keypair_pwd_enc">[2,&quot;nAdr4FCT30VeR+P5G3RHtGAv5YSarhtBdNvlzhjzSrWyvy6NUt5IiOoNSMcZaCa1DawkTmn3j5ynmVyTfD6a6A&quot;,&quot;lTmZdehBkprxbiVtOua89A&quot;,&quot;+VBnag&quot;,&quot;edNY8D+d4VcFmJL\/ZRa5qg&quot;]</string>
    <long name="client_static_keypair_enc_success" value="35" />
    <boolean name="can_user_android_key_store" value="true" />
    <string name="client_static_keypair_enc">[0,&quot;O9jPR+ZogLM7Zv0fKz0xBjOszvrxV7E5zt1jNcROhZ9bIBBiKpFe7NpikSUVrtAVMZcK423rGWeS\/YAOtTj7ZI9283UApMDAa82kZE42IN0&quot;,&quot;JDfUeHMK24O2Qvx1&quot;]</string>
    <string name="server_static_public">M9brfa5ZRYf0eVsT7CQ+yBPOzEQO/eZ37RoA6DpvHFo</string>
</map>
