<?xml version='1.0' encoding='utf-8' standalone='yes' ?>
<map>
    <long name="client_static_keypair_enc_success" value="191" />
    <string name="client_static_keypair_pwd_enc">[2,&quot;ZQ8JsS7vYQTDw7p84CuGS+gDSAzEJcoLSmBSh8rqaURZNZmg9nt7vtcPuywm+GgRKMWBSAs22rSySfWtJTQg0w&quot;,&quot;Sg5kTDfQFzDoqyOPIR9FdQ&quot;,&quot;JLhs1x&quot;,&quot;o6xNMVkBk9NYhMgaqjltJg&quot;]</string>
    <boolean name="can_user_android_key_store" value="true" />
    <string name="client_static_keypair_enc">[0,&quot;jhaHcyGXM5CkzrQynPJ0XjFTJ3Hg0rdzwrfQrlEtmiEANjTeu9elRAWaJVip2Da4a5XMBNYlx5JbUramMjs03qaYB99PF4sF8B0sUs87aqg&quot;,&quot;XXoxVoV9sC3XmX2P&quot;]</string>
    <string name="server_static_public">M9brfa5ZRYf0eVsT7CQ+yBPOzEQO/eZ37RoA6DpvHFo</string>
</map>
