<?xml version='1.0' encoding='utf-8' standalone='yes' ?>
<map>
    <string name="client_static_keypair_pwd_enc">[2,&quot;FxxHgbUkhT+gWQiYUNioEjMddGkWOxgyUeLPgD3qkqzGEZNqCqxbfvVldlTQksNFL+C4Wq2aqjvJ3KNpBiLCvA&quot;,&quot;R1yqIluydrNx0TTehK6QGQ&quot;,&quot;7Qirqg&quot;,&quot;+W3zKdptcUVmHfTMP1i78A&quot;]</string>
    <long name="client_static_keypair_enc_success" value="592" />
    <boolean name="can_user_android_key_store" value="true" />
    <string name="client_static_keypair_enc">[0,&quot;d4PEoSQ4AbrVizGZg\/yMECdi+p7UBd0Oec62RplNSPzO6kX4ld5opfHMheZRQbuJEO2yAznMk40Nlvh1WdSu1K0z0SH+Q1A1XNmpnqo588Y&quot;,&quot;swFzMvxHIDtM3s5W&quot;]</string>
    <string name="server_static_public">M9brfa5ZRYf0eVsT7CQ+yBPOzEQO/eZ37RoA6DpvHFo</string>
</map>
