<?xml version='1.0' encoding='utf-8' standalone='yes' ?>
<map>
    <string name="client_static_keypair_pwd_enc">[2,&quot;av489IFdeH4e5mLioGwTW89JMjqcXOBaVcSLfbX3jUv7kRYBk9FWlPyEGvG22tyi4TgguwpEZ98dI\/sxswJZqw&quot;,&quot;lqJPNoeOEa+lb\/wdowb\/ng&quot;,&quot;Nl7uwA&quot;,&quot;Gbu1Y9qiX0YJfPjxQU3yHg&quot;]</string>
    <long name="client_static_keypair_enc_success" value="15" />
    <boolean name="can_user_android_key_store" value="true" />
    <string name="client_static_keypair_enc">[0,&quot;+fRzsfqp7BRx+C2iIHUVyo7jqE\/Y6axvH5xitGXyRt9i\/nYNC9VsVGalfHxB0solMI0Uu3gApIpN\/XqzdA3+e\/v7W\/cHwOWrVXd+2FhQkXo&quot;,&quot;Tvky10oaTpDBRvkE&quot;]</string>
    <string name="server_static_public">M9brfa5ZRYf0eVsT7CQ+yBPOzEQO/eZ37RoA6DpvHFo</string>
</map>
