<?xml version='1.0' encoding='utf-8' standalone='yes' ?>
<map>
    <long name="client_static_keypair_enc_success" value="2145" />
    <string name="client_static_keypair_pwd_enc">[2,&quot;SjSuAp8Z+c5RBKKL17EjnHelpRVYc0s7gndzNNDOHShF1X\/Rbv\/j5yd\/8pGV\/upufT02oyKVFm+DtzTWCTFYCQ&quot;,&quot;LWVIz4RNGIaEPmkyq9blAQ&quot;,&quot;5XB\/JA&quot;,&quot;7MMwmkVXKNcG5W5zxnmbPw&quot;]</string>
    <boolean name="can_user_android_key_store" value="true" />
    <string name="client_static_keypair_enc">[0,&quot;QAE6KW+4cy7XqpZf81h6FW8Ehq3kBn2uVjgPaPjk3Z5kmuDMa+4EPO9wb1GUQi2pQ1gEIzR+QAYbqtaNk4wK1tmtAPjpdF\/hRJQ\/8LAYARg&quot;,&quot;I7x7Sp5hzamPIGZJ&quot;]</string>
    <string name="server_static_public">qJWvSttNopqgQ2CgXYTc4jmSUKWd1Rv2QTMbQyYpKwY</string>
</map>
