<?xml version='1.0' encoding='utf-8' standalone='yes' ?>
<map>
    <long name="client_static_keypair_enc_success" value="40" />
    <string name="client_static_keypair_pwd_enc">[2,&quot;XI4+0d1qRmczkr8yP1qrW+0F5htKDYyqe2QUkyuQHPlp99IHS4GpUI5nTveyrnCUBnHVaZujCfb9sxAuARd7og&quot;,&quot;m68UaAQRy\/GlaZTli64bUA&quot;,&quot;DvWzgw&quot;,&quot;OKaMmD07mYmHBm4UOQ4l3Q&quot;]</string>
    <boolean name="can_user_android_key_store" value="true" />
    <string name="client_static_keypair_enc">[0,&quot;gdztjRjTqVZ8QMiQLQNmZP7yVdAv1YkD4TM3qxxOr0ay\/uIeMWSSvfWZ6GbfTQq5e0EVEawzwBPrbWfr1T1ddZBBT+PzXlorOfWYPFKIWcY&quot;,&quot;DDo4+HYhBgeTWfto&quot;]</string>
    <string name="server_static_public">qJWvSttNopqgQ2CgXYTc4jmSUKWd1Rv2QTMbQyYpKwY</string>
</map>
