<?xml version='1.0' encoding='utf-8' standalone='yes' ?>
<map>
    <string name="client_static_keypair_pwd_enc">[2,&quot;S0jokqW7R4emUBLxLn9JIP3m8y9PXCVyTm6JV52zsqHj0bdlQ\/x3z4RdrqOTp\/NBuW7JfGVWF8TuHflpt1wlMQ&quot;,&quot;H4DgeqAwZy6J1Afl2jXWNQ&quot;,&quot;8in++A&quot;,&quot;op6izql4IarFyGxYXKKzrA&quot;]</string>
    <long name="client_static_keypair_enc_success" value="35" />
    <boolean name="can_user_android_key_store" value="true" />
    <string name="client_static_keypair_enc">[0,&quot;lG0TPcQFiZ7ck3gELR4jfqljc2uaE+34C4tW2Y5vGQpCyUOza0N1R+77nXEfcTMDUT2tdYDAT5Iol+aEQ\/SQELnK\/49bAhdRfs1vu3606hY&quot;,&quot;hYeZnRYgQdASWkLW&quot;]</string>
    <string name="server_static_public">qJWvSttNopqgQ2CgXYTc4jmSUKWd1Rv2QTMbQyYpKwY</string>
</map>
