<?xml version='1.0' encoding='utf-8' standalone='yes' ?>
<map>
    <string name="client_static_keypair_pwd_enc">[2,&quot;HzLqjiiA9ieMmbgUf5O\/0zg+OuYUN344PCcYNa8m+zEIMD1Ohk6cSrDwJ7MmTs3C\/IIt+nGsPeCoSud12dp2+g&quot;,&quot;srA2\/lZJPpgq3Hjq653zvA&quot;,&quot;eQ0fLQ&quot;,&quot;20n1+juJ1e8MENlOcAMA3w&quot;]</string>
    <long name="client_static_keypair_enc_success" value="91" />
    <boolean name="can_user_android_key_store" value="true" />
    <string name="client_static_keypair_enc">[0,&quot;YLr+JuFPlAiu0tbQfDR1pG\/6t+n5kEDYnKekMH805Azxh3YkSny16Yeh+xicNvFVHJoSwsub7yQYNkuAz0pu7aW4VyN1MZh2Rx7swqiDo5A&quot;,&quot;0g8fZXvZEVUVN9s6&quot;]</string>
    <string name="server_static_public">qJWvSttNopqgQ2CgXYTc4jmSUKWd1Rv2QTMbQyYpKwY</string>
</map>
