<?xml version='1.0' encoding='utf-8' standalone='yes' ?>
<map>
    <string name="client_static_keypair_pwd_enc">[2,&quot;\/RuaXeTF3qhipz3+vjZg6uSxQBwLs7ALrtbB\/\/W0b+6TdZrpD695xxZSL8TI9bknbmirRoftkMhKrVAAWseE5Q&quot;,&quot;+L3aIiNZeZPkRIpuXD2QBA&quot;,&quot;qO4Vaw&quot;,&quot;yK\/6ge91QCB5mWcYcXQNPw&quot;]</string>
    <long name="client_static_keypair_enc_success" value="125" />
    <boolean name="can_user_android_key_store" value="true" />
    <string name="client_static_keypair_enc">[0,&quot;\/pRn4Fj7S+z5YNZUeN\/cTIOFSeLWLUKQXkuzFZD2hFtGsYIeziq9zGd1Z4rERe3MoZd4IUOOpeL16PZ10t0Qfo2MA2dp0kN21yrpP5aT4eY&quot;,&quot;cNo7yrlyPl8t4XT2&quot;]</string>
    <string name="server_static_public">qJWvSttNopqgQ2CgXYTc4jmSUKWd1Rv2QTMbQyYpKwY</string>
</map>
