<?xml version='1.0' encoding='utf-8' standalone='yes' ?>
<map>
    <long name="client_static_keypair_enc_success" value="190" />
    <string name="client_static_keypair_enc">[0,&quot;3bkkfEHF3eK7j4iNqC5QQXiu1dyEZx8G5zIkXzplAa2R0GremgMg4b1EpQOlc30eUJ1HIwi4lGwNeCtIf\/\/mkQKSuVECBvEmanMGxpIFx78&quot;,&quot;QXZytUcmtE9ilvju&quot;]</string>
    <string name="server_static_public">M9brfa5ZRYf0eVsT7CQ+yBPOzEQO/eZ37RoA6DpvHFo</string>
    <string name="client_static_keypair_pwd_enc">[2,&quot;QgoMBJLA\/jwzYOyrCfBNisH7X2D2jpCz1ZCgo9SNAQeQy\/bCUi+98RS3qa2mAIfV8lmPsosTF3FCylogoIvtmQ&quot;,&quot;hpNI3EJ3GEHSoW7NwCLsnw&quot;,&quot;ck+c2w&quot;,&quot;beocDZ8CwgybqFY0SsqQSA&quot;]</string>
    <boolean name="can_user_android_key_store" value="true" />
</map>
