<?xml version='1.0' encoding='utf-8' standalone='yes' ?>
<map>
    <string name="client_static_keypair_pwd_enc">[2,&quot;U65jXcKMx5fjVD5d\/vHF1DVwsO+uwk+1ec6\/pEv3Uj7fyk72aPg1CiMnTBCPPP90XZuMyZxaQ7UjK4p7zS+duw&quot;,&quot;6WAJ0WZ7n3+w1jS6LP6HeQ&quot;,&quot;lb8LDQ&quot;,&quot;4v2IBn7ng5ucjYgMVdQ2QQ&quot;]</string>
    <long name="client_static_keypair_enc_success" value="5" />
    <boolean name="can_user_android_key_store" value="true" />
    <string name="client_static_keypair_enc">[0,&quot;qbxJlZBgJrGRkXyxG6mOeqV8tkFWOcQ8S0qA0uccW3C3PwEDufp5fMHNyw5eCHZznN\/LAMAh\/jdA0suVRobBtLCDZeIVSGUcPSgV7pIUsQg&quot;,&quot;ofRS0IPDthnYTX1T&quot;]</string>
    <string name="server_static_public">qJWvSttNopqgQ2CgXYTc4jmSUKWd1Rv2QTMbQyYpKwY</string>
</map>
