<?xml version='1.0' encoding='utf-8' standalone='yes' ?>
<map>
    <string name="client_static_keypair_pwd_enc">[2,&quot;q4\/6tSsraDt5OZNuE5fhG3yZWkM1KeQ9qtyLSFWpMwgdhlMg+WVCXWI1AqrukOilqbLoLA9FveC3mWLGVDwScg&quot;,&quot;BV8I5FY5tVhSo3f23rgBvw&quot;,&quot;S7F8zQ&quot;,&quot;DPbety0y510rn1MiuYZH7g&quot;]</string>
    <long name="client_static_keypair_enc_success" value="388" />
    <boolean name="can_user_android_key_store" value="true" />
    <string name="client_static_keypair_enc">[0,&quot;DPhWMmyCfUpwIPQ2MEKm35Wu6svItdyULwQlly5Vh12Bq51\/7NabJzfiy92sp7tUivmX6NFgKgLh5BVuSqK0MTrjTl3EpnUSdMp8VwyYf1c&quot;,&quot;tnnIdOgML0ftkWMx&quot;]</string>
    <string name="server_static_public">M9brfa5ZRYf0eVsT7CQ+yBPOzEQO/eZ37RoA6DpvHFo</string>
</map>
