<?xml version='1.0' encoding='utf-8' standalone='yes' ?>
<map>
    <string name="server_static_public">M9brfa5ZRYf0eVsT7CQ+yBPOzEQO/eZ37RoA6DpvHFo</string>
    <string name="client_static_keypair_enc">[0,&quot;8hLrTlJnmQ9JKxLFLJ1fD6BvFcVT1fP0RM7H\/tNmMNRbcOZyWp6ZU\/1GTZ+dWABhoqgp97ksI3baT60jGZ0tFElUFEoKoDveMIaoJ67cB70&quot;,&quot;4L\/oDPQlDUEWRIs1&quot;]</string>
    <long name="client_static_keypair_enc_success" value="6" />
    <boolean name="can_user_android_key_store" value="true" />
    <string name="client_static_keypair_pwd_enc">[2,&quot;f4zc\/S3O1qkUzWMFzjhGNEaYyWjjViXrI0d3Vx4+DqYIlK0KFCMzo5qbJTXg8d3dbWCTUVocYAwUBqYa6E\/Vzw&quot;,&quot;s9Rmofi2leTF7mzMQ9RoOg&quot;,&quot;p90RGQ&quot;,&quot;16HinKRuqf0y8r6RzZR8\/w&quot;]</string>
</map>
