<?xml version='1.0' encoding='utf-8' standalone='yes' ?>
<map>
    <string name="client_static_keypair_pwd_enc">[2,&quot;qVqdtzEa4mtL04dTqC0pGK8xkd1wCPrJdIhdSBzbCmK1RYmmndRf04GT8RVP0Q4\/WgUXAbs6CbVgNqBJNOou9g&quot;,&quot;u9KY2F+fAq46CGqe9NoGrg&quot;,&quot;RATm+A&quot;,&quot;OiGNMJCH\/X049UCfTtrXIA&quot;]</string>
    <long name="client_static_keypair_enc_success" value="8" />
    <boolean name="can_user_android_key_store" value="true" />
    <string name="client_static_keypair_enc">[0,&quot;sC4u+r60e2k68mznc8HCRkrTVyWq2USi4517mI7qsIribTT6mqy8HDCupnN5SoFD35yZNwnCylYJYghvJSJ3Msq9utxz4p7yq4Nwhlegd1Y&quot;,&quot;r0N94oOM3VxcPgbr&quot;]</string>
    <string name="server_static_public">qJWvSttNopqgQ2CgXYTc4jmSUKWd1Rv2QTMbQyYpKwY</string>
</map>
