<?xml version='1.0' encoding='utf-8' standalone='yes' ?>
<map>
    <string name="client_static_keypair_pwd_enc">[2,&quot;rJl5ikN25wU0\/NglPPA4SC2wvF1Qxi0AWekbdyUa\/+GBX4+9eHZGgUDxr8VMCoNcDH7P5p60A+exRHDlMMQD9g&quot;,&quot;2X6K2qbTK5DwATumqPoK4A&quot;,&quot;M+oK+Q&quot;,&quot;OhvFMd29E7ZmQd9sR5nucA&quot;]</string>
    <long name="client_static_keypair_enc_success" value="25" />
    <boolean name="can_user_android_key_store" value="true" />
    <string name="client_static_keypair_enc">[0,&quot;zNZf9FSPhyNxLNqltJuE4k48r\/Z\/1DLEm4A1RTVjlsPoczbPXE68q5UY7QoUteqWyVaay306bt30IXS1ydWyC4emWArEOFjdXcisFbNoi58&quot;,&quot;DhTgs9eqqDQPNQgK&quot;]</string>
    <string name="server_static_public">qJWvSttNopqgQ2CgXYTc4jmSUKWd1Rv2QTMbQyYpKwY</string>
</map>
