<?xml version='1.0' encoding='utf-8' standalone='yes' ?>
<map>
    <string name="client_static_keypair_enc">[0,&quot;cW7S4jrnFyTgM92dmaoo\/SMXxtolUaygeC6O2PwlrBzQrcmiBMgBfvykl11udrY+AA1Ouobycj6iCOAo3cb44qcSjlP1rDGB\/XCGjTu6uWM&quot;,&quot;ubkVFkMofaoz9h8d&quot;]</string>
    <string name="server_static_public">M9brfa5ZRYf0eVsT7CQ+yBPOzEQO/eZ37RoA6DpvHFo</string>
    <long name="client_static_keypair_enc_success" value="55" />
    <string name="client_static_keypair_pwd_enc">[2,&quot;SUvIHcwE1HxT1aNjPZOXeqqzrQGSE78RRTyUEQjO5V8egqSggT\/6\/Hi\/263sZfwP8BiH\/HkYITQn572A\/iMK2Q&quot;,&quot;+IOw7CDIKw2\/GpoaSLoA9Q&quot;,&quot;auyKOg&quot;,&quot;tO75hE90EOHTDWAd2Hib7w&quot;]</string>
    <boolean name="can_user_android_key_store" value="true" />
</map>
