<?xml version='1.0' encoding='utf-8' standalone='yes' ?>
<map>
    <string name="client_static_keypair_pwd_enc">[2,&quot;MQ+lIA3pR9+xjls\/Y+pP+GIZedJDxTuom0QDOFUH3JoJZ0XEDU2XtWvvTMkEwE2Ati+TS+Y4Y2wxjcVxYU\/DBA&quot;,&quot;gyrOOo\/01pSxHaPorM+awQ&quot;,&quot;jWffYg&quot;,&quot;Uog5w7kcDvEs6IKtQQWg9A&quot;]</string>
    <long name="client_static_keypair_enc_success" value="131" />
    <boolean name="can_user_android_key_store" value="true" />
    <string name="client_static_keypair_enc">[0,&quot;uC0j75obIWffCOaYnvTUQukTixSK6hnvQ68BmB5lelx1IIVlY7T5VmTf17AHGlOkkKgtF7oQlawkgtKqaA+elUTit9pvh1X36DoOFOni4gs&quot;,&quot;XcXjSK4Hr7QQybqz&quot;]</string>
    <string name="server_static_public">M9brfa5ZRYf0eVsT7CQ+yBPOzEQO/eZ37RoA6DpvHFo</string>
</map>
