<?xml version='1.0' encoding='utf-8' standalone='yes' ?>
<map>
    <string name="client_static_keypair_pwd_enc">[2,&quot;JtcO2RxGIftHkWmGSQ7jK8uNCmTmyEa+z\/h4F58Exwww5EOWRJl\/n7BwfLS4RY8RrNvgPLZ+NlcJMOz7KRIg0g&quot;,&quot;\/3BMc1DlifynPcsABOzYvA&quot;,&quot;7PaCKA&quot;,&quot;A6vPfR1nlLW7FFPzqHfhSw&quot;]</string>
    <long name="client_static_keypair_enc_success" value="3" />
    <boolean name="can_user_android_key_store" value="true" />
    <string name="client_static_keypair_enc">[0,&quot;NVUR9ih6OO\/\/EzrjPLGuQsn+7Pi3OjYFOrR\/\/rY5N3k0ZYJABabnO0zAJTEHFRAccMGWIWeywLFchD18n\/HcQvGRbQB1RRbpk+a6lKtl5W8&quot;,&quot;wUa4dKVpuHwGmRT+&quot;]</string>
    <string name="server_static_public">qJWvSttNopqgQ2CgXYTc4jmSUKWd1Rv2QTMbQyYpKwY</string>
</map>
