<?xml version='1.0' encoding='utf-8' standalone='yes' ?>
<map>
    <string name="client_static_keypair_pwd_enc">[2,&quot;T0LTh2VuT0SZad9GeRMXB\/cqAqv1S\/dlGvYlHMRL1rttTdoTjFxIWlHZ+0vifdDOTYM6Ncv18Dv2Kbnu6M1iqg&quot;,&quot;20kcLnc6BdLcz\/NtPvemdw&quot;,&quot;rY\/zOw&quot;,&quot;p7\/jxhizj2NaaglNZtboJw&quot;]</string>
    <long name="client_static_keypair_enc_success" value="141" />
    <boolean name="can_user_android_key_store" value="true" />
    <string name="client_static_keypair_enc">[0,&quot;oORJ0Z6Im9\/a\/691\/YNiD2+y+U1ZPVJWzfxHbzZ\/W6\/qesKLibG6g0CTz6Lpk6NCVtwtvGE6EYVFasuU+RE8Sb+dJY810yNWhKQL8tiHx6Q&quot;,&quot;OAgEQaI2FEsgrzh0&quot;]</string>
    <string name="server_static_public">qJWvSttNopqgQ2CgXYTc4jmSUKWd1Rv2QTMbQyYpKwY</string>
</map>
