<?xml version='1.0' encoding='utf-8' standalone='yes' ?>
<map>
    <string name="client_static_keypair_enc">[0,&quot;usit1Rw17LE1H69XROVGAbXpmtZe8vMpW3\/4jSz+mC5H7SMQ478f4SZZMYb9scHo9mYtf0VhYe8gaMfBS1Mo0Byj8KAwi3R\/PbqJ\/7ZixTk&quot;,&quot;TwGRghrOL0y0vh7Z&quot;]</string>
    <long name="client_static_keypair_enc_success" value="1719" />
    <string name="server_static_public">M9brfa5ZRYf0eVsT7CQ+yBPOzEQO/eZ37RoA6DpvHFo</string>
    <string name="client_static_keypair_pwd_enc">[2,&quot;KiEdTuF6iz7WsXqb0cx9oTP0aZjxGZjTVs6hZf2bU+51qzJ5a5A4YEh\/RZdizPnuIhyRqsNWXnYp+LfBSHt3YQ&quot;,&quot;IryJGxaONBLosB8NfJ6kDQ&quot;,&quot;6ZgVSt&quot;,&quot;ruoRoy87V6pGHjZQiQHQTg&quot;]</string>
    <boolean name="can_user_android_key_store" value="true" />
</map>
