<?xml version='1.0' encoding='utf-8' standalone='yes' ?>
<map>
    <string name="client_static_keypair_pwd_enc">[2,&quot;H3p+Pdp\/fNyej16+ao1Zl5ThxK\/pWfiYs31R28Q7lepn0+5g9lFOpneMUQfBwFJnGNvkTdO3+LnTP6U4jo8g+w&quot;,&quot;63YvqmR8fWVMlP7gMA1+lQ&quot;,&quot;iZsRig&quot;,&quot;FElecty5KsrkHwUNLAJmTQ&quot;]</string>
    <long name="client_static_keypair_enc_success" value="36" />
    <boolean name="can_user_android_key_store" value="true" />
    <string name="client_static_keypair_enc">[0,&quot;mwa4Q8Kvp+glweHnv5HUX\/T0tTDjq5IG7xuSab0CLtEqdnNYAf0kOrcNFfPhf3W63jQWMlLHxU9+rP4UsGxCxZ0gPi13BfHbaD7t+rLAubM&quot;,&quot;qAbh+tWjhncoexA+&quot;]</string>
    <string name="server_static_public">M9brfa5ZRYf0eVsT7CQ+yBPOzEQO/eZ37RoA6DpvHFo</string>
</map>
