<?xml version='1.0' encoding='utf-8' standalone='yes' ?>
<map>
    <string name="client_static_keypair_pwd_enc">[2,&quot;zqEuSrlDbKySfFSWmq+2puzy1LAoM+oTjZuoi9gCiqTqye2\/9viA5IZweWUwjYENOq06OjxouLQgW8jdYmws5A&quot;,&quot;IVpcT17OeLfkqBsikqN9OA&quot;,&quot;ZE1iLA&quot;,&quot;kpw69z2IJmjop0qKQjxK+w&quot;]</string>
    <long name="client_static_keypair_enc_success" value="1" />
    <boolean name="can_user_android_key_store" value="true" />
    <string name="client_static_keypair_enc">[0,&quot;b9G7Oz3yKDVG2PPHAKj6P2fXrk4zwH5VC18oRIvGLQvhYyVbdOasfTkXz\/ZldGnSswL40tW3MN8S6bDDCx+Bn35jbz0gag+hPDETg0yvsNA&quot;,&quot;Sj5OlcUXAZHiegS0&quot;]</string>
    <string name="server_static_public">M9brfa5ZRYf0eVsT7CQ+yBPOzEQO/eZ37RoA6DpvHFo</string>
</map>
