<?xml version='1.0' encoding='utf-8' standalone='yes' ?>
<map>
    <long name="client_static_keypair_enc_success" value="79" />
    <string name="client_static_keypair_enc">[0,&quot;8hbocXFKzL9JTdVa+SH9HlnDIWqHKarCD5t\/lXeTWDbJuCkkwt\/OIoT9vRxk9b6LpNIuqJH\/fqrXOB0XWC7eWtmlbE58OIGWlXGSclAScY4&quot;,&quot;v+RX6fCbQvyPYRpA&quot;]</string>
    <string name="server_static_public">M9brfa5ZRYf0eVsT7CQ+yBPOzEQO/eZ37RoA6DpvHFo</string>
    <boolean name="can_user_android_key_store" value="true" />
    <string name="client_static_keypair_pwd_enc">[2,&quot;4M59MyKHD6MwApfwjL2SfSzeQeAaJoN7N+O84UAeouIO0vY6alMySERe2La6t7eEWcSl4xb7UMUL+bqASoSEzQ&quot;,&quot;EGy+YMTsffJe1QuC+1lDgQ&quot;,&quot;1w5GzQ&quot;,&quot;3snxECL4XKX0gyxbzSaZDA&quot;]</string>
</map>
