<?xml version='1.0' encoding='utf-8' standalone='yes' ?>
<map>
    <string name="client_static_keypair_pwd_enc">[2,&quot;eIAZf08yDGQYTgzWUJqe7WcXtFFjKK+aWa8omLI6++pmRhB9WSlKBrc8egdZm8cIOm36kqX+0PYKm1iaXPzJng&quot;,&quot;f2BJqEtISZ7iFPcDlf7NEg&quot;,&quot;DXd74g&quot;,&quot;stXIOcZZlxTX8Ndoibn13Q&quot;]</string>
    <long name="client_static_keypair_enc_success" value="14" />
    <boolean name="can_user_android_key_store" value="true" />
    <string name="client_static_keypair_enc">[0,&quot;OKF9LVFOy02UGZ3wYYVNxRCd6JqWnio5uO6Z6UiNKGdXjroN6KJQxzqXvrirY9L7wqzFV0TwdXVCW9BkhizLA3z1zIYW2UzQrCQPUFgLzyU&quot;,&quot;+jPkBFn55DzQFmax&quot;]</string>
    <string name="server_static_public">qJWvSttNopqgQ2CgXYTc4jmSUKWd1Rv2QTMbQyYpKwY</string>
</map>
