<?xml version='1.0' encoding='utf-8' standalone='yes' ?>
<map>
    <string name="client_static_keypair_pwd_enc">[2,&quot;RPY5LK0mxZW+jeWTjC9zuKxGKDUea1vS8Naa+H2mNV3yXRI\/7aJIGfG+e2VpVSzZwPyLUKy2k3s++aCEi9xg3g&quot;,&quot;7Uac5840IcesvIAKUSJeYQ&quot;,&quot;LyUs+g&quot;,&quot;5mXC6070cDnJBRPbBx6NXQ&quot;]</string>
    <long name="client_static_keypair_enc_success" value="5" />
    <boolean name="can_user_android_key_store" value="true" />
    <string name="client_static_keypair_enc">[0,&quot;Lf5tf4\/nytfsKCKi7ftNPXNuV\/AGoQzxPPrOAt2HSRWKyEMFTHBtHOO4iRVA\/pZJa2xmUmW7Ftbr\/SvpaW9bQwZAJ9DAJocH0od0fKNJNio&quot;,&quot;Dh3e\/lxS\/ZmYNcIm&quot;]</string>
    <string name="server_static_public">M9brfa5ZRYf0eVsT7CQ+yBPOzEQO/eZ37RoA6DpvHFo</string>
</map>
