<?xml version='1.0' encoding='utf-8' standalone='yes' ?>
<map>
    <string name="client_static_keypair_pwd_enc">[2,&quot;UJvXfohDkoo\/+cnPIN1lCHoJsoaL4wTZVrAE3ZNvCLsH+cUg2rN3cT+bUQrKnV7vAvQG0wnKA2Z3kI96cN7UNA&quot;,&quot;dcjjn\/vRPmZgT6hhrzF18A&quot;,&quot;mx4lXw&quot;,&quot;vtASmn7Ytoy9O6eLLTiNXA&quot;]</string>
    <long name="client_static_keypair_enc_success" value="4" />
    <boolean name="can_user_android_key_store" value="true" />
    <string name="client_static_keypair_enc">[0,&quot;OqBuyxvzBE5MXA2nsH8J6IwFx\/WClzGJcaKBLG3sl79movVLX49XOxxbbZnLcd5FuPZHOwXN76SJQ6+ccL3JmbkzrSANOTJRFqIeRie86zI&quot;,&quot;heZ3x2vdwJ3\/LEIe&quot;]</string>
    <string name="server_static_public">qJWvSttNopqgQ2CgXYTc4jmSUKWd1Rv2QTMbQyYpKwY</string>
</map>
