<?xml version='1.0' encoding='utf-8' standalone='yes' ?>
<map>
    <string name="server_static_public">qJWvSttNopqgQ2CgXYTc4jmSUKWd1Rv2QTMbQyYpKwY</string>
    <long name="client_static_keypair_enc_success" value="641" />
    <string name="client_static_keypair_enc">[0,&quot;IqiRu\/PNvDnO2U54AeqE5buEgBNanmeG753MwYNNd3ziZp89VKzaUF\/p0JGu6kijhYTyooARVYK9hhg\/jc3fsFeNc741VwEuC9MJMjSEL4k&quot;,&quot;VWqmZhxsgrd+wnq5&quot;]</string>
    <string name="client_static_keypair_pwd_enc">[2,&quot;NkWp0aIcKnsLZwK\/6h8RU4LW5V\/p+4NbpC4ox61zH31N2TENjDfiS\/0pC3vwBSaHktScdmqHQaimxekJq\/5N+g&quot;,&quot;nRjBfuw1r\/Ke7Uuw\/uxUpg&quot;,&quot;Gbpddw&quot;,&quot;ZBh9ANv8VTVGUXVUBJ7crQ&quot;]</string>
    <boolean name="can_user_android_key_store" value="true" />
</map>
