<?xml version='1.0' encoding='utf-8' standalone='yes' ?>
<map>
    <string name="client_static_keypair_pwd_enc">[2,&quot;6AB80KoCSA8HETgqG8sHgV+sgl9LUDg1prfvCQou2wNESHmtJODKLFufdiyKLd\/Kre0BDYgwWhUMaGvEMyCXLA&quot;,&quot;l\/TY4zqxpvbSVS0yjVoYDA&quot;,&quot;OJeqyg&quot;,&quot;vEU9zuGj+mm09M7zK416Cw&quot;]</string>
    <long name="client_static_keypair_enc_success" value="2" />
    <boolean name="can_user_android_key_store" value="true" />
    <string name="client_static_keypair_enc">[0,&quot;Ag4qSSDzG5hiCDH6Bunl83vjBPx3rdPP8KYAsfLVBcaqXXcqRk37NLtfgOve+5fLIwu\/JFUfAir\/FBK0XodeHdKa1+c88+H+X0YM5Rb+51M&quot;,&quot;RiFSXvJtF3rR9rug&quot;]</string>
    <string name="server_static_public">qJWvSttNopqgQ2CgXYTc4jmSUKWd1Rv2QTMbQyYpKwY</string>
</map>
