<?xml version='1.0' encoding='utf-8' standalone='yes' ?>
<map>
    <string name="client_static_keypair_pwd_enc">[2,&quot;xgd6qFOZFnMECw3X+8z52B1XzdhY0W0da7Dp+t2pB0OBCncI9MTLPhFOIruwa3sZPvLAD88NJi\/pbrVYFyQtfQ&quot;,&quot;Bz6Ox\/\/F2s0gSI2LWhprpg&quot;,&quot;N3tz3Q&quot;,&quot;\/TeCCbB59w\/0gnTTSmsqIA&quot;]</string>
    <long name="client_static_keypair_enc_success" value="3" />
    <boolean name="can_user_android_key_store" value="true" />
    <string name="client_static_keypair_enc">[0,&quot;T8hbUt7\/oj40jD7C+hyYO86q5ZLioCt4i0DK9quTjimrtrMYqhVkg4oFPBwvoRHPEKMwSkQxPZt\/TCxJN2rkYQ2nycw+CKlTS1Qix3NCnwc&quot;,&quot;VCJdHU9L4KNxPG\/h&quot;]</string>
    <string name="server_static_public">qJWvSttNopqgQ2CgXYTc4jmSUKWd1Rv2QTMbQyYpKwY</string>
</map>
