<?xml version='1.0' encoding='utf-8' standalone='yes' ?>
<map>
    <string name="client_static_keypair_pwd_enc">[2,&quot;Wkp\/S27tillckAaasJgi7PxpWjq5nZyMsvBEuze3ItIFq6yMloF4JgbjNSCmwVvH0uyQnVdnyzekbsO5gcEgRw&quot;,&quot;E9IgVEpigzjFYShMw23fmw&quot;,&quot;xqBBSA&quot;,&quot;uiZUhVtEYMM3++nhVtDpFA&quot;]</string>
    <long name="client_static_keypair_enc_success" value="81" />
    <boolean name="can_user_android_key_store" value="true" />
    <string name="client_static_keypair_enc">[0,&quot;mR0IWJ82+SnekoEZf7f8jLucWGGYpc2Jmls\/c1cj40+F48Ruq8oLtHqgU74eRI0H110gJwXDu1GfaEITQMfbf5dvXCekFahRtarl7mqodqw&quot;,&quot;l06PeH2ogZVgkZtK&quot;]</string>
    <string name="server_static_public">M9brfa5ZRYf0eVsT7CQ+yBPOzEQO/eZ37RoA6DpvHFo</string>
</map>
