<?xml version='1.0' encoding='utf-8' standalone='yes' ?>
<map>
    <string name="client_static_keypair_pwd_enc">[2,&quot;9yjUUm+o2PGyzFfMSxqUGRqc2KzPr0NbWy69O7oPlKfm9D5swxKfTY52YV7KLgnPA1wEQEwqWS+\/pvoUFcJH\/Q&quot;,&quot;cxI3apsR3meVGjXeI9k67Q&quot;,&quot;cRt0Hw&quot;,&quot;wCP2XGgZ18L3nMnXhnVinQ&quot;]</string>
    <long name="client_static_keypair_enc_success" value="16" />
    <boolean name="can_user_android_key_store" value="true" />
    <string name="client_static_keypair_enc">[0,&quot;yiaHI8xzjQD0UfptXIJeCFannhoRSR\/WZdHR9EtPItV3zfoc9o01+lrS9hxkUnIsg9br2ev0bw6\/zUwV\/ULjnim1tvCYlyNifxM+WS3519E&quot;,&quot;ERxYNuIrs0+yphOb&quot;]</string>
    <string name="server_static_public">qJWvSttNopqgQ2CgXYTc4jmSUKWd1Rv2QTMbQyYpKwY</string>
</map>
