<?xml version='1.0' encoding='utf-8' standalone='yes' ?>
<map>
    <string name="client_static_keypair_pwd_enc">[2,&quot;9uEPpFjwG4+WBIcTJPS1E5r4GU9zzOBAe+qA1PDBGPJTbbpS7EeQhMw9BTQzauLQao4eyROVILvKa2xbSvf\/gg&quot;,&quot;QOCdNI9+o7EuH9wt2ilhaA&quot;,&quot;\/Rwbrw&quot;,&quot;Jst5KDN+KVomoVJiDr4X1A&quot;]</string>
    <long name="client_static_keypair_enc_success" value="7" />
    <boolean name="can_user_android_key_store" value="true" />
    <string name="client_static_keypair_enc">[0,&quot;YLFP4BOyguU6EgMEa5kpMxKmldY8u0N4KksFwE6PWgzCaz9dwSRVjPpLJEK\/3UkpekFIcbIh49ucc4S48AaG+xzt5SBYsvE\/XVSzWjKkPPg&quot;,&quot;lkze9bouj7xcdCOA&quot;]</string>
    <string name="server_static_public">M9brfa5ZRYf0eVsT7CQ+yBPOzEQO/eZ37RoA6DpvHFo</string>
</map>
