<?xml version='1.0' encoding='utf-8' standalone='yes' ?>
<map>
    <string name="server_static_public">M9brfa5ZRYf0eVsT7CQ+yBPOzEQO/eZ37RoA6DpvHFo</string>
    <string name="client_static_keypair_enc">[0,&quot;oC12LhAh4mF5\/TGK5d9TeyR8Z5q6XcrnW5EGpkV5Fe8PRhoanEf9Yp48FCXfu3OX2TKKAvQHW0yILLHln2ysSXRuw98zEUoPYNyrTtyvuCE&quot;,&quot;RVoMaW1jUAqVYMRX&quot;]</string>
    <long name="client_static_keypair_enc_success" value="26" />
    <boolean name="can_user_android_key_store" value="true" />
    <string name="client_static_keypair_pwd_enc">[2,&quot;aud8R3fJh9aHAsTcT+qNoR7mNkTR2w1rd6tgUDhGpG0Jzei7CAkM6Q4tx2yiPW5dM+BM31Y4HZjOYuoEnvRYCw&quot;,&quot;vmvS6ak8tkE0CleDV0bt0A&quot;,&quot;cWZxng&quot;,&quot;QQE9lCQMOkO5M9DXh1+4oA&quot;]</string>
</map>
