<?xml version='1.0' encoding='utf-8' standalone='yes' ?>
<map>
    <string name="client_static_keypair_enc">[0,&quot;Fzqag7vNAk9Aw39+Emy7sgwsj2Sxjk5+qJUMXLjPaWQe2YIqWjjk0dlnVtztMlCKGVMPRrFi\/w\/5nJswUItir4F9pLNszKD\/5WB5obI9304&quot;,&quot;jq\/i2SA35tGLPbIq&quot;]</string>
    <string name="server_static_public">qJWvSttNopqgQ2CgXYTc4jmSUKWd1Rv2QTMbQyYpKwY</string>
    <long name="client_static_keypair_enc_success" value="205" />
    <string name="client_static_keypair_pwd_enc">[2,&quot;sEK8RHzC3jyODGDPRY70vDMsqiKu70hIYepOpgfqfDzaDAvC2wCTTyIP\/XWA41chzgPJ5JtxOLJMXjLIqMotFA&quot;,&quot;cf+yyWbX8Jcu49+5\/TqkaQ&quot;,&quot;hWrSo3&quot;,&quot;zGRfGMWwPSIwQt8E4gNM+w&quot;]</string>
    <boolean name="can_user_android_key_store" value="true" />
</map>
