<?xml version='1.0' encoding='utf-8' standalone='yes' ?>
<map>
    <string name="client_static_keypair_pwd_enc">[2,&quot;LajGGqBXSZFy6mxV4ZvHVGX26GMekjrDkyeeOPBUh0Z0\/Uvrf3yCg59YP0vYKrvwZ\/CwbwcU\/yk0yiXmAG+sCA&quot;,&quot;2IMPfnFdHSPtvEF\/UbC0sA&quot;,&quot;x2n91Q&quot;,&quot;XAbuhtrk788lMKEGvQfzsQ&quot;]</string>
    <long name="client_static_keypair_enc_success" value="30" />
    <boolean name="can_user_android_key_store" value="true" />
    <string name="client_static_keypair_enc">[0,&quot;p0gftI8Ytp+1ftWiqKaNLV+ujNvSNzM0BZ7DsV6NfiDtC8ypIWeDPgEC3fPXMYVnAEzZl5w7iuEtbbhypxP67fYD4lBfqr8xIFnHqejv6ME&quot;,&quot;amvQs3uOzPhayyof&quot;]</string>
    <string name="server_static_public">qJWvSttNopqgQ2CgXYTc4jmSUKWd1Rv2QTMbQyYpKwY</string>
</map>
