<?xml version='1.0' encoding='utf-8' standalone='yes' ?>
<map>
    <string name="client_static_keypair_pwd_enc">[2,&quot;m6SeCDSbCImmElz9LMKKukhPlQy4y8KgyLZzRFuT6iPVn52YPdPDhYfavgNB57MWJ+Io1bhbv0gzw7ZEBlEGPA&quot;,&quot;QtSwoivTOBr0JAxQSKuo+Q&quot;,&quot;+5vieA&quot;,&quot;O3xpSknQkJIH49auU0L3oQ&quot;]</string>
    <long name="client_static_keypair_enc_success" value="29" />
    <boolean name="can_user_android_key_store" value="true" />
    <string name="client_static_keypair_enc">[0,&quot;SHH06KN+0y0mS1spTZoozwhAEN+JG1jTAMBWtDnPFZbdus5YUCl6HtDgK+OwfKxa2cfSZjuxc0U+JFjFTaLbQ+9fLaXytHkEjuV1hASF6Jc&quot;,&quot;mq\/XJ6xtndnPjSus&quot;]</string>
    <string name="server_static_public">qJWvSttNopqgQ2CgXYTc4jmSUKWd1Rv2QTMbQyYpKwY</string>
</map>
