<?xml version='1.0' encoding='utf-8' standalone='yes' ?>
<map>
    <string name="server_static_public">qJWvSttNopqgQ2CgXYTc4jmSUKWd1Rv2QTMbQyYpKwY</string>
    <long name="client_static_keypair_enc_success" value="910" />
    <string name="client_static_keypair_enc">[0,&quot;jarzxdb\/sAyDSCvKoqiR+aqInEpNxSL27GpCSJqpwuXI5NqiWj6z2Wa32WJULKzwbtQUGAzp8hkj1dF7rlYA6KiLuBXDdr2\/z5S2LFnfVc8&quot;,&quot;dAmG\/fTRTaRRKUjF&quot;]</string>
    <string name="client_static_keypair_pwd_enc">[2,&quot;1PfiINHSWtu3TgvRgaE6lME43Ckt8iChrUcTe6jBeGiWUeHvXP9hblEaoUfIltP88tNLD7Xieb7xuTFvu9qo3A&quot;,&quot;qamDu+cq4V5eOXw8SQcorw&quot;,&quot;Djca7g&quot;,&quot;7BI4mik8QoVjAqy0qnaERw&quot;]</string>
    <boolean name="can_user_android_key_store" value="true" />
</map>
