<?xml version='1.0' encoding='utf-8' standalone='yes' ?>
<map>
    <string name="client_static_keypair_pwd_enc">[2,&quot;ttjrioiZOC\/bPLW+OB\/4Bxt2MkjB68sO4tIHeREKnSqhfYJNfnBzW0h\/Bt7JEan1obGkglKz4+S7n+v8mYI2LQ&quot;,&quot;VM5FCglrOK8dZFhTJpkAWA&quot;,&quot;qgF5fD&quot;,&quot;Kpa254+OhMG\/1y\/WlX8jFQ&quot;]</string>
    <long name="client_static_keypair_enc_success" value="163" />
    <boolean name="can_user_android_key_store" value="true" />
    <string name="client_static_keypair_enc">[0,&quot;jYC6ko5ikrG7BhmMo9EmbW5NRj9doPyv5blwb2eypQd5LBKZVTWtPgJgnWccGgC8vZa+yHvnd2Q9bXSj+qejDSt5jxvLDrK3Vi17aJaPKdE&quot;,&quot;wnHo+ioil1TPScu6&quot;]</string>
    <string name="server_static_public">qJWvSttNopqgQ2CgXYTc4jmSUKWd1Rv2QTMbQyYpKwY</string>
</map>
