<?xml version='1.0' encoding='utf-8' standalone='yes' ?>
<map>
    <string name="server_static_public">M9brfa5ZRYf0eVsT7CQ+yBPOzEQO/eZ37RoA6DpvHFo</string>
    <long name="client_static_keypair_enc_success" value="79" />
    <string name="client_static_keypair_enc">[0,&quot;PW9Wpuy7ocL8DYKoMQtrC5XKUH\/Zlx8smMeWNmaMVag8S5PhS76R8KvjdEZO5inWrh3qfpHwlljOvZJMfqkAIptQ9nswnB\/xh4ECmrWDG8Y&quot;,&quot;7PXiJpE2o5gjMWGL&quot;]</string>
    <string name="client_static_keypair_pwd_enc">[2,&quot;\/fT1rcKf6xyKaRby5I+wC+vmL9cSvS8M2zod8Zo0ikl6OQrPuPWIyNaNJnWQj+MyYlwG6wYL9YY7JOSrs2gPIg&quot;,&quot;tlsKIAuBTQ5euyiBfmHQqg&quot;,&quot;xzDdcl&quot;,&quot;i5veJ4rY\/xBVOdrOQLB00Q&quot;]</string>
    <boolean name="can_user_android_key_store" value="true" />
</map>
