<?xml version='1.0' encoding='utf-8' standalone='yes' ?>
<map>
    <string name="client_static_keypair_pwd_enc">[2,&quot;se+JkxPvaQtE9cmhvogv+lzHZNSrXCNsOHoUYhCwIK+JNmn9mYe8z2fUfCORdTGk2Wa87c\/TBOWf8DoG8qDVYg&quot;,&quot;zyGD218FHPHky9AhP5JrEA&quot;,&quot;c9WF2w&quot;,&quot;mZqJ8gl\/YJKCQvqj2kk\/Ng&quot;]</string>
    <long name="client_static_keypair_enc_success" value="23" />
    <boolean name="can_user_android_key_store" value="true" />
    <string name="client_static_keypair_enc">[0,&quot;hRdf7AR66VQ5zI3WogTvwI1\/IVA+lYDyEUyGGSy8HRnNAQHZfnYHQRyHV9s8DgazqXikD3pNDr8jdrTE01wAR+nGIVfncKdWoX\/e0hxChjM&quot;,&quot;mOpFUu+MsoQZdtg\/&quot;]</string>
    <string name="server_static_public">qJWvSttNopqgQ2CgXYTc4jmSUKWd1Rv2QTMbQyYpKwY</string>
</map>
