<?xml version='1.0' encoding='utf-8' standalone='yes' ?>
<map>
    <string name="client_static_keypair_pwd_enc">[2,&quot;YaR7YbG0SR19LkyyNsAsRtB7KWAzuoYdVc49EtsLO0r52BPWY5+b+xEgQhM910A5c8A\/qkhtWCKOIgvYgbxW6A&quot;,&quot;tMfYVZXnESwB1Q5G9vvrAw&quot;,&quot;UnevrA&quot;,&quot;u9F8LJKKhTGKTW83D1Q36g&quot;]</string>
    <long name="client_static_keypair_enc_success" value="26" />
    <boolean name="can_user_android_key_store" value="true" />
    <string name="client_static_keypair_enc">[0,&quot;Cc0KqMhiKhk7otAB4LaqR\/QJFZbHSFCtfHrA+1snDBNrI8BQiTVJC6CxRSkcd3vw0eb1lTjun6ZmsHSKzpxsZRRZhMGFsnMcnRatJage5q0&quot;,&quot;wmO4w9JE77CRhUd3&quot;]</string>
    <string name="server_static_public">qJWvSttNopqgQ2CgXYTc4jmSUKWd1Rv2QTMbQyYpKwY</string>
</map>
