<?xml version='1.0' encoding='utf-8' standalone='yes' ?>
<map>
    <string name="client_static_keypair_pwd_enc">[2,&quot;mB7ImCq520VrRy900QtqoHpvPv7vLtiEvXTs89JRGq8z+D\/te6P+MXzZqSILSQAXsHkAEUJ\/s08Ebos4G5TKxQ&quot;,&quot;sY9IQCCKtDqr5A5uCFROng&quot;,&quot;Pz656A&quot;,&quot;KosaPgZGIhXZujAuW+DJ0w&quot;]</string>
    <long name="client_static_keypair_enc_success" value="18" />
    <boolean name="can_user_android_key_store" value="true" />
    <string name="client_static_keypair_enc">[0,&quot;zTxLFBI3d+Jo9BEiNuIjeIMjoXDMn8AgHDgGCH8paL+gzOOUeiT\/E0Xs0N7ZuQqlsMgvZVt5xdWnFY5z2scMLX4gAd0FTdPDRVETCLK9Vg4&quot;,&quot;JLLriM8ec20+rm6F&quot;]</string>
    <string name="server_static_public">qJWvSttNopqgQ2CgXYTc4jmSUKWd1Rv2QTMbQyYpKwY</string>
</map>
