<?xml version='1.0' encoding='utf-8' standalone='yes' ?>
<map>
    <string name="server_static_public">qJWvSttNopqgQ2CgXYTc4jmSUKWd1Rv2QTMbQyYpKwY</string>
    <long name="client_static_keypair_enc_success" value="1005" />
    <string name="client_static_keypair_enc">[0,&quot;ILa73akz3bHWH9xxxVoWnO6YcQCemtFEHs139mFhMhVCKSLfbVCW4pc+FYO2rv6EG2Iq0Jex7VVgNhGB\/HPPBHK\/VRBA8GuKF00lWeQbFeI&quot;,&quot;roDWbZuSZoU\/9S4n&quot;]</string>
    <string name="client_static_keypair_pwd_enc">[2,&quot;F\/nh9C+mbepB+38H7PvjE91xr0+ytE6Qb3Stm4nJZj7+54kLZgvh7w0pHr7xaPtQhxQu1W0ZkGRNfdPn2sB8Jg&quot;,&quot;7tvbOgfFvOjs6klVEWMjog&quot;,&quot;J3EbOw&quot;,&quot;PNur\/56lqpktQTtMUkDxMg&quot;]</string>
    <boolean name="can_user_android_key_store" value="true" />
</map>
