<?xml version='1.0' encoding='utf-8' standalone='yes' ?>
<map>
    <string name="client_static_keypair_pwd_enc">[2,&quot;RRXxHUl9o+\/jx0gNSN9cIRKFN14qC5SCMzp18OKZA1WVEGHscGFNrnQ9PSj5Hxsilydvu04WU8kzBIh5qwUUIQ&quot;,&quot;\/Wrh\/mnTCELltK2oxcC2pw&quot;,&quot;VruI6I&quot;,&quot;g0yaSuDTuoe2GNTgLrS0YA&quot;]</string>
    <long name="client_static_keypair_enc_success" value="1" />
    <boolean name="can_user_android_key_store" value="true" />
    <string name="client_static_keypair_enc">[0,&quot;zOxBS\/yGggm3RODy81F+zsmnhqtwK20vT6WiUdvSxm8mv+TZqU8xhF8h7VG9HaoXAuUDIHBagkeMFyibUyyeK6va0YvOGM\/wzmXqlVhenBc&quot;,&quot;YNRa2xIaYmlz\/KRV&quot;]</string>
    <string name="server_static_public">M9brfa5ZRYf0eVsT7CQ+yBPOzEQO/eZ37RoA6DpvHFo</string>
</map>
