<?xml version='1.0' encoding='utf-8' standalone='yes' ?>
<map>
    <string name="client_static_keypair_pwd_enc">[2,&quot;w0kixeFeKhNcuAbkduA1Vp7WSj284Go6dGRP2Zre8sdSKKnm53lghac668phPgGGwjHZWQmn6EUo1jODygowsA&quot;,&quot;muz515PU5KdPWIjShlCZhQ&quot;,&quot;vOZ\/Eg&quot;,&quot;wXHNuEV5LkrC9Doyeauliw&quot;]</string>
    <long name="client_static_keypair_enc_success" value="144" />
    <boolean name="can_user_android_key_store" value="true" />
    <string name="client_static_keypair_enc">[0,&quot;y5Zxr3am3Vk+e4QwPzTw7r+pw0JS0oC2n+I3UkEEv0R3jiP+kVCMGSKdD7SnkpulHpO7+SRxsc9fsCwi5Xkc1iSGlp3MUfLm+S7nxRusc34&quot;,&quot;oTTSRjg6HjmpdR+y&quot;]</string>
    <string name="server_static_public">qJWvSttNopqgQ2CgXYTc4jmSUKWd1Rv2QTMbQyYpKwY</string>
</map>
