<?xml version='1.0' encoding='utf-8' standalone='yes' ?>
<map>
    <string name="server_static_public">qJWvSttNopqgQ2CgXYTc4jmSUKWd1Rv2QTMbQyYpKwY</string>
    <string name="client_static_keypair_enc">[0,&quot;6NrNpyfG8NeZaAxEqlfvVLdOxRhpytNlzSF7OsvY2fgxLY782TMUBy4jIYVKSSD4Li6WjryG07BWKXw+3UfDoREbuLq9O1HDp1IyrzIfUL0&quot;,&quot;\/m8iyDnzMABAJp9i&quot;]</string>
    <long name="client_static_keypair_enc_success" value="34" />
    <boolean name="can_user_android_key_store" value="true" />
    <string name="client_static_keypair_pwd_enc">[2,&quot;8z58FGKbLk5NHKJrENuVrTxQls+TdsNARgc4s0Vl\/Qc9s5sD5Y8Wy+0GYKHG2n3wrjQ2cQunjbiF4gkBGCFTvw&quot;,&quot;8Hko1HNlrwfWQHXUDiqoBA&quot;,&quot;\/KTYfw&quot;,&quot;Ptkteyz+Ppu6iPt6vKXwQw&quot;]</string>
</map>
