<?xml version='1.0' encoding='utf-8' standalone='yes' ?>
<map>
    <string name="server_static_public">qJWvSttNopqgQ2CgXYTc4jmSUKWd1Rv2QTMbQyYpKwY</string>
    <string name="client_static_keypair_enc">[0,&quot;Yd8hwIbSaxDabZvaRWzh6YU2RcQN0Udu\/r60nVdlDt8vNeJHjB\/sCIbQPsHfaeAiTw9x6QJhbHq43HAaGIhQ23mQdmfYe2ztQwG8cHlT41Q&quot;,&quot;NqGpsp8CEGionu2U&quot;]</string>
    <long name="client_static_keypair_enc_success" value="222" />
    <boolean name="can_user_android_key_store" value="true" />
    <string name="client_static_keypair_pwd_enc">[2,&quot;kWPIdSQkktKZUebzhYPu0LRRqWE4ucz75pCxcvY7wZuVaeIgHhnIdFA41El4nfFWP3P5BWCrygBjIdpeHWnZ7w&quot;,&quot;DaQM7sbODgUsxmY38hsV+Q&quot;,&quot;fBm+vw&quot;,&quot;QK788f7UXXAiL0PU97p0SA&quot;]</string>
</map>
