<?xml version='1.0' encoding='utf-8' standalone='yes' ?>
<map>
    <string name="client_static_keypair_pwd_enc">[2,&quot;UnaZ2kPxTs4VTg4EvolaEXC8GqUzqFo0zhqc2FXzvGRSvcwE5XT1RwAKuB0R1kPakXcYQouXbanT25Xm6JcSmQ&quot;,&quot;DAPM9u7sxTZwoEiMgeTmnw&quot;,&quot;jG6EmA&quot;,&quot;WaFKKLs4G8hsLqI34w2b0w&quot;]</string>
    <long name="client_static_keypair_enc_success" value="27" />
    <boolean name="can_user_android_key_store" value="true" />
    <string name="client_static_keypair_enc">[0,&quot;H2JzQdtK7xi9uWyJl\/3HcRiEVckDTtqNckZ0xVObv8khAs0KFtlbVdYR1tnDVykw2\/T1w1wHhWw4bknKOx2HBUlQD60iyJFHk7twmZsudDo&quot;,&quot;CkqFUJhPD0Yz0e46&quot;]</string>
    <string name="server_static_public">M9brfa5ZRYf0eVsT7CQ+yBPOzEQO/eZ37RoA6DpvHFo</string>
</map>
