<?xml version='1.0' encoding='utf-8' standalone='yes' ?>
<map>
    <string name="client_static_keypair_pwd_enc">[2,&quot;xHHWJywamH+xtTkK9\/8ktFO4AAbLaZcIHZwi47vib15JlJVQH0xin\/kyp1Kl8i0xi+1iqTXFV9DODI8kIyfCbQ&quot;,&quot;oVCuSm2uZ+7rPRXUFlNaSw&quot;,&quot;9jTh7B&quot;,&quot;8c6T93Je7eii+3cnL0bNQg&quot;]</string>
    <long name="client_static_keypair_enc_success" value="999" />
    <boolean name="can_user_android_key_store" value="true" />
    <string name="client_static_keypair_enc">[0,&quot;E5QFUR6Ar\/QXfQjZmP5z5Rj3JOTY6SOhDz5iTMmEE9OQNHH8j8KKafPbwlOmSXLqEt6F6S4IX8M5k1olSL4y05VglO8IOKwYyLpVboQOEcg&quot;,&quot;sOdMvTVcwkj9YSQ+&quot;]</string>
    <string name="server_static_public">qJWvSttNopqgQ2CgXYTc4jmSUKWd1Rv2QTMbQyYpKwY</string>
</map>
