<?xml version='1.0' encoding='utf-8' standalone='yes' ?>
<map>
    <string name="client_static_keypair_pwd_enc">[2,&quot;C8Ca6GbgsMf8uNpYnpRKGGMZ0e2Qocz6V\/Uy4lwAZzycPHmqakNz2O5jKYhIClT0ZkOYNovnrnW5enmzuczBqg&quot;,&quot;Xg\/jc6VxTyP0kIjPaPGiAw&quot;,&quot;2fAH\/Q&quot;,&quot;KFmnE8zUzm3MikAtQw1pmA&quot;]</string>
    <long name="client_static_keypair_enc_success" value="43" />
    <boolean name="can_user_android_key_store" value="true" />
    <string name="client_static_keypair_enc">[0,&quot;cj1oOFSxBIz6ifjUr11otTKtLPtvMucKlb+Gg1aYrVPtDuuC\/yPDLBfxi4E1dOX\/oObuht1KZhrOVvSnZP1yOGoPsXcKpwTMJY42jSv6Eq8&quot;,&quot;q2L6K2Mz4Rq\/sqJQ&quot;]</string>
    <string name="server_static_public">qJWvSttNopqgQ2CgXYTc4jmSUKWd1Rv2QTMbQyYpKwY</string>
</map>
