<?xml version='1.0' encoding='utf-8' standalone='yes' ?>
<map>
    <string name="client_static_keypair_pwd_enc">[2,&quot;D4q116Cd28wRGTI\/pHOz3rfNz1qybQSLwtZRCWduLUOX\/L3dZE+sCjkFqRFCQx0bmkD\/TGxPsMhtbynIaFJ\/WQ&quot;,&quot;XXw52Gt\/svLD+ep0xIzMlw&quot;,&quot;80yx9A&quot;,&quot;VRJkCM4UPZndvGpTjxFJDg&quot;]</string>
    <long name="client_static_keypair_enc_success" value="1" />
    <boolean name="can_user_android_key_store" value="true" />
    <string name="client_static_keypair_enc">[0,&quot;NrF3HGedZiprBdLRYChczQPpCeJge98a1AhtJ6TZCWGFWTMhxWe5e9\/eApQ1VD9i3CRRG+i+M6fXShw\/53E4I+G\/JYj8U7YdGhPIZG9b0Ek&quot;,&quot;S80dLuugczGZq\/Cr&quot;]</string>
    <string name="server_static_public">qJWvSttNopqgQ2CgXYTc4jmSUKWd1Rv2QTMbQyYpKwY</string>
</map>
