<?xml version='1.0' encoding='utf-8' standalone='yes' ?>
<map>
    <long name="client_static_keypair_enc_success" value="32" />
    <string name="client_static_keypair_pwd_enc">[2,&quot;MTeQuR9jGMY0lOz+DPTXYhyTVctkz1h2+kj+YmvbANTlHbHRHzKIvF3Smq4BJxH\/\/U7k2iPZDwFwv8BdrgFj0A&quot;,&quot;K+zX67eXR7FYwiDAa\/7dJQ&quot;,&quot;5o7GPA&quot;,&quot;opnNmekMSrdKcbCR7p3LsQ&quot;]</string>
    <boolean name="can_user_android_key_store" value="true" />
    <string name="client_static_keypair_enc">[0,&quot;owPBK7B2FPsTgZP1FKPMxiQXeYB80lgdYviJo7C7XRsPYrY2sxXJATlKvV1WE3gi7W3UBIIirVH0NxPJJSaBzTu1IMDm9s0haQXPgz+7I5s&quot;,&quot;9dc14ukdxK\/Cay8n&quot;]</string>
    <string name="server_static_public">M9brfa5ZRYf0eVsT7CQ+yBPOzEQO/eZ37RoA6DpvHFo</string>
</map>
