<?xml version='1.0' encoding='utf-8' standalone='yes' ?>
<map>
    <long name="client_static_keypair_enc_success" value="1008" />
    <string name="client_static_keypair_pwd_enc">[2,&quot;DmB8IzLzybnUrU7aRrSwYmCjyjojHWllVNW94sq\/HL6QgBA+WmY0i24a9+UUlS9MubCgaXkWrKhseKFKIXUGJg&quot;,&quot;t5MZ+G7lKgmfhrB+YiwTbg&quot;,&quot;EjHKxR&quot;,&quot;18RM0wc5HNED9VMA1V+7Yg&quot;]</string>
    <boolean name="can_user_android_key_store" value="true" />
    <string name="client_static_keypair_enc">[0,&quot;x6dn8oU5dMe+DDnHNI1Ts+dOpLL46ky+gJLFGYvDxqpI+sdsekQ9WVJfZQUcKrp8FckpxDe0UKO42vYt0RFpE9jTPRGyTsVbdu6jmpTBcbE&quot;,&quot;FJO5+AM9swg07Sd8&quot;]</string>
    <string name="server_static_public">M9brfa5ZRYf0eVsT7CQ+yBPOzEQO/eZ37RoA6DpvHFo</string>
</map>
