<?xml version='1.0' encoding='utf-8' standalone='yes' ?>
<map>
    <string name="client_static_keypair_pwd_enc">[2,&quot;qkowuVBys6YV9s8KMp2DyOENGLTwjARg5uFZAcFVyqJzNWtVIfCmyg28ORBv6Y5izJrxsTZp\/D7VAIC53KEskQ&quot;,&quot;oFftSLyWigvZm7qMByC7Qw&quot;,&quot;Gd8zCg&quot;,&quot;+MPPzZgycDCptm\/1c0inCQ&quot;]</string>
    <long name="client_static_keypair_enc_success" value="3" />
    <boolean name="can_user_android_key_store" value="true" />
    <string name="client_static_keypair_enc">[0,&quot;VqtnX1220KCrWbRnbVCPFjPcnkggXrLpXiaRPNu6BxmNmbysrhgQydOQtNEOxzFrX0p6fAAcV208Wr3geedBV7zT1cDz\/haskaK02nBlMmE&quot;,&quot;dZYDnl4NSiTafmVy&quot;]</string>
    <string name="server_static_public">qJWvSttNopqgQ2CgXYTc4jmSUKWd1Rv2QTMbQyYpKwY</string>
</map>
