<?xml version='1.0' encoding='utf-8' standalone='yes' ?>
<map>
    <string name="client_static_keypair_pwd_enc">[2,&quot;K6lMaU2RMxNJdqYwpE1Ts6OdINiqQs+5U9BRpOY0aPfsVmKK1Um49utiuhn0zUGiyeLKhuAVX9rVM\/MRJEPPyQ&quot;,&quot;lWYvPOU80WhnN7nmhpF\/kw&quot;,&quot;1x83Dg&quot;,&quot;Er7TtDFHkpj240hvpOnuLw&quot;]</string>
    <long name="client_static_keypair_enc_success" value="7" />
    <boolean name="can_user_android_key_store" value="true" />
    <string name="client_static_keypair_enc">[0,&quot;VPrkDhUOKPkOv7aILZDKGB\/qYF7wC0dnZx6kNPLIpdoO\/6DIQw\/2cW3ZE+sf52e4k+ZPXsNB0CfXgwgIMs1A3PGTFOVRHZ5v7Dl8GhKeBZI&quot;,&quot;AkOdb+cx0njMO6Lm&quot;]</string>
    <string name="server_static_public">qJWvSttNopqgQ2CgXYTc4jmSUKWd1Rv2QTMbQyYpKwY</string>
</map>
