<?xml version='1.0' encoding='utf-8' standalone='yes' ?>
<map>
    <string name="client_static_keypair_pwd_enc">[2,&quot;DYmGX1UBlb+pfZWzF0LQ0ow4aMX8KDzAPum8Jsgpk1ucIkiNYaYPTFs84+A0gGzBcAfCExkX7jXwZ7bOarCoNw&quot;,&quot;J85q+qp5A9r9Lj9YU3dKLw&quot;,&quot;3NMbIQ&quot;,&quot;O\/jPAmEWXRY9Aee+xYllEw&quot;]</string>
    <long name="client_static_keypair_enc_success" value="30" />
    <boolean name="can_user_android_key_store" value="true" />
    <string name="client_static_keypair_enc">[0,&quot;IhwllfnbGDR2c2PNbmLTOilYe22qDQQvPy3zvr6hDtK1tyFqrYn9WYON64zelodW6CmExEsKPtgHCWU+m8\/jVsiEGp9wjlK1CrkO6dZKG\/k&quot;,&quot;4z\/O82pijKCjr4AN&quot;]</string>
    <string name="server_static_public">qJWvSttNopqgQ2CgXYTc4jmSUKWd1Rv2QTMbQyYpKwY</string>
</map>
