<?xml version='1.0' encoding='utf-8' standalone='yes' ?>
<map>
    <string name="server_static_public">qJWvSttNopqgQ2CgXYTc4jmSUKWd1Rv2QTMbQyYpKwY</string>
    <long name="client_static_keypair_enc_success" value="2" />
    <string name="client_static_keypair_enc">[0,&quot;9pgOa+DiHcXIrcb0XGiDqdTER1RpLSTq8RyyPQWQTSAwHFYbAcewZCkKz3GoNEZdYV4W68Wgoek0vsuccq\/ozaEsrx6pW1Jgunj4RY2r1TY&quot;,&quot;xwBSx3qt26+BI6lu&quot;]</string>
    <string name="client_static_keypair_pwd_enc">[2,&quot;\/FP7NQ9LGbF7Vsuoree9MdIRspsDfeAEtBvssoAJAW6mmi5Flr5yiDKWzKQBf\/d6az71sCowdcyLQJhTDHBKpA&quot;,&quot;268Kz1QPf5fxC1kDfvH+rg&quot;,&quot;LtZZYg&quot;,&quot;ypCOCOfsx9pnAKsik6XlAw&quot;]</string>
    <boolean name="can_user_android_key_store" value="true" />
</map>
