<?xml version='1.0' encoding='utf-8' standalone='yes' ?>
<map>
    <string name="client_static_keypair_pwd_enc">[2,&quot;NurfdW+UuYwXgqXTZGmKa5XgNMqG5xK3RjPAVwptlLMv8\/h1Qig5zeqYlMB4cwZJRI4P+evstocyx+h8mdqr7g&quot;,&quot;Mkyfi9ZwLyNWyGOyaIvuTg&quot;,&quot;oVx6JQ&quot;,&quot;hoW3OYJPKyML4Ky4fOx5xA&quot;]</string>
    <long name="client_static_keypair_enc_success" value="44" />
    <boolean name="can_user_android_key_store" value="true" />
    <string name="client_static_keypair_enc">[0,&quot;Y0J8HYmNQG2m5tWkIU4M+3fBqIj5PY1jv+BXsimOp13\/pW4ELEeFwSgFRdZ9AS+Hy\/Kx\/enve9gk6QCGM1HWJCBzBXWDh\/MAnOSNRGfEjKU&quot;,&quot;T5kaOh3VDh9d\/3wq&quot;]</string>
    <string name="server_static_public">qJWvSttNopqgQ2CgXYTc4jmSUKWd1Rv2QTMbQyYpKwY</string>
</map>
