<?xml version='1.0' encoding='utf-8' standalone='yes' ?>
<map>
    <string name="client_static_keypair_pwd_enc">[2,&quot;+YKSKoPTbLwO\/oP3WWfefcqmyFyfOEG6Qj7OoUzuDf+G9cI4eWf2N41SkZ2b3CWlHMrWi8d5NMELo5r9QDHEIw&quot;,&quot;wggyb21eQf5rtbc5L48B9A&quot;,&quot;Buje4w&quot;,&quot;9Q5z4Ekq06nRDpSaBnw+aQ&quot;]</string>
    <long name="client_static_keypair_enc_success" value="958" />
    <boolean name="can_user_android_key_store" value="true" />
    <string name="client_static_keypair_enc">[0,&quot;V7HCA+F8S6eawwumumhWIDlDnmHbPOCl\/9MQeAq3olNA10XzASw6JGoyxywBvRN5bSmYDMnn1sP75Rn26fLD4LJmkfCBkZKWGlhy5W0+HS8&quot;,&quot;QxkAYv6iiIIxeqQM&quot;]</string>
    <string name="server_static_public">M9brfa5ZRYf0eVsT7CQ+yBPOzEQO/eZ37RoA6DpvHFo</string>
</map>
