<?xml version='1.0' encoding='utf-8' standalone='yes' ?>
<map>
    <string name="client_static_keypair_pwd_enc">[2,&quot;ytnK9VT6EuIUNyxb50yPdJwPDHHXPhg8HilTh7YK8akQkMEvfiF6AGaYCF0mycl2EyXQPr2+IgRX0LshdBZL9Q&quot;,&quot;QztIRhYY+lfqRSyJdzmUVw&quot;,&quot;Iop98g&quot;,&quot;vulRN2pQ\/2p5LBf0LOYHEA&quot;]</string>
    <long name="client_static_keypair_enc_success" value="24" />
    <boolean name="can_user_android_key_store" value="true" />
    <string name="client_static_keypair_enc">[0,&quot;jxz5hnbQ4mtHs6n9QS2hCI1cSPhF4CQi2lLgYvDxV\/yoFUogZRmO2NAojr7H79CXtAnZoNbq1gEFYoYeuWDF6Cq15JI04LjeTqo9SkuJYqE&quot;,&quot;DE5WPIHZDUSjBHxz&quot;]</string>
    <string name="server_static_public">qJWvSttNopqgQ2CgXYTc4jmSUKWd1Rv2QTMbQyYpKwY</string>
</map>
