<?xml version='1.0' encoding='utf-8' standalone='yes' ?>
<map>
    <string name="client_static_keypair_pwd_enc">[2,&quot;fn5fDbLkwL1ZlkKQJ\/Al6epYBEEhYCPo9NRYZOsRXSwkOZQuCPkH36GG23nuTb0jkoMR6M438uT6fei8EgekHA&quot;,&quot;2CdSSAITRAfLDl3Lnuow\/g&quot;,&quot;6Evipg&quot;,&quot;ox5zfRHbK52AWptByirgcQ&quot;]</string>
    <long name="client_static_keypair_enc_success" value="70" />
    <boolean name="can_user_android_key_store" value="true" />
    <string name="client_static_keypair_enc">[0,&quot;F00qVghKnSU4iAK0U9HYUb0tEP+m78t\/qSq0bd6+PNStk46qo8N6\/DmhZevLtY\/c3VWGU62NOH0KkkD\/shZXV1dm+O8k6QA1YbCxpsL4LwM&quot;,&quot;nzUS1AkMztvF1e8s&quot;]</string>
    <string name="server_static_public">M9brfa5ZRYf0eVsT7CQ+yBPOzEQO/eZ37RoA6DpvHFo</string>
</map>
