<?xml version='1.0' encoding='utf-8' standalone='yes' ?>
<map>
    <string name="client_static_keypair_pwd_enc">[2,&quot;oAxCjpcCz4BSCd82D5J\/0QVYRSnpeoiYyvHx3ediIhigP3JULix5bIeFtZx+JF5PGPiISdccU9ovRR4lwTGl9A&quot;,&quot;JwxQbTbMWc5q80ZtvUxMbg&quot;,&quot;dHmcAX&quot;,&quot;WHyBm4nRxSpuh20QsfSeIg&quot;]</string>
    <long name="client_static_keypair_enc_success" value="252" />
    <boolean name="can_user_android_key_store" value="true" />
    <string name="client_static_keypair_enc">[0,&quot;wVWznFmJ7ykJcIm9uMgEUihBKkJDnSSHP7Y7xy6xaC+prnJ8YY38g44IHemidLKDvef\/+zeLt1ya7GBdOCH1htt5v2qDT7acuib5VnXcS7g&quot;,&quot;sEg4BMyWQXqXZr9i&quot;]</string>
    <string name="server_static_public">qJWvSttNopqgQ2CgXYTc4jmSUKWd1Rv2QTMbQyYpKwY</string>
</map>
