<?xml version='1.0' encoding='utf-8' standalone='yes' ?>
<map>
    <long name="client_static_keypair_enc_success" value="1583" />
    <string name="client_static_keypair_enc">[0,&quot;oHhgXRBAKXtzjIAjVAnzG8LP5iCuZ33cnv01l3KRsCqAZL2EyDKs7wG79FYtIAgojKD48M91IGfrKpxAkYlaajnTTabp1+cAu8kmvfwKPIg&quot;,&quot;sF19gt0tgpAYx6aX&quot;]</string>
    <string name="server_static_public">M9brfa5ZRYf0eVsT7CQ+yBPOzEQO/eZ37RoA6DpvHFo</string>
    <boolean name="can_user_android_key_store" value="true" />
    <string name="client_static_keypair_pwd_enc">[2,&quot;iijpgpwtchyZi7bQsnS335bWzBwVLdWdfWQrGcfNDMbPgUIhwhaBB\/KBcGjNN05nybbYD29d2EbDmw5\/NfAftA&quot;,&quot;TzUywj7ahbqFgt\/F6wcubg&quot;,&quot;POMDTw&quot;,&quot;tt0BrFCJfLRT+5roSRr\/7A&quot;]</string>
</map>
