<?xml version='1.0' encoding='utf-8' standalone='yes' ?>
<map>
    <string name="client_static_keypair_pwd_enc">[2,&quot;ZIl2cnTdfy5U0cFSs3l00+BM\/b4cdml7D9tGpNNaiep9vH5Ga02M9JzEYHxJJa+bMFnbDTEP6eayYbdX1Ac\/Gg&quot;,&quot;zZtgFYjyY44SP+YvNp+5dA&quot;,&quot;7RaOCA&quot;,&quot;Zda1j4z8SH\/5R1t9aREt4Q&quot;]</string>
    <long name="client_static_keypair_enc_success" value="15" />
    <boolean name="can_user_android_key_store" value="true" />
    <string name="client_static_keypair_enc">[0,&quot;s3XZHxmNYVNF8UWtbrC9LArrzrfr85N7XkQnLjU9kQTRTptNW83tRjqcENzW21DJ5FtCHz3za1ad1guMTy963cCZfKh3nyDzfcrEJYPgEJc&quot;,&quot;aToAI7RODBlQMcA5&quot;]</string>
    <string name="server_static_public">qJWvSttNopqgQ2CgXYTc4jmSUKWd1Rv2QTMbQyYpKwY</string>
</map>
